<?xml version="1.0" encoding="US-ASCII"?>
<document xmlns:lxslt="http://xml.apache.org/xslt">
<properties><title>Commit Log (Page 2 of 3)</title></properties>
<head>
    <meta http-equiv="Content-Type" content="text/html; charset=ISO-8859-1"/>
    <meta name="Generator" content="StatCVS 0.2.4"/>
    <link rel="stylesheet" href="objectlab-statcvs-xdoc.css" type="text/css"/>
  </head>

<body><section name="Commit Log (Page 2 of 3)">
<p><a href="index.html">back to main page</a></p>
<p>Pages: <a href="commit_log.html">&#171; Previous</a> <a href="commit_log.html">1</a> 2 <a href="commit_log_page_3.html">3</a> <a href="commit_log_page_3.html">Next &#187;</a> </p>
<p class="summaryperiod">
  Summary Period:
  <span class="date">2006-04-17</span> to
  <span class="date">2006-03-09</span>  (Commits 41-90 of 140)
</p>
<dl class="commitlist">
  <dt>
    <a href="user_jkealey.html" class="author">jkealey</a>
    <span class="date">2006-04-17 02:44</span>
  </dt>
  <dd>
    <p class="comment">
fixed existing tests that were broken; patched some code, removed some irrelevant tests.
    </p>
    <p class="commitdetails"><strong>55</strong> lines of code changed in:</p>
    <ul class="commitdetails">
      <li>
        <strong>tests-src/net/sf/statcvs/input</strong>:
        <a href="http://svn.sourceforge.net/viewvc/statsvn/trunk/statsvn/tests-src/net/sf/statcvs/input/BuilderTest.java?rev=115&amp;content-type=text/vnd.viewcvs-markup" class="webrepository">BuilderTest.java</a>&#160;<span class="change">(+1)</span>,
        <a href="http://svn.sourceforge.net/viewvc/statsvn/trunk/statsvn/tests-src/net/sf/statcvs/input/FileBuilderTest.java?rev=115&amp;content-type=text/vnd.viewcvs-markup" class="webrepository">FileBuilderTest.java</a>&#160;<span class="change">(+23&#160;-20)</span>,
        <a href="http://svn.sourceforge.net/viewvc/statsvn/trunk/statsvn/tests-src/net/sf/statcvs/input/LinesOfCodeTest.java?rev=115&amp;content-type=text/vnd.viewcvs-markup" class="webrepository">LinesOfCodeTest.java</a>&#160;<span class="change">(+31&#160;-28)</span>
      </li>
    </ul>
  </dd>

  <dt>
    <a href="user_jkealey.html" class="author">jkealey</a>
    <span class="date">2006-04-14 00:58</span>
  </dt>
  <dd>
    <p class="comment">
bug 18: handling of new IOException during diff instead of causing application to stop (to handle server DoS protection gracefully, as we did previously)
    </p>
    <p class="commitdetails"><strong>4</strong> lines of code changed in:</p>
    <ul class="commitdetails">
      <li>
        <strong>src/net/sf/statcvs/input</strong>:
        <a href="http://svn.sourceforge.net/viewvc/statsvn/trunk/statsvn/src/net/sf/statcvs/input/SvnLogfileParser.java?rev=111&amp;content-type=text/vnd.viewcvs-markup" class="webrepository">SvnLogfileParser.java</a>&#160;<span class="change">(+4&#160;-1)</span>
      </li>
    </ul>
  </dd>

  <dt>
    <a href="user_jkealey.html" class="author">jkealey</a>
    <span class="date">2006-04-13 22:30</span>
  </dt>
  <dd>
    <p class="comment">
bug 18: propget on deleted binary files now works, even if it is not used.<br/>
Now throwing error when message is in standard out AND error stream. Previous tests had shown the error was on the error stream, but now it is shown on the standard out. 
    </p>
    <p class="commitdetails"><strong>21</strong> lines of code changed in:</p>
    <ul class="commitdetails">
      <li>
        <strong>src/net/sf/statcvs/util</strong>:
        <a href="http://svn.sourceforge.net/viewvc/statsvn/trunk/statsvn/src/net/sf/statcvs/util/SvnDiffUtils.java?rev=107&amp;content-type=text/vnd.viewcvs-markup" class="webrepository">SvnDiffUtils.java</a>&#160;<span class="change">(+14&#160;-8)</span>,
        <a href="http://svn.sourceforge.net/viewvc/statsvn/trunk/statsvn/src/net/sf/statcvs/util/SvnPropgetUtils.java?rev=107&amp;content-type=text/vnd.viewcvs-markup" class="webrepository">SvnPropgetUtils.java</a>&#160;<span class="change">(+7&#160;-9)</span>
      </li>
    </ul>
  </dd>

  <dt>
    <a href="user_gunterm.html" class="author">gunterm</a>
    <span class="date">2006-04-13 13:24</span>
  </dt>
  <dd>
    <p class="comment">
bug 18 - cached info is now taken into account when attempting to diff revisions
    </p>
    <p class="commitdetails"><strong>54</strong> lines of code changed in:</p>
    <ul class="commitdetails">
      <li>
        <strong>src/net/sf/statcvs/input</strong>:
        <a href="http://svn.sourceforge.net/viewvc/statsvn/trunk/statsvn/src/net/sf/statcvs/input/CacheBuilder.java?rev=97&amp;content-type=text/vnd.viewcvs-markup" class="webrepository">CacheBuilder.java</a>&#160;<span class="change">(+46&#160;-12)</span>,
        <a href="http://svn.sourceforge.net/viewvc/statsvn/trunk/statsvn/src/net/sf/statcvs/input/SvnLogfileParser.java?rev=97&amp;content-type=text/vnd.viewcvs-markup" class="webrepository">SvnLogfileParser.java</a>&#160;<span class="change">(+8&#160;-7)</span>
      </li>
    </ul>
  </dd>

  <dt>
    <a href="user_jkealey.html" class="author">jkealey</a>
    <span class="date">2006-04-13 00:09</span>
  </dt>
  <dd>
    <p class="comment">
Bug 14: now including copyfrom-path and copyfrom-rev in our RevisionData ... in case we ever want to use it. 
    </p>
    <p class="commitdetails"><strong>30</strong> lines of code changed in:</p>
    <ul class="commitdetails">
      <li>
        <strong>src/net/sf/statcvs/input</strong>:
        <a href="http://svn.sourceforge.net/viewvc/statsvn/trunk/statsvn/src/net/sf/statcvs/input/RevisionData.java?rev=96&amp;content-type=text/vnd.viewcvs-markup" class="webrepository">RevisionData.java</a>&#160;<span class="change">(+19&#160;-1)</span>,
        <a href="http://svn.sourceforge.net/viewvc/statsvn/trunk/statsvn/src/net/sf/statcvs/input/SvnXmlLogFileHandler.java?rev=96&amp;content-type=text/vnd.viewcvs-markup" class="webrepository">SvnXmlLogFileHandler.java</a>&#160;<span class="change">(+11)</span>
      </li>
    </ul>
  </dd>

  <dt>
    <a href="user_jkealey.html" class="author">jkealey</a>
    <span class="date">2006-04-12 23:29</span>
  </dt>
  <dd>
    <p class="comment">
bug 31: removed useless import
    </p>
    <p class="commitdetails"><strong>0</strong> lines of code changed in:</p>
    <ul class="commitdetails">
      <li>
        <strong>src/net/sf/statcvs/util</strong>:
        <a href="http://svn.sourceforge.net/viewvc/statsvn/trunk/statsvn/src/net/sf/statcvs/util/SvnStartupUtils.java?rev=95&amp;content-type=text/vnd.viewcvs-markup" class="webrepository">SvnStartupUtils.java</a>&#160;<span class="change">(-1)</span>
      </li>
    </ul>
  </dd>

  <dt>
    <a href="user_jkealey.html" class="author">jkealey</a>
    <span class="date">2006-04-12 23:28</span>
  </dt>
  <dd>
    <p class="comment">
bug 18: fixed issue with calling getCurrentLine() instead of nextline().<br/>
tested: when network fails, bubbles up an IOException such as "svn: can't write to connection: An existing connection was forcibly closed by the remote host". <br/>
needs to be tested on server that prevents DoS, but the IOException needs to be handled to try and continue and persist any information that was acquired
    </p>
    <p class="commitdetails"><strong>1</strong> lines of code changed in:</p>
    <ul class="commitdetails">
      <li>
        <strong>src/net/sf/statcvs/util</strong>:
        <a href="http://svn.sourceforge.net/viewvc/statsvn/trunk/statsvn/src/net/sf/statcvs/util/ProcessUtils.java?rev=94&amp;content-type=text/vnd.viewcvs-markup" class="webrepository">ProcessUtils.java</a>&#160;<span class="change">(+1&#160;-1)</span>
      </li>
    </ul>
  </dd>

  <dt>
    <a href="user_jkealey.html" class="author">jkealey</a>
    <span class="date">2006-04-12 22:44</span>
  </dt>
  <dd>
    <p class="comment">
bug 31: had forgotten a process creation
    </p>
    <p class="commitdetails"><strong>8</strong> lines of code changed in:</p>
    <ul class="commitdetails">
      <li>
        <strong>src/net/sf/statcvs/util</strong>:
        <a href="http://svn.sourceforge.net/viewvc/statsvn/trunk/statsvn/src/net/sf/statcvs/util/SvnStartupUtils.java?rev=93&amp;content-type=text/vnd.viewcvs-markup" class="webrepository">SvnStartupUtils.java</a>&#160;<span class="change">(+8&#160;-2)</span>
      </li>
    </ul>
  </dd>

  <dt>
    <a href="user_gunterm.html" class="author">gunterm</a>
    <span class="date">2006-04-12 22:13</span>
  </dt>
  <dd>
    <p class="comment">
Bug 18 - updated the cache xml file to include binary status; still need to use this information before using svn diff
    </p>
    <p class="commitdetails"><strong>182</strong> lines of code changed in:</p>
    <ul class="commitdetails">
      <li>
        <strong>src/net/sf/statcvs/input</strong>:
        <a href="http://svn.sourceforge.net/viewvc/statsvn/trunk/statsvn/src/net/sf/statcvs/input/CacheBuilder.java?rev=92&amp;content-type=text/vnd.viewcvs-markup" class="webrepository">CacheBuilder.java</a>&#160;<span class="change">(+118&#160;-27)</span>,
        <a href="http://svn.sourceforge.net/viewvc/statsvn/trunk/statsvn/src/net/sf/statcvs/input/CacheConfiguration.java?rev=92&amp;content-type=text/vnd.viewcvs-markup" class="webrepository">CacheConfiguration.java</a>&#160;<span class="new">(new)</span>,
        <a href="http://svn.sourceforge.net/viewvc/statsvn/trunk/statsvn/src/net/sf/statcvs/input/RepositoryFileManager.java?rev=92&amp;content-type=text/vnd.viewcvs-markup" class="webrepository">RepositoryFileManager.java</a>&#160;<span class="change">(+10)</span>,
        <a href="http://svn.sourceforge.net/viewvc/statsvn/trunk/statsvn/src/net/sf/statcvs/input/SvnLogfileParser.java?rev=92&amp;content-type=text/vnd.viewcvs-markup" class="webrepository">SvnLogfileParser.java</a>&#160;<span class="change">(+16&#160;-14)</span>,
        <a href="http://svn.sourceforge.net/viewvc/statsvn/trunk/statsvn/src/net/sf/statcvs/input/SvnXmlCacheFileHandler.java?rev=92&amp;content-type=text/vnd.viewcvs-markup" class="webrepository">SvnXmlCacheFileHandler.java</a>&#160;<span class="change">(+38&#160;-38)</span>
      </li>
    </ul>
  </dd>

  <dt>
    <a href="user_gunterm.html" class="author">gunterm</a>
    <span class="date">2006-04-12 16:28</span>
  </dt>
  <dd>
    <p class="comment">
updated ant task to include cache directory
    </p>
    <p class="commitdetails"><strong>11</strong> lines of code changed in:</p>
    <ul class="commitdetails">
      <li>
        <strong>src/net/sf/statcvs/ant</strong>:
        <a href="http://svn.sourceforge.net/viewvc/statsvn/trunk/statsvn/src/net/sf/statcvs/ant/StatCvsTask.java?rev=91&amp;content-type=text/vnd.viewcvs-markup" class="webrepository">StatCvsTask.java</a>&#160;<span class="change">(+11)</span>
      </li>
    </ul>
  </dd>

  <dt>
    <a href="user_jkealey.html" class="author">jkealey</a>
    <span class="date">2006-04-11 22:05</span>
  </dt>
  <dd>
    <p class="comment">
bug 31: centralize how we execute other processes.<br/>
bug 18: helping persistence of binary status by bubbling up BinaryDiffException
    </p>
    <p class="commitdetails"><strong>394</strong> lines of code changed in:</p>
    <ul class="commitdetails">
      <li>
        <strong>src/net/sf/statcvs/input</strong>:
        <a href="http://svn.sourceforge.net/viewvc/statsvn/trunk/statsvn/src/net/sf/statcvs/input/RepositoryFileManager.java?rev=90&amp;content-type=text/vnd.viewcvs-markup" class="webrepository">RepositoryFileManager.java</a>&#160;<span class="change">(+236&#160;-214)</span>,
        <a href="http://svn.sourceforge.net/viewvc/statsvn/trunk/statsvn/src/net/sf/statcvs/input/SvnLogfileParser.java?rev=90&amp;content-type=text/vnd.viewcvs-markup" class="webrepository">SvnLogfileParser.java</a>&#160;<span class="change">(+16&#160;-9)</span>
      </li>
      <li>
        <strong>src/net/sf/statcvs/util</strong>:
        <a href="http://svn.sourceforge.net/viewvc/statsvn/trunk/statsvn/src/net/sf/statcvs/util/BinaryDiffException.java?rev=90&amp;content-type=text/vnd.viewcvs-markup" class="webrepository">BinaryDiffException.java</a>&#160;<span class="new">(new)</span>,
        <a href="http://svn.sourceforge.net/viewvc/statsvn/trunk/statsvn/src/net/sf/statcvs/util/ProcessUtils.java?rev=90&amp;content-type=text/vnd.viewcvs-markup" class="webrepository">ProcessUtils.java</a>&#160;<span class="new">(new&#160;10)</span>,
        <a href="http://svn.sourceforge.net/viewvc/statsvn/trunk/statsvn/src/net/sf/statcvs/util/SvnDiffUtils.java?rev=90&amp;content-type=text/vnd.viewcvs-markup" class="webrepository">SvnDiffUtils.java</a>&#160;<span class="change">(+107&#160;-93)</span>,
        <a href="http://svn.sourceforge.net/viewvc/statsvn/trunk/statsvn/src/net/sf/statcvs/util/SvnInfoUtils.java?rev=90&amp;content-type=text/vnd.viewcvs-markup" class="webrepository">SvnInfoUtils.java</a>&#160;<span class="change">(+7&#160;-7)</span>,
        <a href="http://svn.sourceforge.net/viewvc/statsvn/trunk/statsvn/src/net/sf/statcvs/util/SvnPropgetUtils.java?rev=90&amp;content-type=text/vnd.viewcvs-markup" class="webrepository">SvnPropgetUtils.java</a>&#160;<span class="change">(+9&#160;-8)</span>,
        <a href="http://svn.sourceforge.net/viewvc/statsvn/trunk/statsvn/src/net/sf/statcvs/util/SvnStartupUtils.java?rev=90&amp;content-type=text/vnd.viewcvs-markup" class="webrepository">SvnStartupUtils.java</a>&#160;<span class="change">(+9)</span>
      </li>
    </ul>
  </dd>

  <dt>
    <a href="user_gunterm.html" class="author">gunterm</a>
    <span class="date">2006-04-11 21:28</span>
  </dt>
  <dd>
    <p class="comment">
renaming line counts to cache &amp; persisting binary status in cache (initial implemetation only)
    </p>
    <p class="commitdetails"><strong>70</strong> lines of code changed in:</p>
    <ul class="commitdetails">
      <li>
        <strong>src/net/sf/statcvs/input</strong>:
        <a href="http://svn.sourceforge.net/viewvc/statsvn/trunk/statsvn/src/net/sf/statcvs/input/CacheBuilder.java?rev=89&amp;content-type=text/vnd.viewcvs-markup" class="webrepository">CacheBuilder.java</a>&#160;<span class="new">(new&#160;27)</span>,
        <a href="http://svn.sourceforge.net/viewvc/statsvn/trunk/statsvn/src/net/sf/statcvs/input/LineCountsBuilder.java?rev=68&amp;content-type=text/vnd.viewcvs-markup" class="webrepository">LineCountsBuilder.java</a>&#160;<span class="del">(del)</span>,
        <a href="http://svn.sourceforge.net/viewvc/statsvn/trunk/statsvn/src/net/sf/statcvs/input/RepositoriesBuilder.java?rev=89&amp;content-type=text/vnd.viewcvs-markup" class="webrepository">RepositoriesBuilder.java</a>&#160;<span class="change">(+3&#160;-1)</span>,
        <a href="http://svn.sourceforge.net/viewvc/statsvn/trunk/statsvn/src/net/sf/statcvs/input/SvnLogfileParser.java?rev=89&amp;content-type=text/vnd.viewcvs-markup" class="webrepository">SvnLogfileParser.java</a>&#160;<span class="change">(+2&#160;-2)</span>,
        <a href="http://svn.sourceforge.net/viewvc/statsvn/trunk/statsvn/src/net/sf/statcvs/input/SvnXmlCacheFileHandler.java?rev=89&amp;content-type=text/vnd.viewcvs-markup" class="webrepository">SvnXmlCacheFileHandler.java</a>&#160;<span class="new">(new&#160;38)</span>,
        <a href="http://svn.sourceforge.net/viewvc/statsvn/trunk/statsvn/src/net/sf/statcvs/input/SvnXmlLineCountsFileHandler.java?rev=58&amp;content-type=text/vnd.viewcvs-markup" class="webrepository">SvnXmlLineCountsFileHandler.java</a>&#160;<span class="del">(del)</span>
      </li>
    </ul>
  </dd>

  <dt>
    <a href="user_jkealey.html" class="author">jkealey</a>
    <span class="date">2006-04-10 17:07</span>
  </dt>
  <dd>
    <p class="comment">
removed useless import
    </p>
    <p class="commitdetails"><strong>0</strong> lines of code changed in:</p>
    <ul class="commitdetails">
      <li>
        <strong>src/net/sf/statcvs/output</strong>:
        <a href="http://svn.sourceforge.net/viewvc/statsvn/trunk/statsvn/src/net/sf/statcvs/output/CommandLineParser.java?rev=88&amp;content-type=text/vnd.viewcvs-markup" class="webrepository">CommandLineParser.java</a>&#160;<span class="change">(-2)</span>
      </li>
    </ul>
  </dd>

  <dt>
    <a href="user_jkealey.html" class="author">jkealey</a>
    <span class="date">2006-04-10 16:59</span>
  </dt>
  <dd>
    <p class="comment">
renamed viewcvs to viewvc everywhere except Ant task.
    </p>
    <p class="commitdetails"><strong>54</strong> lines of code changed in:</p>
    <ul class="commitdetails">
      <li>
        <strong>src/net/sf/statcvs</strong>:
        <a href="http://svn.sourceforge.net/viewvc/statsvn/trunk/statsvn/src/net/sf/statcvs/Main.java?rev=87&amp;content-type=text/vnd.viewcvs-markup" class="webrepository">Main.java</a>&#160;<span class="change">(+1&#160;-1)</span>
      </li>
      <li>
        <strong>src/net/sf/statcvs/ant</strong>:
        <a href="http://svn.sourceforge.net/viewvc/statsvn/trunk/statsvn/src/net/sf/statcvs/ant/StatCvsTask.java?rev=87&amp;content-type=text/vnd.viewcvs-markup" class="webrepository">StatCvsTask.java</a>&#160;<span class="change">(+1&#160;-1)</span>
      </li>
      <li>
        <strong>src/net/sf/statcvs/output</strong>:
        <a href="http://svn.sourceforge.net/viewvc/statsvn/trunk/statsvn/src/net/sf/statcvs/output/CommandLineParser.java?rev=87&amp;content-type=text/vnd.viewcvs-markup" class="webrepository">CommandLineParser.java</a>&#160;<span class="change">(+3&#160;-3)</span>,
        <a href="http://svn.sourceforge.net/viewvc/statsvn/trunk/statsvn/src/net/sf/statcvs/output/ConfigurationOptions.java?rev=87&amp;content-type=text/vnd.viewcvs-markup" class="webrepository">ConfigurationOptions.java</a>&#160;<span class="change">(+6&#160;-6)</span>,
        <a href="http://svn.sourceforge.net/viewvc/statsvn/trunk/statsvn/src/net/sf/statcvs/output/ViewCvsIntegration.java?rev=54&amp;content-type=text/vnd.viewcvs-markup" class="webrepository">ViewCvsIntegration.java</a>&#160;<span class="del">(del)</span>,
        <a href="http://svn.sourceforge.net/viewvc/statsvn/trunk/statsvn/src/net/sf/statcvs/output/ViewVcIntegration.java?rev=87&amp;content-type=text/vnd.viewcvs-markup" class="webrepository">ViewVcIntegration.java</a>&#160;<span class="new">(new&#160;8)</span>,
        <a href="http://svn.sourceforge.net/viewvc/statsvn/trunk/statsvn/src/net/sf/statcvs/output/WebRepositoryIntegration.java?rev=87&amp;content-type=text/vnd.viewcvs-markup" class="webrepository">WebRepositoryIntegration.java</a>&#160;<span class="change">(+2&#160;-2)</span>
      </li>
      <li>
        <strong>tests-src/net/sf/statcvs/output</strong>:
        <a href="http://svn.sourceforge.net/viewvc/statsvn/trunk/statsvn/tests-src/net/sf/statcvs/output/WebRepositoryIntegrationTest.java?rev=87&amp;content-type=text/vnd.viewcvs-markup" class="webrepository">WebRepositoryIntegrationTest.java</a>&#160;<span class="change">(+33&#160;-34)</span>
      </li>
    </ul>
  </dd>

  <dt>
    <a href="user_jkealey.html" class="author">jkealey</a>
    <span class="date">2006-04-04 20:23</span>
  </dt>
  <dd>
    <p class="comment">
forgot logfile.
    </p>
    <p class="commitdetails"><strong>0</strong> lines of code changed in:</p>
    <ul class="commitdetails">
      <li>
        <strong>tests-src/net/sf/statcvs/input/samplefiles</strong>:
        <a href="http://svn.sourceforge.net/viewvc/statsvn/trunk/statsvn/tests-src/net/sf/statcvs/input/samplefiles/seg.jUCMNav.log?rev=86&amp;content-type=text/vnd.viewcvs-markup" class="webrepository">seg.jUCMNav.log</a>&#160;<span class="new">(new)</span>
      </li>
    </ul>
  </dd>

  <dt>
    <a href="user_jkealey.html" class="author">jkealey</a>
    <span class="date">2006-04-04 20:18</span>
  </dt>
  <dd>
    <p class="comment">
bug 12: some work towards re-integrating input layer level tests<br/>
wrote a fixture that helps run statsvn without having to connect to the server, using files. 
    </p>
    <p class="commitdetails"><strong>785</strong> lines of code changed in:</p>
    <ul class="commitdetails">
      <li>
        <strong>src/net/sf/statcvs</strong>:
        <a href="http://svn.sourceforge.net/viewvc/statsvn/trunk/statsvn/src/net/sf/statcvs/Main.java?rev=84&amp;content-type=text/vnd.viewcvs-markup" class="webrepository">Main.java</a>&#160;<span class="change">(+26&#160;-25)</span>
      </li>
      <li>
        <strong>src/net/sf/statcvs/input</strong>:
        <a href="http://svn.sourceforge.net/viewvc/statsvn/trunk/statsvn/src/net/sf/statcvs/input/RepositoryFileManager.java?rev=84&amp;content-type=text/vnd.viewcvs-markup" class="webrepository">RepositoryFileManager.java</a>&#160;<span class="change">(+3&#160;-3)</span>
      </li>
      <li>
        <strong>src/net/sf/statcvs/util</strong>:
        <a href="http://svn.sourceforge.net/viewvc/statsvn/trunk/statsvn/src/net/sf/statcvs/util/SvnInfoUtils.java?rev=84&amp;content-type=text/vnd.viewcvs-markup" class="webrepository">SvnInfoUtils.java</a>&#160;<span class="change">(+424&#160;-391)</span>,
        <a href="http://svn.sourceforge.net/viewvc/statsvn/trunk/statsvn/src/net/sf/statcvs/util/SvnPropgetUtils.java?rev=84&amp;content-type=text/vnd.viewcvs-markup" class="webrepository">SvnPropgetUtils.java</a>&#160;<span class="change">(+130&#160;-113)</span>
      </li>
      <li>
        <strong>tests-src/net/sf/statcvs/input</strong>:
        <a href="http://svn.sourceforge.net/viewvc/statsvn/trunk/statsvn/tests-src/net/sf/statcvs/input/AllTests.java?rev=84&amp;content-type=text/vnd.viewcvs-markup" class="webrepository">AllTests.java</a>&#160;<span class="change">(+10&#160;-4)</span>,
        <a href="http://svn.sourceforge.net/viewvc/statsvn/trunk/statsvn/tests-src/net/sf/statcvs/input/BuilderTest.java?rev=84&amp;content-type=text/vnd.viewcvs-markup" class="webrepository">BuilderTest.java</a>&#160;<span class="change">(+43&#160;-38)</span>,
        <a href="http://svn.sourceforge.net/viewvc/statsvn/trunk/statsvn/tests-src/net/sf/statcvs/input/DummyRepositoryFileManager.java?rev=84&amp;content-type=text/vnd.viewcvs-markup" class="webrepository">DummyRepositoryFileManager.java</a>&#160;<span class="change">(+147&#160;-32)</span>,
        <a href="http://svn.sourceforge.net/viewvc/statsvn/trunk/statsvn/tests-src/net/sf/statcvs/input/FileBlockParserTest.java?rev=56&amp;content-type=text/vnd.viewcvs-markup" class="webrepository">FileBlockParserTest.java</a>&#160;<span class="del">(del)</span>,
        <a href="http://svn.sourceforge.net/viewvc/statsvn/trunk/statsvn/tests-src/net/sf/statcvs/input/LinesOfCodeTest.java?rev=84&amp;content-type=text/vnd.viewcvs-markup" class="webrepository">LinesOfCodeTest.java</a>&#160;<span class="change">(+1)</span>,
        <a href="http://svn.sourceforge.net/viewvc/statsvn/trunk/statsvn/tests-src/net/sf/statcvs/input/SvnLogfileParserTest.java?rev=85&amp;content-type=text/vnd.viewcvs-markup" class="webrepository">SvnLogfileParserTest.java</a>&#160;<span class="new">(new&#160;1)</span>
      </li>
      <li>
        <strong>tests-src/net/sf/statcvs/input/samplefiles</strong>:
        <a href="http://svn.sourceforge.net/viewvc/statsvn/trunk/statsvn/tests-src/net/sf/statcvs/input/samplefiles/seg.jUCMNav.info?rev=84&amp;content-type=text/vnd.viewcvs-markup" class="webrepository">seg.jUCMNav.info</a>&#160;<span class="new">(new)</span>,
        <a href="http://svn.sourceforge.net/viewvc/statsvn/trunk/statsvn/tests-src/net/sf/statcvs/input/samplefiles/seg.jUCMNav.linecounts?rev=84&amp;content-type=text/vnd.viewcvs-markup" class="webrepository">seg.jUCMNav.linecounts</a>&#160;<span class="new">(new)</span>,
        <a href="http://svn.sourceforge.net/viewvc/statsvn/trunk/statsvn/tests-src/net/sf/statcvs/input/samplefiles/seg.jUCMNav.propget?rev=84&amp;content-type=text/vnd.viewcvs-markup" class="webrepository">seg.jUCMNav.propget</a>&#160;<span class="new">(new)</span>,
        <a href="http://svn.sourceforge.net/viewvc/statsvn/trunk/statsvn/tests-src/net/sf/statcvs/input/samplefiles/stats?rev=84&amp;content-type=text/vnd.viewcvs-markup" class="webrepository">stats</a>&#160;<span class="del">(del)</span>,
        <a href="http://svn.sourceforge.net/viewvc/statsvn/trunk/statsvn/tests-src/net/sf/statcvs/input/samplefiles/svncommands.txt?rev=85&amp;content-type=text/vnd.viewcvs-markup" class="webrepository">svncommands.txt</a>&#160;<span class="new">(new)</span>
      </li>
    </ul>
  </dd>

  <dt>
    <a href="user_jpdaigle.html" class="author">jpdaigle</a>
    <span class="date">2006-03-25 08:32</span>
  </dt>
  <dd>
    <p class="comment">
Fixed usage message to reflect -bugzilla option
    </p>
    <p class="commitdetails"><strong>1</strong> lines of code changed in:</p>
    <ul class="commitdetails">
      <li>
        <strong>src/net/sf/statcvs</strong>:
        <a href="http://svn.sourceforge.net/viewvc/statsvn/trunk/statsvn/src/net/sf/statcvs/Main.java?rev=83&amp;content-type=text/vnd.viewcvs-markup" class="webrepository">Main.java</a>&#160;<span class="change">(+1)</span>
      </li>
    </ul>
  </dd>

  <dt>
    <a href="user_jpdaigle.html" class="author">jpdaigle</a>
    <span class="date">2006-03-25 08:31</span>
  </dt>
  <dd>
    <p class="comment">
Adding support for -bugzilla option
    </p>
    <p class="commitdetails"><strong>23</strong> lines of code changed in:</p>
    <ul class="commitdetails">
      <li>
        <a href="http://svn.sourceforge.net/viewvc/statsvn/trunk/statsvn/build.xml.diff?r1=42&amp;r2=82" class="webrepository">build.xml</a>&#160;<span class="change">(+1&#160;-1)</span>
      </li>
      <li>
        <strong>src/net/sf/statcvs/output</strong>:
        <a href="http://svn.sourceforge.net/viewvc/statsvn/trunk/statsvn/src/net/sf/statcvs/output/CommandLineParser.java?rev=82&amp;content-type=text/vnd.viewcvs-markup" class="webrepository">CommandLineParser.java</a>&#160;<span class="change">(+4&#160;-1)</span>,
        <a href="http://svn.sourceforge.net/viewvc/statsvn/trunk/statsvn/src/net/sf/statcvs/output/ConfigurationOptions.java?rev=82&amp;content-type=text/vnd.viewcvs-markup" class="webrepository">ConfigurationOptions.java</a>&#160;<span class="change">(+10)</span>,
        <a href="http://svn.sourceforge.net/viewvc/statsvn/trunk/statsvn/src/net/sf/statcvs/output/HTMLOutput.java?rev=82&amp;content-type=text/vnd.viewcvs-markup" class="webrepository">HTMLOutput.java</a>&#160;<span class="change">(+6)</span>
      </li>
      <li>
        <strong>src/net/sf/statcvs/renderer</strong>:
        <a href="http://svn.sourceforge.net/viewvc/statsvn/trunk/statsvn/src/net/sf/statcvs/renderer/BugzillaTextFilter.java?rev=82&amp;content-type=text/vnd.viewcvs-markup" class="webrepository">BugzillaTextFilter.java</a>&#160;<span class="new">(new)</span>,
        <a href="http://svn.sourceforge.net/viewvc/statsvn/trunk/statsvn/src/net/sf/statcvs/renderer/CommitLogRenderer.java?rev=82&amp;content-type=text/vnd.viewcvs-markup" class="webrepository">CommitLogRenderer.java</a>&#160;<span class="change">(+2)</span>,
        <a href="http://svn.sourceforge.net/viewvc/statsvn/trunk/statsvn/src/net/sf/statcvs/renderer/TextFilter.java?rev=82&amp;content-type=text/vnd.viewcvs-markup" class="webrepository">TextFilter.java</a>&#160;<span class="new">(new)</span>
      </li>
      <li>
        <strong>src/net/sf/statcvs/web-files</strong>:
        <a href="http://svn.sourceforge.net/viewvc/statsvn/trunk/statsvn/src/net/sf/statcvs/web-files/License-bug-icon.txt?rev=82&amp;content-type=text/vnd.viewcvs-markup" class="webrepository">License-bug-icon.txt</a>&#160;<span class="new">(new)</span>,
        <a href="http://svn.sourceforge.net/viewvc/statsvn/trunk/statsvn/src/net/sf/statcvs/web-files/bug.png?rev=82&amp;content-type=text/vnd.viewcvs-markup" class="webrepository">bug.png</a>&#160;<span class="new">(new)</span>
      </li>
    </ul>
  </dd>

  <dt>
    <a href="user_jpdaigle.html" class="author">jpdaigle</a>
    <span class="date">2006-03-24 03:50</span>
  </dt>
  <dd>
    <p class="comment">
Bug 5 first attempt: authentication parameters<br/>

    </p>
    <p class="commitdetails"><strong>64</strong> lines of code changed in:</p>
    <ul class="commitdetails">
      <li>
        <strong>src/net/sf/statcvs</strong>:
        <a href="http://svn.sourceforge.net/viewvc/statsvn/trunk/statsvn/src/net/sf/statcvs/Main.java?rev=81&amp;content-type=text/vnd.viewcvs-markup" class="webrepository">Main.java</a>&#160;<span class="change">(+7&#160;-3)</span>
      </li>
      <li>
        <strong>src/net/sf/statcvs/output</strong>:
        <a href="http://svn.sourceforge.net/viewvc/statsvn/trunk/statsvn/src/net/sf/statcvs/output/CommandLineParser.java?rev=81&amp;content-type=text/vnd.viewcvs-markup" class="webrepository">CommandLineParser.java</a>&#160;<span class="change">(+15)</span>,
        <a href="http://svn.sourceforge.net/viewvc/statsvn/trunk/statsvn/src/net/sf/statcvs/output/ConfigurationOptions.java?rev=81&amp;content-type=text/vnd.viewcvs-markup" class="webrepository">ConfigurationOptions.java</a>&#160;<span class="change">(+31&#160;-1)</span>
      </li>
      <li>
        <strong>src/net/sf/statcvs/util</strong>:
        <a href="http://svn.sourceforge.net/viewvc/statsvn/trunk/statsvn/src/net/sf/statcvs/util/SvnCommandHelper.java?rev=81&amp;content-type=text/vnd.viewcvs-markup" class="webrepository">SvnCommandHelper.java</a>&#160;<span class="new">(new&#160;6)</span>,
        <a href="http://svn.sourceforge.net/viewvc/statsvn/trunk/statsvn/src/net/sf/statcvs/util/SvnDiffUtils.java?rev=81&amp;content-type=text/vnd.viewcvs-markup" class="webrepository">SvnDiffUtils.java</a>&#160;<span class="change">(+1&#160;-1)</span>,
        <a href="http://svn.sourceforge.net/viewvc/statsvn/trunk/statsvn/src/net/sf/statcvs/util/SvnInfoUtils.java?rev=81&amp;content-type=text/vnd.viewcvs-markup" class="webrepository">SvnInfoUtils.java</a>&#160;<span class="change">(+2&#160;-1)</span>,
        <a href="http://svn.sourceforge.net/viewvc/statsvn/trunk/statsvn/src/net/sf/statcvs/util/SvnPropgetUtils.java?rev=81&amp;content-type=text/vnd.viewcvs-markup" class="webrepository">SvnPropgetUtils.java</a>&#160;<span class="change">(+2)</span>
      </li>
    </ul>
  </dd>

  <dt>
    <a href="user_jkealey.html" class="author">jkealey</a>
    <span class="date">2006-03-20 16:11</span>
  </dt>
  <dd>
    <p class="comment">
bug 15: svn.log is filled with entries in other branches, even if not relevant to current working folder.
    </p>
    <p class="commitdetails"><strong>357</strong> lines of code changed in:</p>
    <ul class="commitdetails">
      <li>
        <strong>src/net/sf/statcvs/input</strong>:
        <a href="http://svn.sourceforge.net/viewvc/statsvn/trunk/statsvn/src/net/sf/statcvs/input/RepositoryFileManager.java?rev=79&amp;content-type=text/vnd.viewcvs-markup" class="webrepository">RepositoryFileManager.java</a>&#160;<span class="change">(+3&#160;-5)</span>,
        <a href="http://svn.sourceforge.net/viewvc/statsvn/trunk/statsvn/src/net/sf/statcvs/input/SvnXmlLogFileHandler.java?rev=79&amp;content-type=text/vnd.viewcvs-markup" class="webrepository">SvnXmlLogFileHandler.java</a>&#160;<span class="change">(+316&#160;-313)</span>
      </li>
      <li>
        <strong>src/net/sf/statcvs/util</strong>:
        <a href="http://svn.sourceforge.net/viewvc/statsvn/trunk/statsvn/src/net/sf/statcvs/util/SvnInfoUtils.java?rev=79&amp;content-type=text/vnd.viewcvs-markup" class="webrepository">SvnInfoUtils.java</a>&#160;<span class="change">(+35&#160;-56)</span>
      </li>
      <li>
        <strong>tests-src/net/sf/statcvs/util</strong>:
        <a href="http://svn.sourceforge.net/viewvc/statsvn/trunk/statsvn/tests-src/net/sf/statcvs/util/SvnInfoUtilsTest.java?rev=79&amp;content-type=text/vnd.viewcvs-markup" class="webrepository">SvnInfoUtilsTest.java</a>&#160;<span class="change">(+3&#160;-3)</span>
      </li>
    </ul>
  </dd>

  <dt>
    <a href="user_jkealey.html" class="author">jkealey</a>
    <span class="date">2006-03-20 15:17</span>
  </dt>
  <dd>
    <p class="comment">
got rid of cvsweb and fixed broken tests for repository integration
    </p>
    <p class="commitdetails"><strong>32</strong> lines of code changed in:</p>
    <ul class="commitdetails">
      <li>
        <strong>src/net/sf/statcvs/ant</strong>:
        <a href="http://svn.sourceforge.net/viewvc/statsvn/trunk/statsvn/src/net/sf/statcvs/ant/StatCvsTask.java?rev=78&amp;content-type=text/vnd.viewcvs-markup" class="webrepository">StatCvsTask.java</a>&#160;<span class="change">(-11)</span>
      </li>
      <li>
        <strong>src/net/sf/statcvs/output</strong>:
        <a href="http://svn.sourceforge.net/viewvc/statsvn/trunk/statsvn/src/net/sf/statcvs/output/ConfigurationOptions.java?rev=78&amp;content-type=text/vnd.viewcvs-markup" class="webrepository">ConfigurationOptions.java</a>&#160;<span class="change">(-10)</span>,
        <a href="http://svn.sourceforge.net/viewvc/statsvn/trunk/statsvn/src/net/sf/statcvs/output/CvswebIntegration.java?rev=13&amp;content-type=text/vnd.viewcvs-markup" class="webrepository">CvswebIntegration.java</a>&#160;<span class="del">(del)</span>
      </li>
      <li>
        <strong>tests-src/net/sf/statcvs/output</strong>:
        <a href="http://svn.sourceforge.net/viewvc/statsvn/trunk/statsvn/tests-src/net/sf/statcvs/output/WebRepositoryIntegrationTest.java?rev=78&amp;content-type=text/vnd.viewcvs-markup" class="webrepository">WebRepositoryIntegrationTest.java</a>&#160;<span class="change">(+32&#160;-127)</span>
      </li>
    </ul>
  </dd>

  <dt>
    <a href="user_jkealey.html" class="author">jkealey</a>
    <span class="date">2006-03-20 15:06</span>
  </dt>
  <dd>
    <p class="comment">
bug 24 chora web repository integration; chora doesn't seem to support deleted files as of yet, so the links do not work, but diff/view works great!
    </p>
    <p class="commitdetails"><strong>45</strong> lines of code changed in:</p>
    <ul class="commitdetails">
      <li>
        <strong>src/net/sf/statcvs/output</strong>:
        <a href="http://svn.sourceforge.net/viewvc/statsvn/trunk/statsvn/src/net/sf/statcvs/output/ChoraIntegration.java?rev=77&amp;content-type=text/vnd.viewcvs-markup" class="webrepository">ChoraIntegration.java</a>&#160;<span class="change">(+41&#160;-35)</span>,
        <a href="http://svn.sourceforge.net/viewvc/statsvn/trunk/statsvn/src/net/sf/statcvs/output/CommandLineParser.java?rev=77&amp;content-type=text/vnd.viewcvs-markup" class="webrepository">CommandLineParser.java</a>&#160;<span class="change">(+4&#160;-6)</span>
      </li>
    </ul>
  </dd>

  <dt>
    <a href="user_gunterm.html" class="author">gunterm</a>
    <span class="date">2006-03-14 21:54</span>
  </dt>
  <dd>
    <p class="comment">
converting dates in svn log into local timezone
    </p>
    <p class="commitdetails"><strong>92</strong> lines of code changed in:</p>
    <ul class="commitdetails">
      <li>
        <strong>src/net/sf/statcvs/util</strong>:
        <a href="http://svn.sourceforge.net/viewvc/statsvn/trunk/statsvn/src/net/sf/statcvs/util/XMLUtil.java?rev=76&amp;content-type=text/vnd.viewcvs-markup" class="webrepository">XMLUtil.java</a>&#160;<span class="change">(+92&#160;-63)</span>
      </li>
    </ul>
  </dd>

  <dt>
    <a href="user_gunterm.html" class="author">gunterm</a>
    <span class="date">2006-03-14 04:02</span>
  </dt>
  <dd>
    <p class="comment">
now saving xml files by default in $HOME/.statsvn/
    </p>
    <p class="commitdetails"><strong>18</strong> lines of code changed in:</p>
    <ul class="commitdetails">
      <li>
        <strong>src/net/sf/statcvs/output</strong>:
        <a href="http://svn.sourceforge.net/viewvc/statsvn/trunk/statsvn/src/net/sf/statcvs/output/CommandLineParser.java?rev=75&amp;content-type=text/vnd.viewcvs-markup" class="webrepository">CommandLineParser.java</a>&#160;<span class="change">(+6)</span>,
        <a href="http://svn.sourceforge.net/viewvc/statsvn/trunk/statsvn/src/net/sf/statcvs/output/ConfigurationOptions.java?rev=75&amp;content-type=text/vnd.viewcvs-markup" class="webrepository">ConfigurationOptions.java</a>&#160;<span class="change">(+12&#160;-23)</span>
      </li>
    </ul>
  </dd>

  <dt>
    <a href="user_gunterm.html" class="author">gunterm</a>
    <span class="date">2006-03-13 23:11</span>
  </dt>
  <dd>
    <p class="comment">
now saving xml files by default in the directory where statsvn.jar resides
    </p>
    <p class="commitdetails"><strong>24</strong> lines of code changed in:</p>
    <ul class="commitdetails">
      <li>
        <strong>src/net/sf/statcvs/output</strong>:
        <a href="http://svn.sourceforge.net/viewvc/statsvn/trunk/statsvn/src/net/sf/statcvs/output/ConfigurationOptions.java?rev=74&amp;content-type=text/vnd.viewcvs-markup" class="webrepository">ConfigurationOptions.java</a>&#160;<span class="change">(+24&#160;-1)</span>
      </li>
    </ul>
  </dd>

  <dt>
    <a href="user_gunterm.html" class="author">gunterm</a>
    <span class="date">2006-03-13 20:57</span>
  </dt>
  <dd>
    <p class="comment">
use repository uuid instead of repository url for naming of lineCounts xml files
    </p>
    <p class="commitdetails"><strong>44</strong> lines of code changed in:</p>
    <ul class="commitdetails">
      <li>
        <strong>src/net/sf/statcvs/input</strong>:
        <a href="http://svn.sourceforge.net/viewvc/statsvn/trunk/statsvn/src/net/sf/statcvs/input/RepositoriesBuilder.java?rev=73&amp;content-type=text/vnd.viewcvs-markup" class="webrepository">RepositoriesBuilder.java</a>&#160;<span class="change">(+15&#160;-22)</span>,
        <a href="http://svn.sourceforge.net/viewvc/statsvn/trunk/statsvn/src/net/sf/statcvs/input/RepositoryFileManager.java?rev=73&amp;content-type=text/vnd.viewcvs-markup" class="webrepository">RepositoryFileManager.java</a>&#160;<span class="change">(+9)</span>,
        <a href="http://svn.sourceforge.net/viewvc/statsvn/trunk/statsvn/src/net/sf/statcvs/input/SvnLogfileParser.java?rev=73&amp;content-type=text/vnd.viewcvs-markup" class="webrepository">SvnLogfileParser.java</a>&#160;<span class="change">(+1&#160;-2)</span>,
        <a href="http://svn.sourceforge.net/viewvc/statsvn/trunk/statsvn/src/net/sf/statcvs/input/SvnXmlRepositoriesFileHandler.java?rev=73&amp;content-type=text/vnd.viewcvs-markup" class="webrepository">SvnXmlRepositoriesFileHandler.java</a>&#160;<span class="change">(+4&#160;-4)</span>
      </li>
      <li>
        <strong>src/net/sf/statcvs/util</strong>:
        <a href="http://svn.sourceforge.net/viewvc/statsvn/trunk/statsvn/src/net/sf/statcvs/util/SvnInfoUtils.java?rev=73&amp;content-type=text/vnd.viewcvs-markup" class="webrepository">SvnInfoUtils.java</a>&#160;<span class="change">(+15&#160;-1)</span>
      </li>
    </ul>
  </dd>

  <dt>
    <a href="user_gunterm.html" class="author">gunterm</a>
    <span class="date">2006-03-13 18:48</span>
  </dt>
  <dd>
    <p class="comment">
fixed bug 10: now saving xml files to a directory specified by command line arguments
    </p>
    <p class="commitdetails"><strong>40</strong> lines of code changed in:</p>
    <ul class="commitdetails">
      <li>
        <strong>src/net/sf/statcvs/input</strong>:
        <a href="http://svn.sourceforge.net/viewvc/statsvn/trunk/statsvn/src/net/sf/statcvs/input/SvnLogfileParser.java?rev=72&amp;content-type=text/vnd.viewcvs-markup" class="webrepository">SvnLogfileParser.java</a>&#160;<span class="change">(+6&#160;-4)</span>
      </li>
      <li>
        <strong>src/net/sf/statcvs/output</strong>:
        <a href="http://svn.sourceforge.net/viewvc/statsvn/trunk/statsvn/src/net/sf/statcvs/output/CommandLineParser.java?rev=72&amp;content-type=text/vnd.viewcvs-markup" class="webrepository">CommandLineParser.java</a>&#160;<span class="change">(+5)</span>,
        <a href="http://svn.sourceforge.net/viewvc/statsvn/trunk/statsvn/src/net/sf/statcvs/output/ConfigurationOptions.java?rev=72&amp;content-type=text/vnd.viewcvs-markup" class="webrepository">ConfigurationOptions.java</a>&#160;<span class="change">(+29)</span>
      </li>
    </ul>
  </dd>

  <dt>
    <a href="user_gunterm.html" class="author">gunterm</a>
    <span class="date">2006-03-13 15:07</span>
  </dt>
  <dd>
    <p class="comment">
making the $Id$ keyword work
    </p>
    <p class="commitdetails"><strong>3</strong> lines of code changed in:</p>
    <ul class="commitdetails">
      <li>
        <strong>src/net/sf/statcvs/input</strong>:
        <a href="http://svn.sourceforge.net/viewvc/statsvn/trunk/statsvn/src/net/sf/statcvs/input/RepositoriesBuilder.java?rev=71&amp;content-type=text/vnd.viewcvs-markup" class="webrepository">RepositoriesBuilder.java</a>&#160;<span class="change">(+2)</span>,
        <a href="http://svn.sourceforge.net/viewvc/statsvn/trunk/statsvn/src/net/sf/statcvs/input/SvnXmlRepositoriesFileHandler.java?rev=71&amp;content-type=text/vnd.viewcvs-markup" class="webrepository">SvnXmlRepositoriesFileHandler.java</a>&#160;<span class="change">(+1)</span>
      </li>
    </ul>
  </dd>

  <dt>
    <a href="user_gunterm.html" class="author">gunterm</a>
    <span class="date">2006-03-13 15:02</span>
  </dt>
  <dd>
    <p class="comment">
comments changed
    </p>
    <p class="commitdetails"><strong>3</strong> lines of code changed in:</p>
    <ul class="commitdetails">
      <li>
        <strong>src/net/sf/statcvs/input</strong>:
        <a href="http://svn.sourceforge.net/viewvc/statsvn/trunk/statsvn/src/net/sf/statcvs/input/SvnXmlRepositoriesFileHandler.java?rev=70&amp;content-type=text/vnd.viewcvs-markup" class="webrepository">SvnXmlRepositoriesFileHandler.java</a>&#160;<span class="change">(+3&#160;-2)</span>
      </li>
    </ul>
  </dd>

  <dt>
    <a href="user_gunterm.html" class="author">gunterm</a>
    <span class="date">2006-03-13 14:57</span>
  </dt>
  <dd>
    <p class="comment">
added ID keyword to the last two files added to repository
    </p>
    <p class="commitdetails"><strong>1</strong> lines of code changed in:</p>
    <ul class="commitdetails">
      <li>
        <strong>src/net/sf/statcvs/input</strong>:
        <a href="http://svn.sourceforge.net/viewvc/statsvn/trunk/statsvn/src/net/sf/statcvs/input/RepositoriesBuilder.java?rev=69&amp;content-type=text/vnd.viewcvs-markup" class="webrepository">RepositoriesBuilder.java</a>&#160;<span class="change">(+1&#160;-1)</span>,
        <a href="http://svn.sourceforge.net/viewvc/statsvn/trunk/statsvn/src/net/sf/statcvs/input/SvnXmlRepositoriesFileHandler.java?rev=69&amp;content-type=text/vnd.viewcvs-markup" class="webrepository">SvnXmlRepositoriesFileHandler.java</a>&#160;<span class="change">(-1)</span>
      </li>
    </ul>
  </dd>

  <dt>
    <a href="user_gunterm.html" class="author">gunterm</a>
    <span class="date">2006-03-13 05:31</span>
  </dt>
  <dd>
    <p class="comment">
fixed Bug 10 except for saving xml files (repositories and lineCounts_*) to the statsvn directory
    </p>
    <p class="commitdetails"><strong>68</strong> lines of code changed in:</p>
    <ul class="commitdetails">
      <li>
        <strong>src/net/sf/statcvs/input</strong>:
        <a href="http://svn.sourceforge.net/viewvc/statsvn/trunk/statsvn/src/net/sf/statcvs/input/LineCountsBuilder.java?rev=68&amp;content-type=text/vnd.viewcvs-markup" class="webrepository">LineCountsBuilder.java</a>&#160;<span class="change">(+14&#160;-10)</span>,
        <a href="http://svn.sourceforge.net/viewvc/statsvn/trunk/statsvn/src/net/sf/statcvs/input/RepositoriesBuilder.java?rev=68&amp;content-type=text/vnd.viewcvs-markup" class="webrepository">RepositoriesBuilder.java</a>&#160;<span class="new">(new&#160;20)</span>,
        <a href="http://svn.sourceforge.net/viewvc/statsvn/trunk/statsvn/src/net/sf/statcvs/input/SvnLogfileParser.java?rev=68&amp;content-type=text/vnd.viewcvs-markup" class="webrepository">SvnLogfileParser.java</a>&#160;<span class="change">(+20&#160;-6)</span>,
        <a href="http://svn.sourceforge.net/viewvc/statsvn/trunk/statsvn/src/net/sf/statcvs/input/SvnXmlRepositoriesFileHandler.java?rev=68&amp;content-type=text/vnd.viewcvs-markup" class="webrepository">SvnXmlRepositoriesFileHandler.java</a>&#160;<span class="new">(new&#160;14)</span>
      </li>
    </ul>
  </dd>

  <dt>
    <a href="user_jpdaigle.html" class="author">jpdaigle</a>
    <span class="date">2006-03-13 00:26</span>
  </dt>
  <dd>
    <p class="comment">
Better javadoc for SvnVersionMismatchException.<br/>

    </p>
    <p class="commitdetails"><strong>5</strong> lines of code changed in:</p>
    <ul class="commitdetails">
      <li>
        <strong>src/net/sf/statcvs/util</strong>:
        <a href="http://svn.sourceforge.net/viewvc/statsvn/trunk/statsvn/src/net/sf/statcvs/util/SvnVersionMismatchException.java?rev=67&amp;content-type=text/vnd.viewcvs-markup" class="webrepository">SvnVersionMismatchException.java</a>&#160;<span class="change">(+5&#160;-1)</span>
      </li>
    </ul>
  </dd>

  <dt>
    <a href="user_jpdaigle.html" class="author">jpdaigle</a>
    <span class="date">2006-03-13 00:25</span>
  </dt>
  <dd>
    <p class="comment">
Bug 16: check that "repository root" information is available from the "svn info" command. (A 1.3+ feature.)<br/>
Fail on startup if not available.
    </p>
    <p class="commitdetails"><strong>39</strong> lines of code changed in:</p>
    <ul class="commitdetails">
      <li>
        <strong>src/net/sf/statcvs</strong>:
        <a href="http://svn.sourceforge.net/viewvc/statsvn/trunk/statsvn/src/net/sf/statcvs/Main.java?rev=66&amp;content-type=text/vnd.viewcvs-markup" class="webrepository">Main.java</a>&#160;<span class="change">(+1)</span>
      </li>
      <li>
        <strong>src/net/sf/statcvs/util</strong>:
        <a href="http://svn.sourceforge.net/viewvc/statsvn/trunk/statsvn/src/net/sf/statcvs/util/SvnStartupUtils.java?rev=66&amp;content-type=text/vnd.viewcvs-markup" class="webrepository">SvnStartupUtils.java</a>&#160;<span class="change">(+38&#160;-4)</span>
      </li>
    </ul>
  </dd>

  <dt>
    <a href="user_gunterm.html" class="author">gunterm</a>
    <span class="date">2006-03-12 23:58</span>
  </dt>
  <dd>
    <p class="comment">
now all revisions of a path are saved under the same path in lineCounts.xml; a revision with only property changes is now correctly interpreted as 0 0 instead of -1 -1
    </p>
    <p class="commitdetails"><strong>190</strong> lines of code changed in:</p>
    <ul class="commitdetails">
      <li>
        <strong>src/net/sf/statcvs/input</strong>:
        <a href="http://svn.sourceforge.net/viewvc/statsvn/trunk/statsvn/src/net/sf/statcvs/input/LineCountsBuilder.java?rev=65&amp;content-type=text/vnd.viewcvs-markup" class="webrepository">LineCountsBuilder.java</a>&#160;<span class="change">(+182&#160;-139)</span>
      </li>
      <li>
        <strong>src/net/sf/statcvs/util</strong>:
        <a href="http://svn.sourceforge.net/viewvc/statsvn/trunk/statsvn/src/net/sf/statcvs/util/SvnDiffUtils.java?rev=65&amp;content-type=text/vnd.viewcvs-markup" class="webrepository">SvnDiffUtils.java</a>&#160;<span class="change">(+8&#160;-1)</span>
      </li>
    </ul>
  </dd>

  <dt>
    <a href="user_jkealey.html" class="author">jkealey</a>
    <span class="date">2006-03-12 01:38</span>
  </dt>
  <dd>
    <p class="comment">
bug 27: refactor: Builder.getFileBuilders() - partial work only. <br/>
<br/>

    </p>
    <p class="commitdetails"><strong>77</strong> lines of code changed in:</p>
    <ul class="commitdetails">
      <li>
        <strong>src/net/sf/statcvs/input</strong>:
        <a href="http://svn.sourceforge.net/viewvc/statsvn/trunk/statsvn/src/net/sf/statcvs/input/Builder.java?rev=64&amp;content-type=text/vnd.viewcvs-markup" class="webrepository">Builder.java</a>&#160;<span class="change">(+22)</span>,
        <a href="http://svn.sourceforge.net/viewvc/statsvn/trunk/statsvn/src/net/sf/statcvs/input/FileBuilder.java?rev=64&amp;content-type=text/vnd.viewcvs-markup" class="webrepository">FileBuilder.java</a>&#160;<span class="change">(+19&#160;-3)</span>,
        <a href="http://svn.sourceforge.net/viewvc/statsvn/trunk/statsvn/src/net/sf/statcvs/input/LineCountsBuilder.java?rev=64&amp;content-type=text/vnd.viewcvs-markup" class="webrepository">LineCountsBuilder.java</a>&#160;<span class="change">(+8&#160;-16)</span>,
        <a href="http://svn.sourceforge.net/viewvc/statsvn/trunk/statsvn/src/net/sf/statcvs/input/SvnLogBuilder.java?rev=64&amp;content-type=text/vnd.viewcvs-markup" class="webrepository">SvnLogBuilder.java</a>&#160;<span class="change">(+22&#160;-5)</span>,
        <a href="http://svn.sourceforge.net/viewvc/statsvn/trunk/statsvn/src/net/sf/statcvs/input/SvnLogfileParser.java?rev=64&amp;content-type=text/vnd.viewcvs-markup" class="webrepository">SvnLogfileParser.java</a>&#160;<span class="change">(+1&#160;-6)</span>
      </li>
      <li>
        <strong>tests-src/net/sf/statcvs/input</strong>:
        <a href="http://svn.sourceforge.net/viewvc/statsvn/trunk/statsvn/tests-src/net/sf/statcvs/input/MockLogBuilder.java?rev=64&amp;content-type=text/vnd.viewcvs-markup" class="webrepository">MockLogBuilder.java</a>&#160;<span class="change">(+5)</span>
      </li>
    </ul>
  </dd>

  <dt>
    <a href="user_jkealey.html" class="author">jkealey</a>
    <span class="date">2006-03-12 01:08</span>
  </dt>
  <dd>
    <p class="comment">
bug 30: refactor: SvnLogfileParser casts SvnLogBuilder to Builder
    </p>
    <p class="commitdetails"><strong>100</strong> lines of code changed in:</p>
    <ul class="commitdetails">
      <li>
        <strong>src/net/sf/statcvs/input</strong>:
        <a href="http://svn.sourceforge.net/viewvc/statsvn/trunk/statsvn/src/net/sf/statcvs/input/Builder.java?rev=63&amp;content-type=text/vnd.viewcvs-markup" class="webrepository">Builder.java</a>&#160;<span class="change">(+76&#160;-63)</span>,
        <a href="http://svn.sourceforge.net/viewvc/statsvn/trunk/statsvn/src/net/sf/statcvs/input/SvnLogBuilder.java?rev=63&amp;content-type=text/vnd.viewcvs-markup" class="webrepository">SvnLogBuilder.java</a>&#160;<span class="change">(+12&#160;-1)</span>,
        <a href="http://svn.sourceforge.net/viewvc/statsvn/trunk/statsvn/src/net/sf/statcvs/input/SvnLogfileParser.java?rev=63&amp;content-type=text/vnd.viewcvs-markup" class="webrepository">SvnLogfileParser.java</a>&#160;<span class="change">(+2&#160;-3)</span>
      </li>
      <li>
        <strong>tests-src/net/sf/statcvs/input</strong>:
        <a href="http://svn.sourceforge.net/viewvc/statsvn/trunk/statsvn/tests-src/net/sf/statcvs/input/MockLogBuilder.java?rev=63&amp;content-type=text/vnd.viewcvs-markup" class="webrepository">MockLogBuilder.java</a>&#160;<span class="change">(+10)</span>
      </li>
    </ul>
  </dd>

  <dt>
    <a href="user_jkealey.html" class="author">jkealey</a>
    <span class="date">2006-03-12 00:41</span>
  </dt>
  <dd>
    <p class="comment">
bug 29: refactor: calls to Svn*Utils should pass by RepositoryFileManager
    </p>
    <p class="commitdetails"><strong>202</strong> lines of code changed in:</p>
    <ul class="commitdetails">
      <li>
        <strong>src/net/sf/statcvs</strong>:
        <a href="http://svn.sourceforge.net/viewvc/statsvn/trunk/statsvn/src/net/sf/statcvs/Main.java?rev=62&amp;content-type=text/vnd.viewcvs-markup" class="webrepository">Main.java</a>&#160;<span class="change">(+1&#160;-1)</span>
      </li>
      <li>
        <strong>src/net/sf/statcvs/input</strong>:
        <a href="http://svn.sourceforge.net/viewvc/statsvn/trunk/statsvn/src/net/sf/statcvs/input/RepositoryFileManager.java?rev=62&amp;content-type=text/vnd.viewcvs-markup" class="webrepository">RepositoryFileManager.java</a>&#160;<span class="change">(+173&#160;-7)</span>,
        <a href="http://svn.sourceforge.net/viewvc/statsvn/trunk/statsvn/src/net/sf/statcvs/input/SvnLogfileParser.java?rev=62&amp;content-type=text/vnd.viewcvs-markup" class="webrepository">SvnLogfileParser.java</a>&#160;<span class="change">(+11&#160;-9)</span>,
        <a href="http://svn.sourceforge.net/viewvc/statsvn/trunk/statsvn/src/net/sf/statcvs/input/SvnXmlLogFileHandler.java?rev=62&amp;content-type=text/vnd.viewcvs-markup" class="webrepository">SvnXmlLogFileHandler.java</a>&#160;<span class="change">(+10&#160;-19)</span>
      </li>
      <li>
        <strong>src/net/sf/statcvs/util</strong>:
        <a href="http://svn.sourceforge.net/viewvc/statsvn/trunk/statsvn/src/net/sf/statcvs/util/SvnInfoUtils.java?rev=62&amp;content-type=text/vnd.viewcvs-markup" class="webrepository">SvnInfoUtils.java</a>&#160;<span class="change">(+1&#160;-17)</span>
      </li>
      <li>
        <strong>tests-src/net/sf/statcvs/input</strong>:
        <a href="http://svn.sourceforge.net/viewvc/statsvn/trunk/statsvn/tests-src/net/sf/statcvs/input/ParserTest.java?rev=62&amp;content-type=text/vnd.viewcvs-markup" class="webrepository">ParserTest.java</a>&#160;<span class="change">(+6&#160;-3)</span>
      </li>
    </ul>
  </dd>

  <dt>
    <a href="user_jkealey.html" class="author">jkealey</a>
    <span class="date">2006-03-10 21:25</span>
  </dt>
  <dd>
    <p class="comment">
Added JavaDoc and did a bit of cleaning in the net.sf.statcvs.util package. 
    </p>
    <p class="commitdetails"><strong>629</strong> lines of code changed in:</p>
    <ul class="commitdetails">
      <li>
        <strong>src/net/sf/statcvs/input</strong>:
        <a href="http://svn.sourceforge.net/viewvc/statsvn/trunk/statsvn/src/net/sf/statcvs/input/SvnLogfileParser.java?rev=61&amp;content-type=text/vnd.viewcvs-markup" class="webrepository">SvnLogfileParser.java</a>&#160;<span class="change">(-1)</span>
      </li>
      <li>
        <strong>src/net/sf/statcvs/util</strong>:
        <a href="http://svn.sourceforge.net/viewvc/statsvn/trunk/statsvn/src/net/sf/statcvs/util/SvnDiffUtils.java?rev=61&amp;content-type=text/vnd.viewcvs-markup" class="webrepository">SvnDiffUtils.java</a>&#160;<span class="change">(+92&#160;-68)</span>,
        <a href="http://svn.sourceforge.net/viewvc/statsvn/trunk/statsvn/src/net/sf/statcvs/util/SvnInfoUtils.java?rev=61&amp;content-type=text/vnd.viewcvs-markup" class="webrepository">SvnInfoUtils.java</a>&#160;<span class="change">(+406&#160;-304)</span>,
        <a href="http://svn.sourceforge.net/viewvc/statsvn/trunk/statsvn/src/net/sf/statcvs/util/SvnPropgetUtils.java?rev=61&amp;content-type=text/vnd.viewcvs-markup" class="webrepository">SvnPropgetUtils.java</a>&#160;<span class="change">(+39&#160;-5)</span>,
        <a href="http://svn.sourceforge.net/viewvc/statsvn/trunk/statsvn/src/net/sf/statcvs/util/SvnStartupUtils.java?rev=61&amp;content-type=text/vnd.viewcvs-markup" class="webrepository">SvnStartupUtils.java</a>&#160;<span class="change">(+40&#160;-26)</span>,
        <a href="http://svn.sourceforge.net/viewvc/statsvn/trunk/statsvn/src/net/sf/statcvs/util/SvnVersionMismatchException.java?rev=61&amp;content-type=text/vnd.viewcvs-markup" class="webrepository">SvnVersionMismatchException.java</a>&#160;<span class="change">(+19&#160;-13)</span>,
        <a href="http://svn.sourceforge.net/viewvc/statsvn/trunk/statsvn/src/net/sf/statcvs/util/XMLUtil.java?rev=61&amp;content-type=text/vnd.viewcvs-markup" class="webrepository">XMLUtil.java</a>&#160;<span class="change">(+33&#160;-18)</span>
      </li>
    </ul>
  </dd>

  <dt>
    <a href="user_jkealey.html" class="author">jkealey</a>
    <span class="date">2006-03-10 20:42</span>
  </dt>
  <dd>
    <p class="comment">
reverted back to original state. 
    </p>
    <p class="commitdetails"><strong>2</strong> lines of code changed in:</p>
    <ul class="commitdetails">
      <li>
        <strong>src/net/sf/statcvs</strong>:
        <a href="http://svn.sourceforge.net/viewvc/statsvn/trunk/statsvn/src/net/sf/statcvs/logging.properties?rev=60&amp;content-type=text/vnd.viewcvs-markup" class="webrepository">logging.properties</a>&#160;<span class="change">(+2&#160;-2)</span>
      </li>
    </ul>
  </dd>

  <dt>
    <a href="user_jkealey.html" class="author">jkealey</a>
    <span class="date">2006-03-10 20:13</span>
  </dt>
  <dd>
    <p class="comment">
removed useless instance variable
    </p>
    <p class="commitdetails"><strong>0</strong> lines of code changed in:</p>
    <ul class="commitdetails">
      <li>
        <strong>src/net/sf/statcvs/input</strong>:
        <a href="http://svn.sourceforge.net/viewvc/statsvn/trunk/statsvn/src/net/sf/statcvs/input/FileBuilder.java?rev=59&amp;content-type=text/vnd.viewcvs-markup" class="webrepository">FileBuilder.java</a>&#160;<span class="change">(-2)</span>
      </li>
    </ul>
  </dd>

  <dt>
    <a href="user_jkealey.html" class="author">jkealey</a>
    <span class="date">2006-03-10 19:57</span>
  </dt>
  <dd>
    <p class="comment">
Added JavaDoc and did a bit of cleaning in the net.sf.statcvs.input package. 
    </p>
    <p class="commitdetails"><strong>699</strong> lines of code changed in:</p>
    <ul class="commitdetails">
      <li>
        <strong>src/net/sf/statcvs/input</strong>:
        <a href="http://svn.sourceforge.net/viewvc/statsvn/trunk/statsvn/src/net/sf/statcvs/input/Builder.java?rev=58&amp;content-type=text/vnd.viewcvs-markup" class="webrepository">Builder.java</a>&#160;<span class="change">(+10&#160;-6)</span>,
        <a href="http://svn.sourceforge.net/viewvc/statsvn/trunk/statsvn/src/net/sf/statcvs/input/FileBuilder.java?rev=58&amp;content-type=text/vnd.viewcvs-markup" class="webrepository">FileBuilder.java</a>&#160;<span class="change">(+57&#160;-39)</span>,
        <a href="http://svn.sourceforge.net/viewvc/statsvn/trunk/statsvn/src/net/sf/statcvs/input/LineCountsBuilder.java?rev=58&amp;content-type=text/vnd.viewcvs-markup" class="webrepository">LineCountsBuilder.java</a>&#160;<span class="change">(+116&#160;-36)</span>,
        <a href="http://svn.sourceforge.net/viewvc/statsvn/trunk/statsvn/src/net/sf/statcvs/input/LogSyntaxException.java?rev=58&amp;content-type=text/vnd.viewcvs-markup" class="webrepository">LogSyntaxException.java</a>&#160;<span class="change">(+2)</span>,
        <a href="http://svn.sourceforge.net/viewvc/statsvn/trunk/statsvn/src/net/sf/statcvs/input/RepositoryFileManager.java?rev=58&amp;content-type=text/vnd.viewcvs-markup" class="webrepository">RepositoryFileManager.java</a>&#160;<span class="change">(+3&#160;-1)</span>,
        <a href="http://svn.sourceforge.net/viewvc/statsvn/trunk/statsvn/src/net/sf/statcvs/input/RevisionData.java?rev=58&amp;content-type=text/vnd.viewcvs-markup" class="webrepository">RevisionData.java</a>&#160;<span class="change">(+78&#160;-43)</span>,
        <a href="http://svn.sourceforge.net/viewvc/statsvn/trunk/statsvn/src/net/sf/statcvs/input/RevisionParser.java?rev=57&amp;content-type=text/vnd.viewcvs-markup" class="webrepository">RevisionParser.java</a>&#160;<span class="del">(del)</span>,
        <a href="http://svn.sourceforge.net/viewvc/statsvn/trunk/statsvn/src/net/sf/statcvs/input/SvnLogBuilder.java?rev=58&amp;content-type=text/vnd.viewcvs-markup" class="webrepository">SvnLogBuilder.java</a>&#160;<span class="change">(+8&#160;-1)</span>,
        <a href="http://svn.sourceforge.net/viewvc/statsvn/trunk/statsvn/src/net/sf/statcvs/input/SvnLogfileParser.java?rev=58&amp;content-type=text/vnd.viewcvs-markup" class="webrepository">SvnLogfileParser.java</a>&#160;<span class="change">(+68&#160;-12)</span>,
        <a href="http://svn.sourceforge.net/viewvc/statsvn/trunk/statsvn/src/net/sf/statcvs/input/SvnXmlLineCountsFileHandler.java?rev=58&amp;content-type=text/vnd.viewcvs-markup" class="webrepository">SvnXmlLineCountsFileHandler.java</a>&#160;<span class="change">(+109&#160;-41)</span>,
        <a href="http://svn.sourceforge.net/viewvc/statsvn/trunk/statsvn/src/net/sf/statcvs/input/SvnXmlLogFileHandler.java?rev=58&amp;content-type=text/vnd.viewcvs-markup" class="webrepository">SvnXmlLogFileHandler.java</a>&#160;<span class="change">(+219&#160;-97)</span>,
        <a href="http://svn.sourceforge.net/viewvc/statsvn/trunk/statsvn/src/net/sf/statcvs/input/package.html?rev=58&amp;content-type=text/vnd.viewcvs-markup" class="webrepository">package.html</a>&#160;<span class="change">(+15&#160;-16)</span>
      </li>
      <li>
        <strong>tests-src/net/sf/statcvs/input</strong>:
        <a href="http://svn.sourceforge.net/viewvc/statsvn/trunk/statsvn/tests-src/net/sf/statcvs/input/BuilderTest.java?rev=58&amp;content-type=text/vnd.viewcvs-markup" class="webrepository">BuilderTest.java</a>&#160;<span class="change">(+4&#160;-4)</span>,
        <a href="http://svn.sourceforge.net/viewvc/statsvn/trunk/statsvn/tests-src/net/sf/statcvs/input/FileBuilderTest.java?rev=58&amp;content-type=text/vnd.viewcvs-markup" class="webrepository">FileBuilderTest.java</a>&#160;<span class="change">(+3&#160;-3)</span>,
        <a href="http://svn.sourceforge.net/viewvc/statsvn/trunk/statsvn/tests-src/net/sf/statcvs/input/LinesOfCodeTest.java?rev=58&amp;content-type=text/vnd.viewcvs-markup" class="webrepository">LinesOfCodeTest.java</a>&#160;<span class="change">(+3&#160;-3)</span>,
        <a href="http://svn.sourceforge.net/viewvc/statsvn/trunk/statsvn/tests-src/net/sf/statcvs/input/MockLogBuilder.java?rev=58&amp;content-type=text/vnd.viewcvs-markup" class="webrepository">MockLogBuilder.java</a>&#160;<span class="change">(+3&#160;-3)</span>,
        <a href="http://svn.sourceforge.net/viewvc/statsvn/trunk/statsvn/tests-src/net/sf/statcvs/input/ParserTest.java?rev=58&amp;content-type=text/vnd.viewcvs-markup" class="webrepository">ParserTest.java</a>&#160;<span class="change">(+1&#160;-1)</span>
      </li>
    </ul>
  </dd>

  <dt>
    <a href="user_jkealey.html" class="author">jkealey</a>
    <span class="date">2006-03-10 17:50</span>
  </dt>
  <dd>
    <p class="comment">
Added the SVN $Id$ keyword property.<br/>

    </p>
    <p class="commitdetails"><strong>42</strong> lines of code changed in:</p>
    <ul class="commitdetails">
      <li>
        <strong>src/net/sf/statcvs/input</strong>:
        <a href="http://svn.sourceforge.net/viewvc/statsvn/trunk/statsvn/src/net/sf/statcvs/input/Builder.java?rev=57&amp;content-type=text/vnd.viewcvs-markup" class="webrepository">Builder.java</a>&#160;<span class="change">(+23&#160;-18)</span>,
        <a href="http://svn.sourceforge.net/viewvc/statsvn/trunk/statsvn/src/net/sf/statcvs/input/CommitListBuilder.java?rev=57&amp;content-type=text/vnd.viewcvs-markup" class="webrepository">CommitListBuilder.java</a>&#160;<span class="change">(+1&#160;-1)</span>,
        <a href="http://svn.sourceforge.net/viewvc/statsvn/trunk/statsvn/src/net/sf/statcvs/input/EmptyRepositoryException.java?rev=57&amp;content-type=text/vnd.viewcvs-markup" class="webrepository">EmptyRepositoryException.java</a>&#160;<span class="change">(+1&#160;-1)</span>,
        <a href="http://svn.sourceforge.net/viewvc/statsvn/trunk/statsvn/src/net/sf/statcvs/input/FileBuilder.java?rev=57&amp;content-type=text/vnd.viewcvs-markup" class="webrepository">FileBuilder.java</a>&#160;<span class="change">(+1&#160;-1)</span>,
        <a href="http://svn.sourceforge.net/viewvc/statsvn/trunk/statsvn/src/net/sf/statcvs/input/LineCountsBuilder.java?rev=57&amp;content-type=text/vnd.viewcvs-markup" class="webrepository">LineCountsBuilder.java</a>&#160;<span class="change">(changed)</span>,
        <a href="http://svn.sourceforge.net/viewvc/statsvn/trunk/statsvn/src/net/sf/statcvs/input/LogSyntaxException.java?rev=57&amp;content-type=text/vnd.viewcvs-markup" class="webrepository">LogSyntaxException.java</a>&#160;<span class="change">(+1&#160;-1)</span>,
        <a href="http://svn.sourceforge.net/viewvc/statsvn/trunk/statsvn/src/net/sf/statcvs/input/NoLineCountException.java?rev=57&amp;content-type=text/vnd.viewcvs-markup" class="webrepository">NoLineCountException.java</a>&#160;<span class="change">(+1&#160;-1)</span>,
        <a href="http://svn.sourceforge.net/viewvc/statsvn/trunk/statsvn/src/net/sf/statcvs/input/RepositoryFileManager.java?rev=57&amp;content-type=text/vnd.viewcvs-markup" class="webrepository">RepositoryFileManager.java</a>&#160;<span class="change">(+2&#160;-2)</span>,
        <a href="http://svn.sourceforge.net/viewvc/statsvn/trunk/statsvn/src/net/sf/statcvs/input/RevisionData.java?rev=57&amp;content-type=text/vnd.viewcvs-markup" class="webrepository">RevisionData.java</a>&#160;<span class="change">(+1&#160;-1)</span>,
        <a href="http://svn.sourceforge.net/viewvc/statsvn/trunk/statsvn/src/net/sf/statcvs/input/RevisionParser.java?rev=57&amp;content-type=text/vnd.viewcvs-markup" class="webrepository">RevisionParser.java</a>&#160;<span class="change">(+1&#160;-1)</span>,
        <a href="http://svn.sourceforge.net/viewvc/statsvn/trunk/statsvn/src/net/sf/statcvs/input/SvnLogBuilder.java?rev=57&amp;content-type=text/vnd.viewcvs-markup" class="webrepository">SvnLogBuilder.java</a>&#160;<span class="change">(+1&#160;-1)</span>,
        <a href="http://svn.sourceforge.net/viewvc/statsvn/trunk/statsvn/src/net/sf/statcvs/input/SvnLogfileParser.java?rev=57&amp;content-type=text/vnd.viewcvs-markup" class="webrepository">SvnLogfileParser.java</a>&#160;<span class="change">(+1&#160;-1)</span>,
        <a href="http://svn.sourceforge.net/viewvc/statsvn/trunk/statsvn/src/net/sf/statcvs/input/SvnXmlLineCountsFileHandler.java?rev=57&amp;content-type=text/vnd.viewcvs-markup" class="webrepository">SvnXmlLineCountsFileHandler.java</a>&#160;<span class="change">(changed)</span>,
        <a href="http://svn.sourceforge.net/viewvc/statsvn/trunk/statsvn/src/net/sf/statcvs/input/SvnXmlLogFileHandler.java?rev=57&amp;content-type=text/vnd.viewcvs-markup" class="webrepository">SvnXmlLogFileHandler.java</a>&#160;<span class="change">(changed)</span>
      </li>
      <li>
        <strong>src/net/sf/statcvs/util</strong>:
        <a href="http://svn.sourceforge.net/viewvc/statsvn/trunk/statsvn/src/net/sf/statcvs/util/ConsoleOutErrHandler.java?rev=57&amp;content-type=text/vnd.viewcvs-markup" class="webrepository">ConsoleOutErrHandler.java</a>&#160;<span class="change">(+1&#160;-1)</span>,
        <a href="http://svn.sourceforge.net/viewvc/statsvn/trunk/statsvn/src/net/sf/statcvs/util/ConsoleOutHandler.java?rev=57&amp;content-type=text/vnd.viewcvs-markup" class="webrepository">ConsoleOutHandler.java</a>&#160;<span class="change">(+1&#160;-1)</span>,
        <a href="http://svn.sourceforge.net/viewvc/statsvn/trunk/statsvn/src/net/sf/statcvs/util/FilePatternMatcher.java?rev=57&amp;content-type=text/vnd.viewcvs-markup" class="webrepository">FilePatternMatcher.java</a>&#160;<span class="change">(+1&#160;-1)</span>,
        <a href="http://svn.sourceforge.net/viewvc/statsvn/trunk/statsvn/src/net/sf/statcvs/util/FileUtils.java?rev=57&amp;content-type=text/vnd.viewcvs-markup" class="webrepository">FileUtils.java</a>&#160;<span class="change">(+1&#160;-1)</span>,
        <a href="http://svn.sourceforge.net/viewvc/statsvn/trunk/statsvn/src/net/sf/statcvs/util/FilenameComparator.java?rev=57&amp;content-type=text/vnd.viewcvs-markup" class="webrepository">FilenameComparator.java</a>&#160;<span class="change">(changed)</span>,
        <a href="http://svn.sourceforge.net/viewvc/statsvn/trunk/statsvn/src/net/sf/statcvs/util/IntegerMap.java?rev=57&amp;content-type=text/vnd.viewcvs-markup" class="webrepository">IntegerMap.java</a>&#160;<span class="change">(+1&#160;-1)</span>,
        <a href="http://svn.sourceforge.net/viewvc/statsvn/trunk/statsvn/src/net/sf/statcvs/util/LogFormatter.java?rev=57&amp;content-type=text/vnd.viewcvs-markup" class="webrepository">LogFormatter.java</a>&#160;<span class="change">(+1&#160;-1)</span>,
        <a href="http://svn.sourceforge.net/viewvc/statsvn/trunk/statsvn/src/net/sf/statcvs/util/LookaheadReader.java?rev=57&amp;content-type=text/vnd.viewcvs-markup" class="webrepository">LookaheadReader.java</a>&#160;<span class="change">(+1&#160;-1)</span>,
        <a href="http://svn.sourceforge.net/viewvc/statsvn/trunk/statsvn/src/net/sf/statcvs/util/OutputUtils.java?rev=57&amp;content-type=text/vnd.viewcvs-markup" class="webrepository">OutputUtils.java</a>&#160;<span class="change">(+1&#160;-1)</span>,
        <a href="http://svn.sourceforge.net/viewvc/statsvn/trunk/statsvn/src/net/sf/statcvs/util/SvnDiffUtils.java?rev=57&amp;content-type=text/vnd.viewcvs-markup" class="webrepository">SvnDiffUtils.java</a>&#160;<span class="change">(changed)</span>,
        <a href="http://svn.sourceforge.net/viewvc/statsvn/trunk/statsvn/src/net/sf/statcvs/util/SvnInfoUtils.java?rev=57&amp;content-type=text/vnd.viewcvs-markup" class="webrepository">SvnInfoUtils.java</a>&#160;<span class="change">(changed)</span>,
        <a href="http://svn.sourceforge.net/viewvc/statsvn/trunk/statsvn/src/net/sf/statcvs/util/SvnPropgetUtils.java?rev=57&amp;content-type=text/vnd.viewcvs-markup" class="webrepository">SvnPropgetUtils.java</a>&#160;<span class="change">(changed)</span>,
        <a href="http://svn.sourceforge.net/viewvc/statsvn/trunk/statsvn/src/net/sf/statcvs/util/SvnStartupUtils.java?rev=57&amp;content-type=text/vnd.viewcvs-markup" class="webrepository">SvnStartupUtils.java</a>&#160;<span class="change">(changed)</span>,
        <a href="http://svn.sourceforge.net/viewvc/statsvn/trunk/statsvn/src/net/sf/statcvs/util/SvnVersionMismatchException.java?rev=57&amp;content-type=text/vnd.viewcvs-markup" class="webrepository">SvnVersionMismatchException.java</a>&#160;<span class="change">(changed)</span>,
        <a href="http://svn.sourceforge.net/viewvc/statsvn/trunk/statsvn/src/net/sf/statcvs/util/XMLUtil.java?rev=57&amp;content-type=text/vnd.viewcvs-markup" class="webrepository">XMLUtil.java</a>&#160;<span class="change">(changed)</span>
      </li>
    </ul>
  </dd>

  <dt>
    <a href="user_jkealey.html" class="author">jkealey</a>
    <span class="date">2006-03-10 03:37</span>
  </dt>
  <dd>
    <p class="comment">
Re-formatted input package classes.<br/>
<br/>
Removed the old FileBlockParser now that our alpha works.<br/>
<br/>
Preparing for major code-cleanup and documentation.<br/>
<br/>

    </p>
    <p class="commitdetails"><strong>579</strong> lines of code changed in:</p>
    <ul class="commitdetails">
      <li>
        <strong>src/net/sf/statcvs/input</strong>:
        <a href="http://svn.sourceforge.net/viewvc/statsvn/trunk/statsvn/src/net/sf/statcvs/input/Builder.java?rev=56&amp;content-type=text/vnd.viewcvs-markup" class="webrepository">Builder.java</a>&#160;<span class="change">(-6)</span>,
        <a href="http://svn.sourceforge.net/viewvc/statsvn/trunk/statsvn/src/net/sf/statcvs/input/CommitListBuilder.java?rev=56&amp;content-type=text/vnd.viewcvs-markup" class="webrepository">CommitListBuilder.java</a>&#160;<span class="change">(+100&#160;-106)</span>,
        <a href="http://svn.sourceforge.net/viewvc/statsvn/trunk/statsvn/src/net/sf/statcvs/input/EmptyRepositoryException.java?rev=56&amp;content-type=text/vnd.viewcvs-markup" class="webrepository">EmptyRepositoryException.java</a>&#160;<span class="change">(+21&#160;-23)</span>,
        <a href="http://svn.sourceforge.net/viewvc/statsvn/trunk/statsvn/src/net/sf/statcvs/input/FileBlockParser.java?rev=38&amp;content-type=text/vnd.viewcvs-markup" class="webrepository">FileBlockParser.java</a>&#160;<span class="del">(del)</span>,
        <a href="http://svn.sourceforge.net/viewvc/statsvn/trunk/statsvn/src/net/sf/statcvs/input/LineCountsBuilder.java?rev=56&amp;content-type=text/vnd.viewcvs-markup" class="webrepository">LineCountsBuilder.java</a>&#160;<span class="change">(+75&#160;-75)</span>,
        <a href="http://svn.sourceforge.net/viewvc/statsvn/trunk/statsvn/src/net/sf/statcvs/input/LogSyntaxException.java?rev=56&amp;content-type=text/vnd.viewcvs-markup" class="webrepository">LogSyntaxException.java</a>&#160;<span class="change">(+16&#160;-16)</span>,
        <a href="http://svn.sourceforge.net/viewvc/statsvn/trunk/statsvn/src/net/sf/statcvs/input/NoLineCountException.java?rev=56&amp;content-type=text/vnd.viewcvs-markup" class="webrepository">NoLineCountException.java</a>&#160;<span class="change">(+20&#160;-21)</span>,
        <a href="http://svn.sourceforge.net/viewvc/statsvn/trunk/statsvn/src/net/sf/statcvs/input/RevisionData.java?rev=56&amp;content-type=text/vnd.viewcvs-markup" class="webrepository">RevisionData.java</a>&#160;<span class="change">(+2&#160;-2)</span>,
        <a href="http://svn.sourceforge.net/viewvc/statsvn/trunk/statsvn/src/net/sf/statcvs/input/RevisionParser.java?rev=56&amp;content-type=text/vnd.viewcvs-markup" class="webrepository">RevisionParser.java</a>&#160;<span class="change">(+166&#160;-175)</span>,
        <a href="http://svn.sourceforge.net/viewvc/statsvn/trunk/statsvn/src/net/sf/statcvs/input/SvnLogBuilder.java?rev=56&amp;content-type=text/vnd.viewcvs-markup" class="webrepository">SvnLogBuilder.java</a>&#160;<span class="change">(+58&#160;-56)</span>,
        <a href="http://svn.sourceforge.net/viewvc/statsvn/trunk/statsvn/src/net/sf/statcvs/input/SvnXmlLineCountsFileHandler.java?rev=56&amp;content-type=text/vnd.viewcvs-markup" class="webrepository">SvnXmlLineCountsFileHandler.java</a>&#160;<span class="change">(+101&#160;-107)</span>,
        <a href="http://svn.sourceforge.net/viewvc/statsvn/trunk/statsvn/src/net/sf/statcvs/input/SvnXmlLogFileHandler.java?rev=56&amp;content-type=text/vnd.viewcvs-markup" class="webrepository">SvnXmlLogFileHandler.java</a>&#160;<span class="change">(+14&#160;-16)</span>
      </li>
      <li>
        <strong>src/net/sf/statcvs/util</strong>:
        <a href="http://svn.sourceforge.net/viewvc/statsvn/trunk/statsvn/src/net/sf/statcvs/util/SvnLogUtils.java?rev=38&amp;content-type=text/vnd.viewcvs-markup" class="webrepository">SvnLogUtils.java</a>&#160;<span class="del">(del)</span>
      </li>
      <li>
        <strong>tests-src/net/sf/statcvs/input</strong>:
        <a href="http://svn.sourceforge.net/viewvc/statsvn/trunk/statsvn/tests-src/net/sf/statcvs/input/FileBlockParserTest.java?rev=56&amp;content-type=text/vnd.viewcvs-markup" class="webrepository">FileBlockParserTest.java</a>&#160;<span class="change">(+4&#160;-4)</span>,
        <a href="http://svn.sourceforge.net/viewvc/statsvn/trunk/statsvn/tests-src/net/sf/statcvs/input/ParserTest.java?rev=56&amp;content-type=text/vnd.viewcvs-markup" class="webrepository">ParserTest.java</a>&#160;<span class="change">(+2&#160;-2)</span>
      </li>
    </ul>
  </dd>

  <dt>
    <a href="user_jkealey.html" class="author">jkealey</a>
    <span class="date">2006-03-10 03:15</span>
  </dt>
  <dd>
    <p class="comment">
fixed &amp;raquo; problem
    </p>
    <p class="commitdetails"><strong>2</strong> lines of code changed in:</p>
    <ul class="commitdetails">
      <li>
        <strong>src/net/sf/statcvs</strong>:
        <a href="http://svn.sourceforge.net/viewvc/statsvn/trunk/statsvn/src/net/sf/statcvs/statcvs.properties?rev=55&amp;content-type=text/vnd.viewcvs-markup" class="webrepository">statcvs.properties</a>&#160;<span class="change">(+2&#160;-2)</span>
      </li>
    </ul>
  </dd>

  <dt>
    <a href="user_jkealey.html" class="author">jkealey</a>
    <span class="date">2006-03-10 02:29</span>
  </dt>
  <dd>
    <p class="comment">
Bug 23: Now supporting ViewCVS.<br/>
Removed command line arguments for Chora and CVSweb. Filing new bug for support of Chora, since it supports Subversion. <br/>

    </p>
    <p class="commitdetails"><strong>24</strong> lines of code changed in:</p>
    <ul class="commitdetails">
      <li>
        <strong>src/net/sf/statcvs/output</strong>:
        <a href="http://svn.sourceforge.net/viewvc/statsvn/trunk/statsvn/src/net/sf/statcvs/output/CommandLineParser.java?rev=54&amp;content-type=text/vnd.viewcvs-markup" class="webrepository">CommandLineParser.java</a>&#160;<span class="change">(+12&#160;-8)</span>,
        <a href="http://svn.sourceforge.net/viewvc/statsvn/trunk/statsvn/src/net/sf/statcvs/output/ViewCvsIntegration.java?rev=54&amp;content-type=text/vnd.viewcvs-markup" class="webrepository">ViewCvsIntegration.java</a>&#160;<span class="change">(+12&#160;-7)</span>
      </li>
    </ul>
  </dd>

  <dt>
    <a href="user_jkealey.html" class="author">jkealey</a>
    <span class="date">2006-03-10 02:22</span>
  </dt>
  <dd>
    <p class="comment">
removed dead method
    </p>
    <p class="commitdetails"><strong>1</strong> lines of code changed in:</p>
    <ul class="commitdetails">
      <li>
        <strong>src/net/sf/statcvs/input</strong>:
        <a href="http://svn.sourceforge.net/viewvc/statsvn/trunk/statsvn/src/net/sf/statcvs/input/SvnLogfileParser.java?rev=53&amp;content-type=text/vnd.viewcvs-markup" class="webrepository">SvnLogfileParser.java</a>&#160;<span class="change">(+1&#160;-2)</span>
      </li>
    </ul>
  </dd>

  <dt>
    <a href="user_jkealey.html" class="author">jkealey</a>
    <span class="date">2006-03-10 01:51</span>
  </dt>
  <dd>
    <p class="comment">
removed dead method
    </p>
    <p class="commitdetails"><strong>208</strong> lines of code changed in:</p>
    <ul class="commitdetails">
      <li>
        <strong>src/net/sf/statcvs/input</strong>:
        <a href="http://svn.sourceforge.net/viewvc/statsvn/trunk/statsvn/src/net/sf/statcvs/input/SvnLogfileParser.java?rev=52&amp;content-type=text/vnd.viewcvs-markup" class="webrepository">SvnLogfileParser.java</a>&#160;<span class="change">(+208&#160;-308)</span>
      </li>
    </ul>
  </dd>

  <dt>
    <a href="user_jkealey.html" class="author">jkealey</a>
    <span class="date">2006-03-09 20:01</span>
  </dt>
  <dd>
    <p class="comment">
deletion and addition bugs: major improvement
    </p>
    <p class="commitdetails"><strong>480</strong> lines of code changed in:</p>
    <ul class="commitdetails">
      <li>
        <strong>src/net/sf/statcvs/input</strong>:
        <a href="http://svn.sourceforge.net/viewvc/statsvn/trunk/statsvn/src/net/sf/statcvs/input/Builder.java?rev=51&amp;content-type=text/vnd.viewcvs-markup" class="webrepository">Builder.java</a>&#160;<span class="change">(+2&#160;-2)</span>,
        <a href="http://svn.sourceforge.net/viewvc/statsvn/trunk/statsvn/src/net/sf/statcvs/input/FileBuilder.java?rev=51&amp;content-type=text/vnd.viewcvs-markup" class="webrepository">FileBuilder.java</a>&#160;<span class="change">(+1&#160;-1)</span>,
        <a href="http://svn.sourceforge.net/viewvc/statsvn/trunk/statsvn/src/net/sf/statcvs/input/SvnLogfileParser.java?rev=51&amp;content-type=text/vnd.viewcvs-markup" class="webrepository">SvnLogfileParser.java</a>&#160;<span class="change">(+154&#160;-32)</span>,
        <a href="http://svn.sourceforge.net/viewvc/statsvn/trunk/statsvn/src/net/sf/statcvs/input/SvnXmlLogFileHandler.java?rev=51&amp;content-type=text/vnd.viewcvs-markup" class="webrepository">SvnXmlLogFileHandler.java</a>&#160;<span class="change">(+13&#160;-7)</span>
      </li>
      <li>
        <strong>src/net/sf/statcvs/util</strong>:
        <a href="http://svn.sourceforge.net/viewvc/statsvn/trunk/statsvn/src/net/sf/statcvs/util/FilenameComparator.java?rev=51&amp;content-type=text/vnd.viewcvs-markup" class="webrepository">FilenameComparator.java</a>&#160;<span class="new">(new&#160;4)</span>,
        <a href="http://svn.sourceforge.net/viewvc/statsvn/trunk/statsvn/src/net/sf/statcvs/util/SvnInfoUtils.java?rev=51&amp;content-type=text/vnd.viewcvs-markup" class="webrepository">SvnInfoUtils.java</a>&#160;<span class="change">(+306&#160;-285)</span>
      </li>
    </ul>
  </dd>

  <dt>
    <a href="user_jkealey.html" class="author">jkealey</a>
    <span class="date">2006-03-09 17:07</span>
  </dt>
  <dd>
    <p class="comment">
now using same query for diff and now returns errorstream if it exists.<br/>

    </p>
    <p class="commitdetails"><strong>22</strong> lines of code changed in:</p>
    <ul class="commitdetails">
      <li>
        <strong>src/net/sf/statcvs/util</strong>:
        <a href="http://svn.sourceforge.net/viewvc/statsvn/trunk/statsvn/src/net/sf/statcvs/util/SvnDiffUtils.java?rev=50&amp;content-type=text/vnd.viewcvs-markup" class="webrepository">SvnDiffUtils.java</a>&#160;<span class="change">(+22&#160;-19)</span>
      </li>
    </ul>
  </dd>

  <dt>
    <a href="user_jkealey.html" class="author">jkealey</a>
    <span class="date">2006-03-09 17:04</span>
  </dt>
  <dd>
    <p class="comment">
formatted
    </p>
    <p class="commitdetails"><strong>197</strong> lines of code changed in:</p>
    <ul class="commitdetails">
      <li>
        <strong>src/net/sf/statcvs/input</strong>:
        <a href="http://svn.sourceforge.net/viewvc/statsvn/trunk/statsvn/src/net/sf/statcvs/input/SvnLogfileParser.java?rev=49&amp;content-type=text/vnd.viewcvs-markup" class="webrepository">SvnLogfileParser.java</a>&#160;<span class="change">(+197&#160;-186)</span>
      </li>
    </ul>
  </dd>

</dl>

<p>Pages: <a href="commit_log.html">&#171; Previous</a> <a href="commit_log.html">1</a> 2 <a href="commit_log_page_3.html">3</a> <a href="commit_log_page_3.html">Next &#187;</a> </p>
<div id="generatedby"><p>Generated by <a href="http://www.statsvn.org">StatSVN</a> 0.2.0</p>
</div>
</section></body>
</document>