<?xml version="1.0" encoding="US-ASCII"?>
<document xmlns:lxslt="http://xml.apache.org/xslt">
<properties><title>Directory Sizes</title></properties>
<head>
    <meta http-equiv="Content-Type" content="text/html; charset=ISO-8859-1"/>
    <meta name="Generator" content="StatCVS 0.2.4"/>
    <link rel="stylesheet" href="objectlab-statcvs-xdoc.css" type="text/css"/>
  </head>

<body><section name="Directory Sizes">
<p><a href="index.html">back to main page</a></p>
<p><img src="module_sizes.png" width="640" height="480" alt=""/></p>
  <table  class="statCvsTable" rules="groups" summary="Overview of all activity in different directories">
    <colgroup align="left"/>
    <colgroup align="right"/>
    <colgroup align="right"/>
    <colgroup align="right"/>
    <thead>
      <tr>
        <th>Directory</th>
        <th>Changes</th>
        <th>Lines of Code</th>
        <th>Lines per Change</th>
      </tr>
    </thead>
    <tfoot>
      <tr>
        <th>Totals</th>
        <td>1749 (100.0%)</td>
        <td>27319 (100.0%)</td>
        <td>15.6</td>
      </tr>
    </tfoot>
    <tbody>
      <tr  class="odd">
        <th><a href="module_src_net_sf_statcvs_input.html" class="directory">src/net/sf/statcvs/input/</a></th>
        <td>229 (13.1%)</td>
        <td>9011 (33.0%)</td>
        <td>39.3</td>
      </tr>
      <tr  class="even">
        <th><a href="module.html" class="directory">/</a></th>
        <td>59 (3.4%)</td>
        <td>5986 (21.9%)</td>
        <td>101.4</td>
      </tr>
      <tr  class="odd">
        <th><a href="module_src_net_sf_statcvs_util.html" class="directory">src/net/sf/statcvs/util/</a></th>
        <td>145 (8.3%)</td>
        <td>4668 (17.1%)</td>
        <td>32.1</td>
      </tr>
      <tr  class="even">
        <th><a href="module_src_net_sf_statcvs_output.html" class="directory">src/net/sf/statcvs/output/</a></th>
        <td>165 (9.4%)</td>
        <td>2268 (8.3%)</td>
        <td>13.7</td>
      </tr>
      <tr  class="odd">
        <th><a href="module_tests-src_net_sf_statcvs_input.html" class="directory">tests-src/net/sf/statcvs/input/</a></th>
        <td>98 (5.6%)</td>
        <td>738 (2.7%)</td>
        <td>7.5</td>
      </tr>
      <tr  class="even">
        <th><a href="module_src_net_sf_statcvs_renderer.html" class="directory">src/net/sf/statcvs/renderer/</a></th>
        <td>77 (4.4%)</td>
        <td>719 (2.6%)</td>
        <td>9.3</td>
      </tr>
      <tr  class="odd">
        <th><a href="module_etc.html" class="directory">etc/</a></th>
        <td>5 (0.3%)</td>
        <td>558 (2.0%)</td>
        <td>111.6</td>
      </tr>
      <tr  class="even">
        <th><a href="module_tests-src_net_sf_statcvs_model.html" class="directory">tests-src/net/sf/statcvs/model/</a></th>
        <td>32 (1.8%)</td>
        <td>307 (1.1%)</td>
        <td>9.5</td>
      </tr>
      <tr  class="odd">
        <th><a href="module_src_net_sf_statcvs.html" class="directory">src/net/sf/statcvs/</a></th>
        <td>40 (2.3%)</td>
        <td>302 (1.1%)</td>
        <td>7.5</td>
      </tr>
      <tr  class="even">
        <th><a href="module_src_net_sf_statsvn_util.html" class="directory">src/net/sf/statsvn/util/</a></th>
        <td>90 (5.1%)</td>
        <td>271 (1.0%)</td>
        <td>3.0</td>
      </tr>
      <tr  class="odd">
        <th><a href="module_.settings.html" class="directory">.settings/</a></th>
        <td>6 (0.3%)</td>
        <td>271 (1.0%)</td>
        <td>45.1</td>
      </tr>
      <tr  class="even">
        <th><a href="module_src_net_sf_statsvn_output.html" class="directory">src/net/sf/statsvn/output/</a></th>
        <td>119 (6.8%)</td>
        <td>265 (1.0%)</td>
        <td>2.2</td>
      </tr>
      <tr  class="odd">
        <th><a href="module_tests-src_net_sf_statcvs_output.html" class="directory">tests-src/net/sf/statcvs/output/</a></th>
        <td>9 (0.5%)</td>
        <td>242 (0.9%)</td>
        <td>26.8</td>
      </tr>
      <tr  class="even">
        <th><a href="module_devdoc.html" class="directory">devdoc/</a></th>
        <td>5 (0.3%)</td>
        <td>199 (0.7%)</td>
        <td>39.8</td>
      </tr>
      <tr  class="odd">
        <th><a href="module_src_net_sf_statcvs_model.html" class="directory">src/net/sf/statcvs/model/</a></th>
        <td>43 (2.5%)</td>
        <td>198 (0.7%)</td>
        <td>4.6</td>
      </tr>
      <tr  class="even">
        <th><a href="module_src_net_sf_statcvs_reports.html" class="directory">src/net/sf/statcvs/reports/</a></th>
        <td>56 (3.2%)</td>
        <td>157 (0.6%)</td>
        <td>2.8</td>
      </tr>
      <tr  class="odd">
        <th><a href="module_tests-src_net_sf_statcvs_util.html" class="directory">tests-src/net/sf/statcvs/util/</a></th>
        <td>31 (1.8%)</td>
        <td>147 (0.5%)</td>
        <td>4.7</td>
      </tr>
      <tr  class="even">
        <th><a href="module_site_style.html" class="directory">site/style/</a></th>
        <td>1 (0.1%)</td>
        <td>146 (0.5%)</td>
        <td>146.0</td>
      </tr>
      <tr  class="odd">
        <th><a href="module_site.html" class="directory">site/</a></th>
        <td>13 (0.7%)</td>
        <td>133 (0.5%)</td>
        <td>10.2</td>
      </tr>
      <tr  class="even">
        <th><a href="module_src_net_sf_statcvs_ant.html" class="directory">src/net/sf/statcvs/ant/</a></th>
        <td>8 (0.5%)</td>
        <td>120 (0.4%)</td>
        <td>15.0</td>
      </tr>
      <tr  class="odd">
        <th><a href="module_src_net_sf_statcvs_reportmodel.html" class="directory">src/net/sf/statcvs/reportmodel/</a></th>
        <td>43 (2.5%)</td>
        <td>106 (0.4%)</td>
        <td>2.4</td>
      </tr>
      <tr  class="even">
        <th><a href="module_src_net_sf_statsvn_ant.html" class="directory">src/net/sf/statsvn/ant/</a></th>
        <td>7 (0.4%)</td>
        <td>99 (0.4%)</td>
        <td>14.1</td>
      </tr>
      <tr  class="odd">
        <th><a href="module_site_press.html" class="directory">site/press/</a></th>
        <td>4 (0.2%)</td>
        <td>91 (0.3%)</td>
        <td>22.7</td>
      </tr>
      <tr  class="even">
        <th><a href="module_src_net_sf_statsvn_input.html" class="directory">src/net/sf/statsvn/input/</a></th>
        <td>65 (3.7%)</td>
        <td>78 (0.3%)</td>
        <td>1.2</td>
      </tr>
      <tr  class="odd">
        <th><a href="module_tests-src_net_sf_statsvn.html" class="directory">tests-src/net/sf/statsvn/</a></th>
        <td>2 (0.1%)</td>
        <td>66 (0.2%)</td>
        <td>33.0</td>
      </tr>
      <tr  class="even">
        <th><a href="module_tests-src_net_sf_statsvn_input.html" class="directory">tests-src/net/sf/statsvn/input/</a></th>
        <td>42 (2.4%)</td>
        <td>60 (0.2%)</td>
        <td>1.4</td>
      </tr>
      <tr  class="odd">
        <th><a href="module_tests-src_net_sf_statcvs_reportmodel.html" class="directory">tests-src/net/sf/statcvs/reportmodel/</a></th>
        <td>6 (0.3%)</td>
        <td>48 (0.2%)</td>
        <td>8.0</td>
      </tr>
      <tr  class="even">
        <th><a href="module_src_net_sf_statsvn.html" class="directory">src/net/sf/statsvn/</a></th>
        <td>28 (1.6%)</td>
        <td>35 (0.1%)</td>
        <td>1.2</td>
      </tr>
      <tr  class="odd">
        <th><a href="module_tests-src_net_sf_statcvs_renderer.html" class="directory">tests-src/net/sf/statcvs/renderer/</a></th>
        <td>6 (0.3%)</td>
        <td>26 (0.1%)</td>
        <td>4.3</td>
      </tr>
      <tr  class="even">
        <th><a href="module_tests-src_net_sf_statcvs.html" class="directory">tests-src/net/sf/statcvs/</a></th>
        <td>3 (0.2%)</td>
        <td>4 (0.0%)</td>
        <td>1.3</td>
      </tr>
      <tr  class="odd">
        <th><a href="module_tests-src_net_sf_statsvn_util.html" class="directory">tests-src/net/sf/statsvn/util/</a></th>
        <td>28 (1.6%)</td>
        <td>0 (0.0%)</td>
        <td>0.0</td>
      </tr>
      <tr  class="even">
        <th><a href="module_tests-src_net_sf_statsvn_reportmodel.html" class="directory">tests-src/net/sf/statsvn/reportmodel/</a></th>
        <td>8 (0.5%)</td>
        <td>0 (0.0%)</td>
        <td>0.0</td>
      </tr>
      <tr  class="odd">
        <th><a href="module_tests-src_net_sf_statsvn_renderer.html" class="directory">tests-src/net/sf/statsvn/renderer/</a></th>
        <td>8 (0.5%)</td>
        <td>0 (0.0%)</td>
        <td>0.0</td>
      </tr>
      <tr  class="even">
        <th><a href="module_tests-src_net_sf_statsvn_output.html" class="directory">tests-src/net/sf/statsvn/output/</a></th>
        <td>8 (0.5%)</td>
        <td>0 (0.0%)</td>
        <td>0.0</td>
      </tr>
      <tr  class="odd">
        <th><a href="module_tests-src_net_sf_statsvn_model.html" class="directory">tests-src/net/sf/statsvn/model/</a></th>
        <td>28 (1.6%)</td>
        <td>0 (0.0%)</td>
        <td>0.0</td>
      </tr>
      <tr  class="even">
        <th><a href="module_tests-src_net_sf_statcvs_input_samplefiles.html" class="directory">tests-src/net/sf/statcvs/input/samplefiles/</a></th>
        <td>13 (0.7%)</td>
        <td>0 (0.0%)</td>
        <td>0.0</td>
      </tr>
      <tr  class="odd">
        <th><a href="module_src_net_sf_statsvn_reports.html" class="directory">src/net/sf/statsvn/reports/</a></th>
        <td>52 (3.0%)</td>
        <td>0 (0.0%)</td>
        <td>0.0</td>
      </tr>
      <tr  class="even">
        <th><a href="module_src_net_sf_statsvn_reportmodel.html" class="directory">src/net/sf/statsvn/reportmodel/</a></th>
        <td>48 (2.7%)</td>
        <td>0 (0.0%)</td>
        <td>0.0</td>
      </tr>
      <tr  class="odd">
        <th><a href="module_src_net_sf_statsvn_renderer.html" class="directory">src/net/sf/statsvn/renderer/</a></th>
        <td>56 (3.2%)</td>
        <td>0 (0.0%)</td>
        <td>0.0</td>
      </tr>
      <tr  class="even">
        <th><a href="module_src_net_sf_statsvn_model.html" class="directory">src/net/sf/statsvn/model/</a></th>
        <td>36 (2.1%)</td>
        <td>0 (0.0%)</td>
        <td>0.0</td>
      </tr>
      <tr  class="odd">
        <th><a href="module_src_net_sf_statcvs_web-files.html" class="directory">src/net/sf/statcvs/web-files/</a></th>
        <td>18 (1.0%)</td>
        <td>0 (0.0%)</td>
        <td>0.0</td>
      </tr>
      <tr  class="even">
        <th><a href="module_lib.html" class="directory">lib/</a></th>
        <td>9 (0.5%)</td>
        <td>0 (0.0%)</td>
        <td>0.0</td>
      </tr>
    </tbody>
  </table>

<div id="generatedby"><p>Generated by <a href="http://www.statsvn.org">StatSVN</a> 0.2.0</p>
</div>
</section></body>
</document>