<?xml version="1.0" encoding="US-ASCII"?>
<document xmlns:lxslt="http://xml.apache.org/xslt">
<properties><title>Lines of Code</title></properties>
<head>
    <meta http-equiv="Content-Type" content="text/html; charset=ISO-8859-1"/>
    <meta name="Generator" content="StatCVS 0.2.4"/>
    <link rel="stylesheet" href="objectlab-statcvs-xdoc.css" type="text/css"/>
  </head>

<body><section name="Lines of Code">
<p><a href="index.html">back to main page</a></p>
<p><img src="loc.png" width="640" height="480" alt=""/><br/>
<strong>Total Lines of Code</strong>
: 12108 (<span class="date">2006-11-28 09:52</span>)</p>
<div id="generatedby"><p>Generated by <a href="http://www.statsvn.org">StatSVN</a> 0.2.0</p>
</div>
</section></body>
</document>