<?xml version="1.0" encoding="US-ASCII"?>
<document xmlns:lxslt="http://xml.apache.org/xslt">
<properties><title>Module src/net/sf/statcvs/reportmodel/</title></properties>
<head>
    <meta http-equiv="Content-Type" content="text/html; charset=ISO-8859-1"/>
    <meta name="Generator" content="StatCVS 0.2.4"/>
    <link rel="stylesheet" href="objectlab-statcvs-xdoc.css" type="text/css"/>
  </head>

<body><section name="Module src/net/sf/statcvs/reportmodel/">
<p><a href="index.html">back to main page</a></p>
<p class="summaryperiod">
  Summary Period:
  <span class="date">2006-01-19</span> to
  <span class="date">2006-11-19</span></p>
<p><a href="http://svn.sourceforge.net/viewvc/statsvn/trunk/statsvn/src/net/sf/statcvs/reportmodel/">Browse with ViewVC</a></p>

<subsection name ="Modules">
<p><a href="module.html">[root]</a>/<a href="module_src.html">src</a>/<a href="module_src_net.html">net</a>/<a href="module_src_net_sf.html">sf</a>/<a href="module_src_net_sf_statcvs.html">statcvs</a>/<strong>reportmodel</strong>
<br/></p>

<subsection name ="Lines of Code">
<p><img src="loc_module_src_net_sf_statcvs_reportmodel.png" width="640" height="480" alt=""/><br/>
<strong>Total Lines Of Code: </strong>
0 (<span class="date">2006-11-28 09:52</span>)</p>
</subsection>
<subsection name ="Authors">
  <table  class="statCvsTable" rules="groups" summary="All authors and the number of their changes and lines of code in this directory">
    <colgroup align="left"/>
    <colgroup align="right"/>
    <colgroup align="right"/>
    <colgroup align="right"/>
    <thead>
      <tr>
        <th>Author</th>
        <th>Changes</th>
        <th>Lines of Code</th>
        <th>Lines per Change</th>
      </tr>
    </thead>
    <tfoot>
      <tr>
        <th>Totals</th>
        <td>43 (100.0%)</td>
        <td>106 (100.0%)</td>
        <td>2.4</td>
      </tr>
    </tfoot>
    <tbody>
      <tr  class="odd">
        <th><a href="user_benoitx.html" class="author">benoitx</a></th>
        <td>30 (69.8%)</td>
        <td>56 (52.8%)</td>
        <td>1.8</td>
      </tr>
      <tr  class="even">
        <th><a href="user_jpdaigle.html" class="author">jpdaigle</a></th>
        <td>12 (27.9%)</td>
        <td>48 (45.3%)</td>
        <td>4.0</td>
      </tr>
      <tr  class="odd">
        <th><a href="user_gunterm.html" class="author">gunterm</a></th>
        <td>1 (2.3%)</td>
        <td>2 (1.9%)</td>
        <td>2.0</td>
      </tr>
    </tbody>
  </table>

</subsection>
<subsection name ="Most Recent Commits">
<dl class="commitlist">
  <dt>
    <a href="user_benoitx.html" class="author">benoitx</a>
    <span class="date">2006-11-19 19:35</span>
  </dt>
  <dd>
    <p class="comment">
Move to net.sf.statsvn
    </p>
    <p class="commitdetails"><strong>0</strong> lines of code changed in:</p>
    <ul class="commitdetails">
      <li>
        <strong>src/net/sf/statcvs/reportmodel</strong>:
        <a href="http://svn.sourceforge.net/viewvc/statsvn/trunk/statsvn/src/net/sf/statcvs/reportmodel/AuthorColumn.java?rev=141&amp;content-type=text/vnd.viewcvs-markup" class="webrepository">AuthorColumn.java</a>&#160;<span class="del">(del)</span>,
        <a href="http://svn.sourceforge.net/viewvc/statsvn/trunk/statsvn/src/net/sf/statcvs/reportmodel/Column.java?rev=5&amp;content-type=text/vnd.viewcvs-markup" class="webrepository">Column.java</a>&#160;<span class="del">(del)</span>,
        <a href="http://svn.sourceforge.net/viewvc/statsvn/trunk/statsvn/src/net/sf/statcvs/reportmodel/DirectoryColumn.java?rev=141&amp;content-type=text/vnd.viewcvs-markup" class="webrepository">DirectoryColumn.java</a>&#160;<span class="del">(del)</span>,
        <a href="http://svn.sourceforge.net/viewvc/statsvn/trunk/statsvn/src/net/sf/statcvs/reportmodel/FileColumn.java?rev=141&amp;content-type=text/vnd.viewcvs-markup" class="webrepository">FileColumn.java</a>&#160;<span class="del">(del)</span>,
        <a href="http://svn.sourceforge.net/viewvc/statsvn/trunk/statsvn/src/net/sf/statcvs/reportmodel/GenericColumn.java?rev=141&amp;content-type=text/vnd.viewcvs-markup" class="webrepository">GenericColumn.java</a>&#160;<span class="del">(del)</span>,
        <a href="http://svn.sourceforge.net/viewvc/statsvn/trunk/statsvn/src/net/sf/statcvs/reportmodel/HelperTimePoint.java?rev=141&amp;content-type=text/vnd.viewcvs-markup" class="webrepository">HelperTimePoint.java</a>&#160;<span class="del">(del)</span>,
        <a href="http://svn.sourceforge.net/viewvc/statsvn/trunk/statsvn/src/net/sf/statcvs/reportmodel/IntegerColumn.java?rev=141&amp;content-type=text/vnd.viewcvs-markup" class="webrepository">IntegerColumn.java</a>&#160;<span class="del">(del)</span>,
        <a href="http://svn.sourceforge.net/viewvc/statsvn/trunk/statsvn/src/net/sf/statcvs/reportmodel/RatioColumn.java?rev=141&amp;content-type=text/vnd.viewcvs-markup" class="webrepository">RatioColumn.java</a>&#160;<span class="del">(del)</span>,
        <a href="http://svn.sourceforge.net/viewvc/statsvn/trunk/statsvn/src/net/sf/statcvs/reportmodel/SimpleTextColumn.java?rev=141&amp;content-type=text/vnd.viewcvs-markup" class="webrepository">SimpleTextColumn.java</a>&#160;<span class="del">(del)</span>,
        <a href="http://svn.sourceforge.net/viewvc/statsvn/trunk/statsvn/src/net/sf/statcvs/reportmodel/Table.java?rev=141&amp;content-type=text/vnd.viewcvs-markup" class="webrepository">Table.java</a>&#160;<span class="del">(del)</span>,
        <a href="http://svn.sourceforge.net/viewvc/statsvn/trunk/statsvn/src/net/sf/statcvs/reportmodel/TimeLine.java?rev=141&amp;content-type=text/vnd.viewcvs-markup" class="webrepository">TimeLine.java</a>&#160;<span class="del">(del)</span>,
        <a href="http://svn.sourceforge.net/viewvc/statsvn/trunk/statsvn/src/net/sf/statcvs/reportmodel/TimePoint.java?rev=138&amp;content-type=text/vnd.viewcvs-markup" class="webrepository">TimePoint.java</a>&#160;<span class="del">(del)</span>
      </li>
    </ul>
  </dd>

  <dt>
    <a href="user_benoitx.html" class="author">benoitx</a>
    <span class="date">2006-11-18 01:14</span>
  </dt>
  <dd>
    <p class="comment">
Fixed some checkstyle issues (using final wherever possible, hence a few changes...)<br/>
Introduced constants and rename final static method in upper case (was inconsistent).<br/>
Also there were a few inconsistencies in the use of { on the same line as for or if.<br/>
Re-ordered private/static/final keywords to follow java standard (e.g. private static final...)<br/>
I hope this is ok.
    </p>
    <p class="commitdetails"><strong>47</strong> lines of code changed in:</p>
    <ul class="commitdetails">
      <li>
        <strong>src/net/sf/statcvs/reportmodel</strong>:
        <a href="http://svn.sourceforge.net/viewvc/statsvn/trunk/statsvn/src/net/sf/statcvs/reportmodel/AuthorColumn.java?rev=141&amp;content-type=text/vnd.viewcvs-markup" class="webrepository">AuthorColumn.java</a>&#160;<span class="change">(+1&#160;-1)</span>,
        <a href="http://svn.sourceforge.net/viewvc/statsvn/trunk/statsvn/src/net/sf/statcvs/reportmodel/DirectoryColumn.java?rev=141&amp;content-type=text/vnd.viewcvs-markup" class="webrepository">DirectoryColumn.java</a>&#160;<span class="change">(+1&#160;-1)</span>,
        <a href="http://svn.sourceforge.net/viewvc/statsvn/trunk/statsvn/src/net/sf/statcvs/reportmodel/FileColumn.java?rev=141&amp;content-type=text/vnd.viewcvs-markup" class="webrepository">FileColumn.java</a>&#160;<span class="change">(+2&#160;-2)</span>,
        <a href="http://svn.sourceforge.net/viewvc/statsvn/trunk/statsvn/src/net/sf/statcvs/reportmodel/GenericColumn.java?rev=141&amp;content-type=text/vnd.viewcvs-markup" class="webrepository">GenericColumn.java</a>&#160;<span class="change">(+6&#160;-6)</span>,
        <a href="http://svn.sourceforge.net/viewvc/statsvn/trunk/statsvn/src/net/sf/statcvs/reportmodel/HelperTimePoint.java?rev=141&amp;content-type=text/vnd.viewcvs-markup" class="webrepository">HelperTimePoint.java</a>&#160;<span class="change">(+5&#160;-5)</span>,
        <a href="http://svn.sourceforge.net/viewvc/statsvn/trunk/statsvn/src/net/sf/statcvs/reportmodel/IntegerColumn.java?rev=141&amp;content-type=text/vnd.viewcvs-markup" class="webrepository">IntegerColumn.java</a>&#160;<span class="change">(+10&#160;-10)</span>,
        <a href="http://svn.sourceforge.net/viewvc/statsvn/trunk/statsvn/src/net/sf/statcvs/reportmodel/RatioColumn.java?rev=141&amp;content-type=text/vnd.viewcvs-markup" class="webrepository">RatioColumn.java</a>&#160;<span class="change">(+6&#160;-6)</span>,
        <a href="http://svn.sourceforge.net/viewvc/statsvn/trunk/statsvn/src/net/sf/statcvs/reportmodel/SimpleTextColumn.java?rev=141&amp;content-type=text/vnd.viewcvs-markup" class="webrepository">SimpleTextColumn.java</a>&#160;<span class="change">(+1&#160;-1)</span>,
        <a href="http://svn.sourceforge.net/viewvc/statsvn/trunk/statsvn/src/net/sf/statcvs/reportmodel/Table.java?rev=141&amp;content-type=text/vnd.viewcvs-markup" class="webrepository">Table.java</a>&#160;<span class="change">(+6&#160;-6)</span>,
        <a href="http://svn.sourceforge.net/viewvc/statsvn/trunk/statsvn/src/net/sf/statcvs/reportmodel/TimeLine.java?rev=141&amp;content-type=text/vnd.viewcvs-markup" class="webrepository">TimeLine.java</a>&#160;<span class="change">(+9&#160;-9)</span>
      </li>
    </ul>
  </dd>

  <dt>
    <a href="user_benoitx.html" class="author">benoitx</a>
    <span class="date">2006-11-17 00:39</span>
  </dt>
  <dd>
    <p class="comment">
Replaced string concatenation with StringBuffer<br/>
Added a few final on constructor parameters.<br/>
Fixed a few FindBugs/PMD/Checkstyle.<br/>
Added a site navigation file for Maven.
    </p>
    <p class="commitdetails"><strong>9</strong> lines of code changed in:</p>
    <ul class="commitdetails">
      <li>
        <strong>src/net/sf/statcvs/reportmodel</strong>:
        <a href="http://svn.sourceforge.net/viewvc/statsvn/trunk/statsvn/src/net/sf/statcvs/reportmodel/GenericColumn.java?rev=138&amp;content-type=text/vnd.viewcvs-markup" class="webrepository">GenericColumn.java</a>&#160;<span class="change">(+1&#160;-1)</span>,
        <a href="http://svn.sourceforge.net/viewvc/statsvn/trunk/statsvn/src/net/sf/statcvs/reportmodel/HelperTimePoint.java?rev=138&amp;content-type=text/vnd.viewcvs-markup" class="webrepository">HelperTimePoint.java</a>&#160;<span class="change">(+2&#160;-2)</span>,
        <a href="http://svn.sourceforge.net/viewvc/statsvn/trunk/statsvn/src/net/sf/statcvs/reportmodel/IntegerColumn.java?rev=138&amp;content-type=text/vnd.viewcvs-markup" class="webrepository">IntegerColumn.java</a>&#160;<span class="change">(+1&#160;-1)</span>,
        <a href="http://svn.sourceforge.net/viewvc/statsvn/trunk/statsvn/src/net/sf/statcvs/reportmodel/RatioColumn.java?rev=138&amp;content-type=text/vnd.viewcvs-markup" class="webrepository">RatioColumn.java</a>&#160;<span class="change">(+1&#160;-1)</span>,
        <a href="http://svn.sourceforge.net/viewvc/statsvn/trunk/statsvn/src/net/sf/statcvs/reportmodel/SimpleTextColumn.java?rev=138&amp;content-type=text/vnd.viewcvs-markup" class="webrepository">SimpleTextColumn.java</a>&#160;<span class="change">(+1&#160;-1)</span>,
        <a href="http://svn.sourceforge.net/viewvc/statsvn/trunk/statsvn/src/net/sf/statcvs/reportmodel/Table.java?rev=138&amp;content-type=text/vnd.viewcvs-markup" class="webrepository">Table.java</a>&#160;<span class="change">(+1&#160;-1)</span>,
        <a href="http://svn.sourceforge.net/viewvc/statsvn/trunk/statsvn/src/net/sf/statcvs/reportmodel/TimeLine.java?rev=138&amp;content-type=text/vnd.viewcvs-markup" class="webrepository">TimeLine.java</a>&#160;<span class="change">(+1&#160;-1)</span>,
        <a href="http://svn.sourceforge.net/viewvc/statsvn/trunk/statsvn/src/net/sf/statcvs/reportmodel/TimePoint.java?rev=138&amp;content-type=text/vnd.viewcvs-markup" class="webrepository">TimePoint.java</a>&#160;<span class="change">(+1&#160;-1)</span>
      </li>
    </ul>
  </dd>

  <dt>
    <a href="user_gunterm.html" class="author">gunterm</a>
    <span class="date">2006-02-21 20:23</span>
  </dt>
  <dd>
    <p class="comment">
renaming from CVS to abstract names or SVN; followed StatsCVS recommedations
    </p>
    <p class="commitdetails"><strong>2</strong> lines of code changed in:</p>
    <ul class="commitdetails">
      <li>
        <strong>src/net/sf/statcvs/reportmodel</strong>:
        <a href="http://svn.sourceforge.net/viewvc/statsvn/trunk/statsvn/src/net/sf/statcvs/reportmodel/FileColumn.java?rev=13&amp;content-type=text/vnd.viewcvs-markup" class="webrepository">FileColumn.java</a>&#160;<span class="change">(+2&#160;-2)</span>
      </li>
    </ul>
  </dd>

  <dt>
    <a href="user_jpdaigle.html" class="author">jpdaigle</a>
    <span class="date">2006-01-19 07:13</span>
  </dt>
  <dd>
    <p class="comment">
Initial statcvs project import
    </p>
    <p class="commitdetails"><strong>48</strong> lines of code changed in:</p>
    <ul class="commitdetails">
      <li>
        <strong>src/net/sf/statcvs/reportmodel</strong>:
        <a href="http://svn.sourceforge.net/viewvc/statsvn/trunk/statsvn/src/net/sf/statcvs/reportmodel/AuthorColumn.java?rev=5&amp;content-type=text/vnd.viewcvs-markup" class="webrepository">AuthorColumn.java</a>&#160;<span class="new">(new&#160;1)</span>,
        <a href="http://svn.sourceforge.net/viewvc/statsvn/trunk/statsvn/src/net/sf/statcvs/reportmodel/Column.java?rev=5&amp;content-type=text/vnd.viewcvs-markup" class="webrepository">Column.java</a>&#160;<span class="new">(new)</span>,
        <a href="http://svn.sourceforge.net/viewvc/statsvn/trunk/statsvn/src/net/sf/statcvs/reportmodel/DirectoryColumn.java?rev=5&amp;content-type=text/vnd.viewcvs-markup" class="webrepository">DirectoryColumn.java</a>&#160;<span class="new">(new&#160;1)</span>,
        <a href="http://svn.sourceforge.net/viewvc/statsvn/trunk/statsvn/src/net/sf/statcvs/reportmodel/FileColumn.java?rev=5&amp;content-type=text/vnd.viewcvs-markup" class="webrepository">FileColumn.java</a>&#160;<span class="new">(new&#160;2)</span>,
        <a href="http://svn.sourceforge.net/viewvc/statsvn/trunk/statsvn/src/net/sf/statcvs/reportmodel/GenericColumn.java?rev=5&amp;content-type=text/vnd.viewcvs-markup" class="webrepository">GenericColumn.java</a>&#160;<span class="new">(new&#160;6)</span>,
        <a href="http://svn.sourceforge.net/viewvc/statsvn/trunk/statsvn/src/net/sf/statcvs/reportmodel/HelperTimePoint.java?rev=5&amp;content-type=text/vnd.viewcvs-markup" class="webrepository">HelperTimePoint.java</a>&#160;<span class="new">(new&#160;5)</span>,
        <a href="http://svn.sourceforge.net/viewvc/statsvn/trunk/statsvn/src/net/sf/statcvs/reportmodel/IntegerColumn.java?rev=5&amp;content-type=text/vnd.viewcvs-markup" class="webrepository">IntegerColumn.java</a>&#160;<span class="new">(new&#160;10)</span>,
        <a href="http://svn.sourceforge.net/viewvc/statsvn/trunk/statsvn/src/net/sf/statcvs/reportmodel/RatioColumn.java?rev=5&amp;content-type=text/vnd.viewcvs-markup" class="webrepository">RatioColumn.java</a>&#160;<span class="new">(new&#160;6)</span>,
        <a href="http://svn.sourceforge.net/viewvc/statsvn/trunk/statsvn/src/net/sf/statcvs/reportmodel/SimpleTextColumn.java?rev=5&amp;content-type=text/vnd.viewcvs-markup" class="webrepository">SimpleTextColumn.java</a>&#160;<span class="new">(new&#160;1)</span>,
        <a href="http://svn.sourceforge.net/viewvc/statsvn/trunk/statsvn/src/net/sf/statcvs/reportmodel/Table.java?rev=5&amp;content-type=text/vnd.viewcvs-markup" class="webrepository">Table.java</a>&#160;<span class="new">(new&#160;6)</span>,
        <a href="http://svn.sourceforge.net/viewvc/statsvn/trunk/statsvn/src/net/sf/statcvs/reportmodel/TimeLine.java?rev=5&amp;content-type=text/vnd.viewcvs-markup" class="webrepository">TimeLine.java</a>&#160;<span class="new">(new&#160;9)</span>,
        <a href="http://svn.sourceforge.net/viewvc/statsvn/trunk/statsvn/src/net/sf/statcvs/reportmodel/TimePoint.java?rev=5&amp;content-type=text/vnd.viewcvs-markup" class="webrepository">TimePoint.java</a>&#160;<span class="new">(new&#160;1)</span>
      </li>
    </ul>
  </dd>

</dl>

</subsection></subsection><div id="generatedby"><p>Generated by <a href="http://www.statsvn.org">StatSVN</a> 0.2.0</p>
</div>
</section></body>
</document>