<?xml version="1.0" encoding="US-ASCII"?>
<document xmlns:lxslt="http://xml.apache.org/xslt">
<properties><title>Module </title></properties>
<head>
    <meta http-equiv="Content-Type" content="text/html; charset=ISO-8859-1"/>
    <meta name="Generator" content="StatCVS 0.2.4"/>
    <link rel="stylesheet" href="objectlab-statcvs-xdoc.css" type="text/css"/>
  </head>

<body><section name="Module ">
<p><a href="index.html">back to main page</a></p>
<p class="summaryperiod">
  Summary Period:
  <span class="date">2006-01-19</span> to
  <span class="date">2006-11-28</span></p>
<p><a href="http://svn.sourceforge.net/viewvc/statsvn/trunk/statsvn/">Browse with ViewVC</a></p>

<subsection name ="Modules">
<p><strong>[root]</strong>
<br/>&#160;&#160;&#160;&#160;<img src="folder.png" width="15" height="13" alt=""/> 
<a href="module_.settings.html">.settings</a> 
(3 files, 267 lines)<br/>

&#160;&#160;&#160;&#160;<img src="folder.png" width="15" height="13" alt=""/> 
<a href="module_devdoc.html">devdoc</a> 
(3 files, 126 lines)<br/>

&#160;&#160;&#160;&#160;<img src="folder.png" width="15" height="13" alt=""/> 
<a href="module_etc.html">etc</a> 
(3 files, 542 lines)<br/>

&#160;&#160;&#160;&#160;<img src="folder.png" width="15" height="13" alt=""/> 
<a href="module_lib.html">lib</a> 
(5 files, 0 lines)<br/>

&#160;&#160;&#160;&#160;<img src="folder.png" width="15" height="13" alt=""/> 
<a href="module_site.html">site</a> 
(4 files, 119 lines)<br/>

&#160;&#160;&#160;&#160;&#160;&#160;&#160;&#160;<img src="folder.png" width="15" height="13" alt=""/> 
<a href="module_site_press.html">press</a> 
(2 files, 89 lines)<br/>

&#160;&#160;&#160;&#160;&#160;&#160;&#160;&#160;<img src="folder.png" width="15" height="13" alt=""/> 
<a href="module_site_style.html">style</a> 
(1 files, 146 lines)<br/>

&#160;&#160;&#160;&#160;<img src="folder.png" width="15" height="13" alt=""/> 
<a href="module_src.html">src</a> 
(0 files, 0 lines)<br/>

&#160;&#160;&#160;&#160;&#160;&#160;&#160;&#160;<img src="folder.png" width="15" height="13" alt=""/> 
<a href="module_src_net.html">net</a> 
(0 files, 0 lines)<br/>

&#160;&#160;&#160;&#160;&#160;&#160;&#160;&#160;&#160;&#160;&#160;&#160;<img src="folder.png" width="15" height="13" alt=""/> 
<a href="module_src_net_sf.html">sf</a> 
(0 files, 0 lines)<br/>

&#160;&#160;&#160;&#160;&#160;&#160;&#160;&#160;&#160;&#160;&#160;&#160;&#160;&#160;&#160;&#160;<img src="folder-deleted.png" width="15" height="13" alt=""/> 
<a href="module_src_net_sf_statcvs.html">statcvs</a> 
(0 files, 0 lines)<br/>

&#160;&#160;&#160;&#160;&#160;&#160;&#160;&#160;&#160;&#160;&#160;&#160;&#160;&#160;&#160;&#160;&#160;&#160;&#160;&#160;<img src="folder-deleted.png" width="15" height="13" alt=""/> 
<a href="module_src_net_sf_statcvs_ant.html">ant</a> 
(0 files, 0 lines)<br/>

&#160;&#160;&#160;&#160;&#160;&#160;&#160;&#160;&#160;&#160;&#160;&#160;&#160;&#160;&#160;&#160;&#160;&#160;&#160;&#160;<img src="folder-deleted.png" width="15" height="13" alt=""/> 
<a href="module_src_net_sf_statcvs_input.html">input</a> 
(0 files, 0 lines)<br/>

&#160;&#160;&#160;&#160;&#160;&#160;&#160;&#160;&#160;&#160;&#160;&#160;&#160;&#160;&#160;&#160;&#160;&#160;&#160;&#160;<img src="folder-deleted.png" width="15" height="13" alt=""/> 
<a href="module_src_net_sf_statcvs_model.html">model</a> 
(0 files, 0 lines)<br/>

&#160;&#160;&#160;&#160;&#160;&#160;&#160;&#160;&#160;&#160;&#160;&#160;&#160;&#160;&#160;&#160;&#160;&#160;&#160;&#160;<img src="folder-deleted.png" width="15" height="13" alt=""/> 
<a href="module_src_net_sf_statcvs_output.html">output</a> 
(0 files, 0 lines)<br/>

&#160;&#160;&#160;&#160;&#160;&#160;&#160;&#160;&#160;&#160;&#160;&#160;&#160;&#160;&#160;&#160;&#160;&#160;&#160;&#160;<img src="folder-deleted.png" width="15" height="13" alt=""/> 
<a href="module_src_net_sf_statcvs_renderer.html">renderer</a> 
(0 files, 0 lines)<br/>

&#160;&#160;&#160;&#160;&#160;&#160;&#160;&#160;&#160;&#160;&#160;&#160;&#160;&#160;&#160;&#160;&#160;&#160;&#160;&#160;<img src="folder-deleted.png" width="15" height="13" alt=""/> 
<a href="module_src_net_sf_statcvs_reportmodel.html">reportmodel</a> 
(0 files, 0 lines)<br/>

&#160;&#160;&#160;&#160;&#160;&#160;&#160;&#160;&#160;&#160;&#160;&#160;&#160;&#160;&#160;&#160;&#160;&#160;&#160;&#160;<img src="folder-deleted.png" width="15" height="13" alt=""/> 
<a href="module_src_net_sf_statcvs_reports.html">reports</a> 
(0 files, 0 lines)<br/>

&#160;&#160;&#160;&#160;&#160;&#160;&#160;&#160;&#160;&#160;&#160;&#160;&#160;&#160;&#160;&#160;&#160;&#160;&#160;&#160;<img src="folder-deleted.png" width="15" height="13" alt=""/> 
<a href="module_src_net_sf_statcvs_util.html">util</a> 
(0 files, 0 lines)<br/>

&#160;&#160;&#160;&#160;&#160;&#160;&#160;&#160;&#160;&#160;&#160;&#160;&#160;&#160;&#160;&#160;&#160;&#160;&#160;&#160;<img src="folder-deleted.png" width="15" height="13" alt=""/> 
<a href="module_src_net_sf_statcvs_web-files.html">web-files</a> 
(0 files, 0 lines)<br/>

&#160;&#160;&#160;&#160;&#160;&#160;&#160;&#160;&#160;&#160;&#160;&#160;&#160;&#160;&#160;&#160;<img src="folder.png" width="15" height="13" alt=""/> 
<a href="module_src_net_sf_statsvn.html">statsvn</a> 
(5 files, 382 lines)<br/>

&#160;&#160;&#160;&#160;&#160;&#160;&#160;&#160;&#160;&#160;&#160;&#160;&#160;&#160;&#160;&#160;&#160;&#160;&#160;&#160;<img src="folder.png" width="15" height="13" alt=""/> 
<a href="module_src_net_sf_statsvn_ant.html">ant</a> 
(2 files, 99 lines)<br/>

&#160;&#160;&#160;&#160;&#160;&#160;&#160;&#160;&#160;&#160;&#160;&#160;&#160;&#160;&#160;&#160;&#160;&#160;&#160;&#160;<img src="folder.png" width="15" height="13" alt=""/> 
<a href="module_src_net_sf_statsvn_input.html">input</a> 
(12 files, 3229 lines)<br/>

&#160;&#160;&#160;&#160;&#160;&#160;&#160;&#160;&#160;&#160;&#160;&#160;&#160;&#160;&#160;&#160;&#160;&#160;&#160;&#160;<img src="folder-deleted.png" width="15" height="13" alt=""/> 
<a href="module_src_net_sf_statsvn_model.html">model</a> 
(0 files, 0 lines)<br/>

&#160;&#160;&#160;&#160;&#160;&#160;&#160;&#160;&#160;&#160;&#160;&#160;&#160;&#160;&#160;&#160;&#160;&#160;&#160;&#160;<img src="folder.png" width="15" height="13" alt=""/> 
<a href="module_src_net_sf_statsvn_output.html">output</a> 
(4 files, 370 lines)<br/>

&#160;&#160;&#160;&#160;&#160;&#160;&#160;&#160;&#160;&#160;&#160;&#160;&#160;&#160;&#160;&#160;&#160;&#160;&#160;&#160;<img src="folder-deleted.png" width="15" height="13" alt=""/> 
<a href="module_src_net_sf_statsvn_renderer.html">renderer</a> 
(0 files, 0 lines)<br/>

&#160;&#160;&#160;&#160;&#160;&#160;&#160;&#160;&#160;&#160;&#160;&#160;&#160;&#160;&#160;&#160;&#160;&#160;&#160;&#160;<img src="folder-deleted.png" width="15" height="13" alt=""/> 
<a href="module_src_net_sf_statsvn_reportmodel.html">reportmodel</a> 
(0 files, 0 lines)<br/>

&#160;&#160;&#160;&#160;&#160;&#160;&#160;&#160;&#160;&#160;&#160;&#160;&#160;&#160;&#160;&#160;&#160;&#160;&#160;&#160;<img src="folder-deleted.png" width="15" height="13" alt=""/> 
<a href="module_src_net_sf_statsvn_reports.html">reports</a> 
(0 files, 0 lines)<br/>

&#160;&#160;&#160;&#160;&#160;&#160;&#160;&#160;&#160;&#160;&#160;&#160;&#160;&#160;&#160;&#160;&#160;&#160;&#160;&#160;<img src="folder.png" width="15" height="13" alt=""/> 
<a href="module_src_net_sf_statsvn_util.html">util</a> 
(13 files, 1414 lines)<br/>

&#160;&#160;&#160;&#160;<img src="folder.png" width="15" height="13" alt=""/> 
<a href="module_tests-src.html">tests-src</a> 
(0 files, 0 lines)<br/>

&#160;&#160;&#160;&#160;&#160;&#160;&#160;&#160;<img src="folder.png" width="15" height="13" alt=""/> 
<a href="module_tests-src_net.html">net</a> 
(0 files, 0 lines)<br/>

&#160;&#160;&#160;&#160;&#160;&#160;&#160;&#160;&#160;&#160;&#160;&#160;<img src="folder.png" width="15" height="13" alt=""/> 
<a href="module_tests-src_net_sf.html">sf</a> 
(0 files, 0 lines)<br/>

&#160;&#160;&#160;&#160;&#160;&#160;&#160;&#160;&#160;&#160;&#160;&#160;&#160;&#160;&#160;&#160;<img src="folder-deleted.png" width="15" height="13" alt=""/> 
<a href="module_tests-src_net_sf_statcvs.html">statcvs</a> 
(0 files, 0 lines)<br/>

&#160;&#160;&#160;&#160;&#160;&#160;&#160;&#160;&#160;&#160;&#160;&#160;&#160;&#160;&#160;&#160;&#160;&#160;&#160;&#160;<img src="folder-deleted.png" width="15" height="13" alt=""/> 
<a href="module_tests-src_net_sf_statcvs_input.html">input</a> 
(0 files, 0 lines)<br/>

&#160;&#160;&#160;&#160;&#160;&#160;&#160;&#160;&#160;&#160;&#160;&#160;&#160;&#160;&#160;&#160;&#160;&#160;&#160;&#160;&#160;&#160;&#160;&#160;<img src="folder-deleted.png" width="15" height="13" alt=""/> 
<a href="module_tests-src_net_sf_statcvs_input_samplefiles.html">samplefiles</a> 
(0 files, 0 lines)<br/>

&#160;&#160;&#160;&#160;&#160;&#160;&#160;&#160;&#160;&#160;&#160;&#160;&#160;&#160;&#160;&#160;&#160;&#160;&#160;&#160;<img src="folder-deleted.png" width="15" height="13" alt=""/> 
<a href="module_tests-src_net_sf_statcvs_model.html">model</a> 
(0 files, 0 lines)<br/>

&#160;&#160;&#160;&#160;&#160;&#160;&#160;&#160;&#160;&#160;&#160;&#160;&#160;&#160;&#160;&#160;&#160;&#160;&#160;&#160;<img src="folder-deleted.png" width="15" height="13" alt=""/> 
<a href="module_tests-src_net_sf_statcvs_output.html">output</a> 
(0 files, 0 lines)<br/>

&#160;&#160;&#160;&#160;&#160;&#160;&#160;&#160;&#160;&#160;&#160;&#160;&#160;&#160;&#160;&#160;&#160;&#160;&#160;&#160;<img src="folder-deleted.png" width="15" height="13" alt=""/> 
<a href="module_tests-src_net_sf_statcvs_renderer.html">renderer</a> 
(0 files, 0 lines)<br/>

&#160;&#160;&#160;&#160;&#160;&#160;&#160;&#160;&#160;&#160;&#160;&#160;&#160;&#160;&#160;&#160;&#160;&#160;&#160;&#160;<img src="folder-deleted.png" width="15" height="13" alt=""/> 
<a href="module_tests-src_net_sf_statcvs_reportmodel.html">reportmodel</a> 
(0 files, 0 lines)<br/>

&#160;&#160;&#160;&#160;&#160;&#160;&#160;&#160;&#160;&#160;&#160;&#160;&#160;&#160;&#160;&#160;&#160;&#160;&#160;&#160;<img src="folder-deleted.png" width="15" height="13" alt=""/> 
<a href="module_tests-src_net_sf_statcvs_util.html">util</a> 
(0 files, 0 lines)<br/>

&#160;&#160;&#160;&#160;&#160;&#160;&#160;&#160;&#160;&#160;&#160;&#160;&#160;&#160;&#160;&#160;<img src="folder.png" width="15" height="13" alt=""/> 
<a href="module_tests-src_net_sf_statsvn.html">statsvn</a> 
(1 files, 61 lines)<br/>

&#160;&#160;&#160;&#160;&#160;&#160;&#160;&#160;&#160;&#160;&#160;&#160;&#160;&#160;&#160;&#160;&#160;&#160;&#160;&#160;<img src="folder.png" width="15" height="13" alt=""/> 
<a href="module_tests-src_net_sf_statsvn_input.html">input</a> 
(10 files, 1909 lines)<br/>

&#160;&#160;&#160;&#160;&#160;&#160;&#160;&#160;&#160;&#160;&#160;&#160;&#160;&#160;&#160;&#160;&#160;&#160;&#160;&#160;<img src="folder-deleted.png" width="15" height="13" alt=""/> 
<a href="module_tests-src_net_sf_statsvn_model.html">model</a> 
(0 files, 0 lines)<br/>

&#160;&#160;&#160;&#160;&#160;&#160;&#160;&#160;&#160;&#160;&#160;&#160;&#160;&#160;&#160;&#160;&#160;&#160;&#160;&#160;<img src="folder-deleted.png" width="15" height="13" alt=""/> 
<a href="module_tests-src_net_sf_statsvn_output.html">output</a> 
(0 files, 0 lines)<br/>

&#160;&#160;&#160;&#160;&#160;&#160;&#160;&#160;&#160;&#160;&#160;&#160;&#160;&#160;&#160;&#160;&#160;&#160;&#160;&#160;<img src="folder-deleted.png" width="15" height="13" alt=""/> 
<a href="module_tests-src_net_sf_statsvn_renderer.html">renderer</a> 
(0 files, 0 lines)<br/>

&#160;&#160;&#160;&#160;&#160;&#160;&#160;&#160;&#160;&#160;&#160;&#160;&#160;&#160;&#160;&#160;&#160;&#160;&#160;&#160;<img src="folder-deleted.png" width="15" height="13" alt=""/> 
<a href="module_tests-src_net_sf_statsvn_reportmodel.html">reportmodel</a> 
(0 files, 0 lines)<br/>

&#160;&#160;&#160;&#160;&#160;&#160;&#160;&#160;&#160;&#160;&#160;&#160;&#160;&#160;&#160;&#160;&#160;&#160;&#160;&#160;<img src="folder-deleted.png" width="15" height="13" alt=""/> 
<a href="module_tests-src_net_sf_statsvn_util.html">util</a> 
(0 files, 0 lines)<br/>

</p>

<subsection name ="Lines of Code">
<p><img src="loc_module.png" width="640" height="480" alt=""/><br/>
<strong>Total Lines Of Code: </strong>
3355 (<span class="date">2006-11-28 09:52</span>)</p>
</subsection>
<subsection name ="Authors">
  <table  class="statCvsTable" rules="groups" summary="All authors and the number of their changes and lines of code in this directory">
    <colgroup align="left"/>
    <colgroup align="right"/>
    <colgroup align="right"/>
    <colgroup align="right"/>
    <thead>
      <tr>
        <th>Author</th>
        <th>Changes</th>
        <th>Lines of Code</th>
        <th>Lines per Change</th>
      </tr>
    </thead>
    <tfoot>
      <tr>
        <th>Totals</th>
        <td>59 (100.0%)</td>
        <td>5986 (100.0%)</td>
        <td>101.4</td>
      </tr>
    </tfoot>
    <tbody>
      <tr  class="odd">
        <th><a href="user_benoitx.html" class="author">benoitx</a></th>
        <td>36 (61.0%)</td>
        <td>5354 (89.4%)</td>
        <td>148.7</td>
      </tr>
      <tr  class="even">
        <th><a href="user_jpdaigle.html" class="author">jpdaigle</a></th>
        <td>5 (8.5%)</td>
        <td>436 (7.3%)</td>
        <td>87.2</td>
      </tr>
      <tr  class="odd">
        <th><a href="user_jkealey.html" class="author">jkealey</a></th>
        <td>16 (27.1%)</td>
        <td>195 (3.3%)</td>
        <td>12.1</td>
      </tr>
      <tr  class="even">
        <th><a href="user_gunterm.html" class="author">gunterm</a></th>
        <td>2 (3.4%)</td>
        <td>1 (0.0%)</td>
        <td>0.5</td>
      </tr>
    </tbody>
  </table>

</subsection>
<subsection name ="Most Recent Commits">
<dl class="commitlist">
  <dt>
    <a href="user_benoitx.html" class="author">benoitx</a>
    <span class="date">2006-11-28 03:54</span>
  </dt>
  <dd>
    <p class="comment">
Small changes for website.
    </p>
    <p class="commitdetails"><strong>238</strong> lines of code changed in:</p>
    <ul class="commitdetails">
      <li>
        <a href="http://svn.sourceforge.net/viewvc/statsvn/trunk/statsvn/project.xml.diff?r1=171&amp;r2=172" class="webrepository">project.xml</a>&#160;<span class="change">(+34&#160;-26)</span>,
        <a href="http://svn.sourceforge.net/viewvc/statsvn/trunk/statsvn/qalab.xml.diff?r1=167&amp;r2=172" class="webrepository">qalab.xml</a>&#160;<span class="change">(+204)</span>
      </li>
    </ul>
  </dd>

  <dt>
    <a href="user_benoitx.html" class="author">benoitx</a>
    <span class="date">2006-11-28 01:22</span>
  </dt>
  <dd>
    <p class="comment">
typo
    </p>
    <p class="commitdetails"><strong>1</strong> lines of code changed in:</p>
    <ul class="commitdetails">
      <li>
        <a href="http://svn.sourceforge.net/viewvc/statsvn/trunk/statsvn/project.xml.diff?r1=167&amp;r2=171" class="webrepository">project.xml</a>&#160;<span class="change">(+1&#160;-1)</span>
      </li>
    </ul>
  </dd>

  <dt>
    <a href="user_benoitx.html" class="author">benoitx</a>
    <span class="date">2006-11-23 22:32</span>
  </dt>
  <dd>
    <p class="comment">
tidying up the website
    </p>
    <p class="commitdetails"><strong>29</strong> lines of code changed in:</p>
    <ul class="commitdetails">
      <li>
        <a href="http://svn.sourceforge.net/viewvc/statsvn/trunk/statsvn/project.properties.diff?r1=155&amp;r2=167" class="webrepository">project.properties</a>&#160;<span class="change">(+4&#160;-1)</span>,
        <a href="http://svn.sourceforge.net/viewvc/statsvn/trunk/statsvn/project.xml.diff?r1=165&amp;r2=167" class="webrepository">project.xml</a>&#160;<span class="change">(+22&#160;-5)</span>,
        <a href="http://svn.sourceforge.net/viewvc/statsvn/trunk/statsvn/qalab.xml.diff?r1=165&amp;r2=167" class="webrepository">qalab.xml</a>&#160;<span class="change">(+3&#160;-3)</span>
      </li>
    </ul>
  </dd>

  <dt>
    <a href="user_benoitx.html" class="author">benoitx</a>
    <span class="date">2006-11-23 00:50</span>
  </dt>
  <dd>
    <p class="comment">
Bit of tidy up for the website.
    </p>
    <p class="commitdetails"><strong>72</strong> lines of code changed in:</p>
    <ul class="commitdetails">
      <li>
        <a href="http://svn.sourceforge.net/viewvc/statsvn/trunk/statsvn/project.xml.diff?r1=155&amp;r2=165" class="webrepository">project.xml</a>&#160;<span class="change">(+4&#160;-4)</span>,
        <a href="http://svn.sourceforge.net/viewvc/statsvn/trunk/statsvn/qalab.xml.diff?r1=164&amp;r2=165" class="webrepository">qalab.xml</a>&#160;<span class="change">(+68)</span>
      </li>
    </ul>
  </dd>

  <dt>
    <a href="user_benoitx.html" class="author">benoitx</a>
    <span class="date">2006-11-22 23:55</span>
  </dt>
  <dd>
    <p class="comment">
A fair amount of tidy up following warnings from FindBugs, PMD, Checkstyle.
    </p>
    <p class="commitdetails"><strong>96</strong> lines of code changed in:</p>
    <ul class="commitdetails">
      <li>
        <a href="http://svn.sourceforge.net/viewvc/statsvn/trunk/statsvn/.classpath.diff?r1=155&amp;r2=164" class="webrepository">.classpath</a>&#160;<span class="change">(+2&#160;-1)</span>,
        <a href="http://svn.sourceforge.net/viewvc/statsvn/trunk/statsvn/qalab.xml.diff?r1=155&amp;r2=164" class="webrepository">qalab.xml</a>&#160;<span class="change">(+94)</span>
      </li>
    </ul>
  </dd>

  <dt>
    <a href="user_benoitx.html" class="author">benoitx</a>
    <span class="date">2006-11-21 00:08</span>
  </dt>
  <dd>
    <p class="comment">
Attention... <br/>
StatSvn no longer contains the StatCvs code, instead it shall depend on statcvs-0.2.4.jar (or whichever version StatCvs shall use when they take our changes).<br/>
A fair amount of changes will make it to StatCvs in order to support xdoc (in StatCvs), XHTML generation and use of StringBuffers.<br/>
Jason will do the StatCvs checkin soon, in the meantime I include statcvs-0.2.4.jar in the lib directory. <br/>
Enjoy
    </p>
    <p class="commitdetails"><strong>101</strong> lines of code changed in:</p>
    <ul class="commitdetails">
      <li>
        <a href="http://svn.sourceforge.net/viewvc/statsvn/trunk/statsvn/.classpath.diff?r1=120&amp;r2=155" class="webrepository">.classpath</a>&#160;<span class="change">(+1)</span>,
        <a href="http://svn.sourceforge.net/viewvc/statsvn/trunk/statsvn/build.xml.diff?r1=153&amp;r2=155" class="webrepository">build.xml</a>&#160;<span class="change">(+6&#160;-4)</span>,
        <a href="http://svn.sourceforge.net/viewvc/statsvn/trunk/statsvn/project.properties.diff?r1=149&amp;r2=155" class="webrepository">project.properties</a>&#160;<span class="change">(+2&#160;-2)</span>,
        <a href="http://svn.sourceforge.net/viewvc/statsvn/trunk/statsvn/project.xml.diff?r1=149&amp;r2=155" class="webrepository">project.xml</a>&#160;<span class="change">(+18&#160;-7)</span>,
        <a href="http://svn.sourceforge.net/viewvc/statsvn/trunk/statsvn/qalab.xml.diff?r1=150&amp;r2=155" class="webrepository">qalab.xml</a>&#160;<span class="change">(+74)</span>
      </li>
    </ul>
  </dd>

  <dt>
    <a href="user_benoitx.html" class="author">benoitx</a>
    <span class="date">2006-11-20 00:26</span>
  </dt>
  <dd>
    <p class="comment">
zip.source should not include the target from Maven.
    </p>
    <p class="commitdetails"><strong>1</strong> lines of code changed in:</p>
    <ul class="commitdetails">
      <li>
        <a href="http://svn.sourceforge.net/viewvc/statsvn/trunk/statsvn/build.xml.diff?r1=146&amp;r2=153" class="webrepository">build.xml</a>&#160;<span class="change">(+1&#160;-1)</span>
      </li>
    </ul>
  </dd>

  <dt>
    <a href="user_benoitx.html" class="author">benoitx</a>
    <span class="date">2006-11-19 23:55</span>
  </dt>
  <dd>
    <p class="comment">
Last couple of fixes for 0.1.3 release
    </p>
    <p class="commitdetails"><strong>391</strong> lines of code changed in:</p>
    <ul class="commitdetails">
      <li>
        <a href="http://svn.sourceforge.net/viewvc/statsvn/trunk/statsvn/qalab.xml.diff?r1=149&amp;r2=150" class="webrepository">qalab.xml</a>&#160;<span class="change">(+391&#160;-117)</span>
      </li>
    </ul>
  </dd>

  <dt>
    <a href="user_benoitx.html" class="author">benoitx</a>
    <span class="date">2006-11-19 20:58</span>
  </dt>
  <dd>
    <p class="comment">
cleaned stats and added a Change report.
    </p>
    <p class="commitdetails"><strong>131</strong> lines of code changed in:</p>
    <ul class="commitdetails">
      <li>
        <a href="http://svn.sourceforge.net/viewvc/statsvn/trunk/statsvn/project.properties.diff?r1=146&amp;r2=149" class="webrepository">project.properties</a>&#160;<span class="change">(+1&#160;-1)</span>,
        <a href="http://svn.sourceforge.net/viewvc/statsvn/trunk/statsvn/project.xml.diff?r1=146&amp;r2=149" class="webrepository">project.xml</a>&#160;<span class="change">(+13&#160;-6)</span>,
        <a href="http://svn.sourceforge.net/viewvc/statsvn/trunk/statsvn/qalab.xml.diff?r1=146&amp;r2=149" class="webrepository">qalab.xml</a>&#160;<span class="change">(+117&#160;-905)</span>
      </li>
    </ul>
  </dd>

  <dt>
    <a href="user_benoitx.html" class="author">benoitx</a>
    <span class="date">2006-11-19 19:40</span>
  </dt>
  <dd>
    <p class="comment">
build and stats are also using the new net.sf.statsvn
    </p>
    <p class="commitdetails"><strong>1216</strong> lines of code changed in:</p>
    <ul class="commitdetails">
      <li>
        <a href="http://svn.sourceforge.net/viewvc/statsvn/trunk/statsvn/build.xml.diff?r1=120&amp;r2=146" class="webrepository">build.xml</a>&#160;<span class="change">(+3&#160;-3)</span>,
        <a href="http://svn.sourceforge.net/viewvc/statsvn/trunk/statsvn/project.properties.diff?r1=140&amp;r2=146" class="webrepository">project.properties</a>&#160;<span class="change">(+8&#160;-4)</span>,
        <a href="http://svn.sourceforge.net/viewvc/statsvn/trunk/statsvn/project.xml.diff?r1=136&amp;r2=146" class="webrepository">project.xml</a>&#160;<span class="change">(+1&#160;-1)</span>,
        <a href="http://svn.sourceforge.net/viewvc/statsvn/trunk/statsvn/qalab.xml.diff?r1=141&amp;r2=146" class="webrepository">qalab.xml</a>&#160;<span class="change">(+1204&#160;-144)</span>
      </li>
    </ul>
  </dd>

  <dt>
    <a href="user_benoitx.html" class="author">benoitx</a>
    <span class="date">2006-11-18 01:14</span>
  </dt>
  <dd>
    <p class="comment">
Fixed some checkstyle issues (using final wherever possible, hence a few changes...)<br/>
Introduced constants and rename final static method in upper case (was inconsistent).<br/>
Also there were a few inconsistencies in the use of { on the same line as for or if.<br/>
Re-ordered private/static/final keywords to follow java standard (e.g. private static final...)<br/>
I hope this is ok.
    </p>
    <p class="commitdetails"><strong>301</strong> lines of code changed in:</p>
    <ul class="commitdetails">
      <li>
        <a href="http://svn.sourceforge.net/viewvc/statsvn/trunk/statsvn/qalab.xml.diff?r1=138&amp;r2=141" class="webrepository">qalab.xml</a>&#160;<span class="change">(+301&#160;-11)</span>
      </li>
    </ul>
  </dd>

  <dt>
    <a href="user_benoitx.html" class="author">benoitx</a>
    <span class="date">2006-11-17 00:58</span>
  </dt>
  <dd>
    <p class="comment">
Adding consistent style for Maven build.
    </p>
    <p class="commitdetails"><strong>2</strong> lines of code changed in:</p>
    <ul class="commitdetails">
      <li>
        <a href="http://svn.sourceforge.net/viewvc/statsvn/trunk/statsvn/project.properties.diff?r1=138&amp;r2=140" class="webrepository">project.properties</a>&#160;<span class="change">(+2)</span>
      </li>
    </ul>
  </dd>

  <dt>
    <a href="user_benoitx.html" class="author">benoitx</a>
    <span class="date">2006-11-17 00:39</span>
  </dt>
  <dd>
    <p class="comment">
Replaced string concatenation with StringBuffer<br/>
Added a few final on constructor parameters.<br/>
Fixed a few FindBugs/PMD/Checkstyle.<br/>
Added a site navigation file for Maven.
    </p>
    <p class="commitdetails"><strong>1002</strong> lines of code changed in:</p>
    <ul class="commitdetails">
      <li>
        <a href="http://svn.sourceforge.net/viewvc/statsvn/trunk/statsvn/project.properties.diff?r1=137&amp;r2=138" class="webrepository">project.properties</a>&#160;<span class="change">(+2)</span>,
        <a href="http://svn.sourceforge.net/viewvc/statsvn/trunk/statsvn/qalab.xml.diff?r1=137&amp;r2=138" class="webrepository">qalab.xml</a>&#160;<span class="change">(+1000&#160;-92)</span>
      </li>
    </ul>
  </dd>

  <dt>
    <a href="user_benoitx.html" class="author">benoitx</a>
    <span class="date">2006-11-16 11:10</span>
  </dt>
  <dd>
    <p class="comment">
First cut for the refactored html/xdoc generation.<br/>
Use the new command line parameter -format xdoc|html (html by default).<br/>
When xdoc is used and NO css is provided, it will use the objectlab-statcvs-xdoc.css which is now part of StatSvn.<br/>
This checkin also resurrect the Maven build.
    </p>
    <p class="commitdetails"><strong>446</strong> lines of code changed in:</p>
    <ul class="commitdetails">
      <li>
        <a href="http://svn.sourceforge.net/viewvc/statsvn/trunk/statsvn/project.properties.diff?r1=135&amp;r2=137" class="webrepository">project.properties</a>&#160;<span class="change">(+7&#160;-1)</span>,
        <a href="http://svn.sourceforge.net/viewvc/statsvn/trunk/statsvn/qalab.xml.diff?r1=134&amp;r2=137" class="webrepository">qalab.xml</a>&#160;<span class="change">(+439&#160;-941)</span>
      </li>
    </ul>
  </dd>

  <dt>
    <a href="user_benoitx.html" class="author">benoitx</a>
    <span class="date">2006-11-15 22:58</span>
  </dt>
  <dd>
    <p class="comment">
restrict the tests to the ones run by AllTests in ant.
    </p>
    <p class="commitdetails"><strong>19</strong> lines of code changed in:</p>
    <ul class="commitdetails">
      <li>
        <a href="http://svn.sourceforge.net/viewvc/statsvn/trunk/statsvn/project.xml.diff?r1=134&amp;r2=136" class="webrepository">project.xml</a>&#160;<span class="change">(+19&#160;-14)</span>
      </li>
    </ul>
  </dd>

  <dt>
    <a href="user_benoitx.html" class="author">benoitx</a>
    <span class="date">2006-11-15 20:10</span>
  </dt>
  <dd>
    <p class="comment">
Change the date format.
    </p>
    <p class="commitdetails"><strong>3</strong> lines of code changed in:</p>
    <ul class="commitdetails">
      <li>
        <a href="http://svn.sourceforge.net/viewvc/statsvn/trunk/statsvn/project.properties.diff?r1=132&amp;r2=135" class="webrepository">project.properties</a>&#160;<span class="change">(+3&#160;-1)</span>
      </li>
    </ul>
  </dd>

  <dt>
    <a href="user_benoitx.html" class="author">benoitx</a>
    <span class="date">2006-11-15 18:05</span>
  </dt>
  <dd>
    <p class="comment">
Resurrect the Maven build. Added qalab to it... of course!
    </p>
    <p class="commitdetails"><strong>1295</strong> lines of code changed in:</p>
    <ul class="commitdetails">
      <li>
        <a href="http://svn.sourceforge.net/viewvc/statsvn/trunk/statsvn/maven.xml.diff?r1=5&amp;r2=134" class="webrepository">maven.xml</a>&#160;<span class="change">(+31&#160;-34)</span>,
        <a href="http://svn.sourceforge.net/viewvc/statsvn/trunk/statsvn/project.xml.diff?r1=121&amp;r2=134" class="webrepository">project.xml</a>&#160;<span class="change">(+175&#160;-139)</span>,
        <a href="http://svn.sourceforge.net/viewvc/statsvn/trunk/statsvn/qalab.xml?rev=134&amp;content-type=text/vnd.viewcvs-markup" class="webrepository">qalab.xml</a>&#160;<span class="new">(new&#160;1089)</span>
      </li>
    </ul>
  </dd>

  <dt>
    <a href="user_benoitx.html" class="author">benoitx</a>
    <span class="date">2006-11-15 09:42</span>
  </dt>
  <dd>
    <p class="comment">
Well, I had to test if I really have commit rights.. ;-)
    </p>
    <p class="commitdetails"><strong>10</strong> lines of code changed in:</p>
    <ul class="commitdetails">
      <li>
        <a href="http://svn.sourceforge.net/viewvc/statsvn/trunk/statsvn/project.properties.diff?r1=131&amp;r2=132" class="webrepository">project.properties</a>&#160;<span class="change">(+10&#160;-1)</span>
      </li>
    </ul>
  </dd>

  <dt>
    <a href="user_jkealey.html" class="author">jkealey</a>
    <span class="date">2006-11-14 14:05</span>
  </dt>
  <dd>
    <p class="comment">
0.1.2
    </p>
    <p class="commitdetails"><strong>1</strong> lines of code changed in:</p>
    <ul class="commitdetails">
      <li>
        <a href="http://svn.sourceforge.net/viewvc/statsvn/trunk/statsvn/project.properties.diff?r1=120&amp;r2=131" class="webrepository">project.properties</a>&#160;<span class="change">(+1&#160;-1)</span>
      </li>
    </ul>
  </dd>

  <dt>
    <a href="user_jkealey.html" class="author">jkealey</a>
    <span class="date">2006-11-07 02:25</span>
  </dt>
  <dd>
    <p class="comment">
changes to sourceforge information
    </p>
    <p class="commitdetails"><strong>3</strong> lines of code changed in:</p>
    <ul class="commitdetails">
      <li>
        <a href="http://svn.sourceforge.net/viewvc/statsvn/trunk/statsvn/project.xml.diff?r1=120&amp;r2=121" class="webrepository">project.xml</a>&#160;<span class="change">(+3&#160;-16)</span>
      </li>
    </ul>
  </dd>

</dl>

<p>(12 more)</p>
</subsection></subsection><div id="generatedby"><p>Generated by <a href="http://www.statsvn.org">StatSVN</a> 0.2.0</p>
</div>
</section></body>
</document>