<?xml version="1.0" encoding="US-ASCII"?>
<document xmlns:lxslt="http://xml.apache.org/xslt">
<properties><title>Module src/net/sf/statsvn/</title></properties>
<head>
    <meta http-equiv="Content-Type" content="text/html; charset=ISO-8859-1"/>
    <meta name="Generator" content="StatCVS 0.2.4"/>
    <link rel="stylesheet" href="objectlab-statcvs-xdoc.css" type="text/css"/>
  </head>

<body><section name="Module src/net/sf/statsvn/">
<p><a href="index.html">back to main page</a></p>
<p class="summaryperiod">
  Summary Period:
  <span class="date">2006-01-19</span> to
  <span class="date">2006-11-22</span></p>
<p><a href="http://svn.sourceforge.net/viewvc/statsvn/trunk/statsvn/src/net/sf/statsvn/">Browse with ViewVC</a></p>

<subsection name ="Modules">
<p><a href="module.html">[root]</a>/<a href="module_src.html">src</a>/<a href="module_src_net.html">net</a>/<a href="module_src_net_sf.html">sf</a>/<strong>statsvn</strong>
<br/>&#160;&#160;&#160;&#160;<img src="folder.png" width="15" height="13" alt=""/> 
<a href="module_src_net_sf_statsvn_ant.html">ant</a> 
(2 files, 99 lines)<br/>

&#160;&#160;&#160;&#160;<img src="folder.png" width="15" height="13" alt=""/> 
<a href="module_src_net_sf_statsvn_input.html">input</a> 
(12 files, 3229 lines)<br/>

&#160;&#160;&#160;&#160;<img src="folder-deleted.png" width="15" height="13" alt=""/> 
<a href="module_src_net_sf_statsvn_model.html">model</a> 
(0 files, 0 lines)<br/>

&#160;&#160;&#160;&#160;<img src="folder.png" width="15" height="13" alt=""/> 
<a href="module_src_net_sf_statsvn_output.html">output</a> 
(4 files, 370 lines)<br/>

&#160;&#160;&#160;&#160;<img src="folder-deleted.png" width="15" height="13" alt=""/> 
<a href="module_src_net_sf_statsvn_renderer.html">renderer</a> 
(0 files, 0 lines)<br/>

&#160;&#160;&#160;&#160;<img src="folder-deleted.png" width="15" height="13" alt=""/> 
<a href="module_src_net_sf_statsvn_reportmodel.html">reportmodel</a> 
(0 files, 0 lines)<br/>

&#160;&#160;&#160;&#160;<img src="folder-deleted.png" width="15" height="13" alt=""/> 
<a href="module_src_net_sf_statsvn_reports.html">reports</a> 
(0 files, 0 lines)<br/>

&#160;&#160;&#160;&#160;<img src="folder.png" width="15" height="13" alt=""/> 
<a href="module_src_net_sf_statsvn_util.html">util</a> 
(13 files, 1414 lines)<br/>

</p>

<subsection name ="Lines of Code">
<p><img src="loc_module_src_net_sf_statsvn.png" width="640" height="480" alt=""/><br/>
<strong>Total Lines Of Code: </strong>
382 (<span class="date">2006-11-28 09:52</span>)</p>
</subsection>
<subsection name ="Authors">
  <table  class="statCvsTable" rules="groups" summary="All authors and the number of their changes and lines of code in this directory">
    <colgroup align="left"/>
    <colgroup align="right"/>
    <colgroup align="right"/>
    <colgroup align="right"/>
    <thead>
      <tr>
        <th>Author</th>
        <th>Changes</th>
        <th>Lines of Code</th>
        <th>Lines per Change</th>
      </tr>
    </thead>
    <tbody>
      <tr  class="odd">
        <th><a href="user_benoitx.html" class="author">benoitx</a></th>
        <td>21 (100.0%)</td>
        <td>35 (100.0%)</td>
        <td>1.6</td>
      </tr>
    </tbody>
  </table>

</subsection>
<subsection name ="Most Recent Commits">
<dl class="commitlist">
  <dt>
    <a href="user_benoitx.html" class="author">benoitx</a>
    <span class="date">2006-11-22 23:55</span>
  </dt>
  <dd>
    <p class="comment">
A fair amount of tidy up following warnings from FindBugs, PMD, Checkstyle.
    </p>
    <p class="commitdetails"><strong>15</strong> lines of code changed in:</p>
    <ul class="commitdetails">
      <li>
        <strong>src/net/sf/statsvn</strong>:
        <a href="http://svn.sourceforge.net/viewvc/statsvn/trunk/statsvn/src/net/sf/statsvn/Main.java.diff?r1=158&amp;r2=164" class="webrepository">Main.java</a>&#160;<span class="change">(+15&#160;-13)</span>
      </li>
    </ul>
  </dd>

  <dt>
    <a href="user_benoitx.html" class="author">benoitx</a>
    <span class="date">2006-11-22 16:34</span>
  </dt>
  <dd>
    <p class="comment">
line up one option 
    </p>
    <p class="commitdetails"><strong>1</strong> lines of code changed in:</p>
    <ul class="commitdetails">
      <li>
        <strong>src/net/sf/statsvn</strong>:
        <a href="http://svn.sourceforge.net/viewvc/statsvn/trunk/statsvn/src/net/sf/statsvn/Main.java.diff?r1=155&amp;r2=158" class="webrepository">Main.java</a>&#160;<span class="change">(+1&#160;-1)</span>
      </li>
    </ul>
  </dd>

  <dt>
    <a href="user_benoitx.html" class="author">benoitx</a>
    <span class="date">2006-11-21 00:08</span>
  </dt>
  <dd>
    <p class="comment">
Attention... <br/>
StatSvn no longer contains the StatCvs code, instead it shall depend on statcvs-0.2.4.jar (or whichever version StatCvs shall use when they take our changes).<br/>
A fair amount of changes will make it to StatCvs in order to support xdoc (in StatCvs), XHTML generation and use of StringBuffers.<br/>
Jason will do the StatCvs checkin soon, in the meantime I include statcvs-0.2.4.jar in the lib directory. <br/>
Enjoy
    </p>
    <p class="commitdetails"><strong>18</strong> lines of code changed in:</p>
    <ul class="commitdetails">
      <li>
        <strong>src/net/sf/statsvn</strong>:
        <a href="http://svn.sourceforge.net/viewvc/statsvn/trunk/statsvn/src/net/sf/statsvn/Main.java.diff?r1=147&amp;r2=155" class="webrepository">Main.java</a>&#160;<span class="change">(+13&#160;-10)</span>,
        <a href="http://svn.sourceforge.net/viewvc/statsvn/trunk/statsvn/src/net/sf/statsvn/Messages.java?rev=144&amp;content-type=text/vnd.viewcvs-markup" class="webrepository">Messages.java</a>&#160;<span class="del">(del)</span>,
        <a href="http://svn.sourceforge.net/viewvc/statsvn/trunk/statsvn/src/net/sf/statsvn/logging-debug.properties.diff?r1=144&amp;r2=155" class="webrepository">logging-debug.properties</a>&#160;<span class="change">(+2&#160;-2)</span>,
        <a href="http://svn.sourceforge.net/viewvc/statsvn/trunk/statsvn/src/net/sf/statsvn/logging-verbose.properties.diff?r1=144&amp;r2=155" class="webrepository">logging-verbose.properties</a>&#160;<span class="change">(+2&#160;-2)</span>,
        <a href="http://svn.sourceforge.net/viewvc/statsvn/trunk/statsvn/src/net/sf/statsvn/logging.properties.diff?r1=143&amp;r2=155" class="webrepository">logging.properties</a>&#160;<span class="change">(+1&#160;-1)</span>,
        <a href="http://svn.sourceforge.net/viewvc/statsvn/trunk/statsvn/src/net/sf/statsvn/statcvs.properties?rev=155&amp;content-type=text/vnd.viewcvs-markup" class="webrepository">statcvs.properties</a>&#160;<span class="new">(new)</span>,
        <a href="http://svn.sourceforge.net/viewvc/statsvn/trunk/statsvn/src/net/sf/statsvn/web-files?rev=0.0&amp;content-type=text/vnd.viewcvs-markup" class="webrepository">web-files</a>&#160;<span class="del">(del)</span>
      </li>
    </ul>
  </dd>

  <dt>
    <a href="user_benoitx.html" class="author">benoitx</a>
    <span class="date">2006-11-19 20:08</span>
  </dt>
  <dd>
    <p class="comment">
Changing version number back to 0.1.3 in preparation to the 0.1.3 release.
    </p>
    <p class="commitdetails"><strong>1</strong> lines of code changed in:</p>
    <ul class="commitdetails">
      <li>
        <strong>src/net/sf/statsvn</strong>:
        <a href="http://svn.sourceforge.net/viewvc/statsvn/trunk/statsvn/src/net/sf/statsvn/Main.java.diff?r1=144&amp;r2=147" class="webrepository">Main.java</a>&#160;<span class="change">(+1&#160;-1)</span>
      </li>
    </ul>
  </dd>

  <dt>
    <a href="user_benoitx.html" class="author">benoitx</a>
    <span class="date">2006-11-19 19:35</span>
  </dt>
  <dd>
    <p class="comment">
Move to net.sf.statsvn
    </p>
    <p class="commitdetails"><strong>0</strong> lines of code changed in:</p>
    <ul class="commitdetails">
      <li>
        <strong>src/net/sf/statsvn</strong>:
        <a href="http://svn.sourceforge.net/viewvc/statsvn/trunk/statsvn/src/net/sf/statsvn/Main.java.diff?r1=144&amp;r2=144" class="webrepository">Main.java</a>&#160;<span class="change">(changed)</span>,
        <a href="http://svn.sourceforge.net/viewvc/statsvn/trunk/statsvn/src/net/sf/statsvn/Messages.java?rev=144&amp;content-type=text/vnd.viewcvs-markup" class="webrepository">Messages.java</a>&#160;<span class="change">(changed)</span>,
        <a href="http://svn.sourceforge.net/viewvc/statsvn/trunk/statsvn/src/net/sf/statsvn/logging-debug.properties.diff?r1=144&amp;r2=144" class="webrepository">logging-debug.properties</a>&#160;<span class="change">(changed)</span>,
        <a href="http://svn.sourceforge.net/viewvc/statsvn/trunk/statsvn/src/net/sf/statsvn/logging-verbose.properties.diff?r1=144&amp;r2=144" class="webrepository">logging-verbose.properties</a>&#160;<span class="change">(changed)</span>
      </li>
    </ul>
  </dd>

  <dt>
    <a href="user_benoitx.html" class="author">benoitx</a>
    <span class="date">2006-11-19 11:39</span>
  </dt>
  <dd>
    <p class="comment">
move to net.sf.statsvn 
    </p>
    <p class="commitdetails"><strong>0</strong> lines of code changed in:</p>
    <ul class="commitdetails">
      <li>
        <strong>src/net/sf/statsvn</strong>:
        <a href="http://svn.sourceforge.net/viewvc/statsvn/trunk/statsvn/src/net/sf/statsvn/logging.properties?rev=143&amp;content-type=text/vnd.viewcvs-markup" class="webrepository">logging.properties</a>&#160;<span class="new">(new)</span>
      </li>
    </ul>
  </dd>

</dl>

</subsection></subsection><div id="generatedby"><p>Generated by <a href="http://www.statsvn.org">StatSVN</a> 0.2.0</p>
</div>
</section></body>
</document>