<?xml version="1.0" encoding="US-ASCII"?>
<document xmlns:lxslt="http://xml.apache.org/xslt">
<properties><title>Module site/press/</title></properties>
<head>
    <meta http-equiv="Content-Type" content="text/html; charset=ISO-8859-1"/>
    <meta name="Generator" content="StatCVS 0.2.4"/>
    <link rel="stylesheet" href="objectlab-statcvs-xdoc.css" type="text/css"/>
  </head>

<body><section name="Module site/press/">
<p><a href="index.html">back to main page</a></p>
<p class="summaryperiod">
  Summary Period:
  <span class="date">2006-11-23</span> to
  <span class="date">2006-11-28</span></p>
<p><a href="http://svn.sourceforge.net/viewvc/statsvn/trunk/statsvn/site/press/">Browse with ViewVC</a></p>

<subsection name ="Modules">
<p><a href="module.html">[root]</a>/<a href="module_site.html">site</a>/<strong>press</strong>
<br/></p>

<subsection name ="Lines of Code">
<p><img src="loc_module_site_press.png" width="640" height="480" alt=""/><br/>
<strong>Total Lines Of Code: </strong>
89 (<span class="date">2006-11-28 09:52</span>)</p>
</subsection>
<subsection name ="Authors">
  <table  class="statCvsTable" rules="groups" summary="All authors and the number of their changes and lines of code in this directory">
    <colgroup align="left"/>
    <colgroup align="right"/>
    <colgroup align="right"/>
    <colgroup align="right"/>
    <thead>
      <tr>
        <th>Author</th>
        <th>Changes</th>
        <th>Lines of Code</th>
        <th>Lines per Change</th>
      </tr>
    </thead>
    <tbody>
      <tr  class="odd">
        <th><a href="user_benoitx.html" class="author">benoitx</a></th>
        <td>4 (100.0%)</td>
        <td>91 (100.0%)</td>
        <td>22.7</td>
      </tr>
    </tbody>
  </table>

</subsection>
<subsection name ="Most Recent Commits">
<dl class="commitlist">
  <dt>
    <a href="user_benoitx.html" class="author">benoitx</a>
    <span class="date">2006-11-28 04:13</span>
  </dt>
  <dd>
    <p class="comment">
Change link
    </p>
    <p class="commitdetails"><strong>1</strong> lines of code changed in:</p>
    <ul class="commitdetails">
      <li>
        <strong>site/press</strong>:
        <a href="http://svn.sourceforge.net/viewvc/statsvn/trunk/statsvn/site/press/press-release-0.2.0.txt.diff?r1=166&amp;r2=174" class="webrepository">press-release-0.2.0.txt</a>&#160;<span class="change">(+1&#160;-2)</span>
      </li>
    </ul>
  </dd>

  <dt>
    <a href="user_benoitx.html" class="author">benoitx</a>
    <span class="date">2006-11-28 03:54</span>
  </dt>
  <dd>
    <p class="comment">
Small changes for website.
    </p>
    <p class="commitdetails"><strong>14</strong> lines of code changed in:</p>
    <ul class="commitdetails">
      <li>
        <strong>site/press</strong>:
        <a href="http://svn.sourceforge.net/viewvc/statsvn/trunk/statsvn/site/press/index.xml.diff?r1=166&amp;r2=172" class="webrepository">index.xml</a>&#160;<span class="change">(+14)</span>
      </li>
    </ul>
  </dd>

  <dt>
    <a href="user_benoitx.html" class="author">benoitx</a>
    <span class="date">2006-11-23 19:44</span>
  </dt>
  <dd>
    <p class="comment">
Page for future "press" coverage.
    </p>
    <p class="commitdetails"><strong>76</strong> lines of code changed in:</p>
    <ul class="commitdetails">
      <li>
        <strong>site/press</strong>:
        <a href="http://svn.sourceforge.net/viewvc/statsvn/trunk/statsvn/site/press/index.xml?rev=166&amp;content-type=text/vnd.viewcvs-markup" class="webrepository">index.xml</a>&#160;<span class="new">(new&#160;35)</span>,
        <a href="http://svn.sourceforge.net/viewvc/statsvn/trunk/statsvn/site/press/press-release-0.2.0.txt?rev=166&amp;content-type=text/vnd.viewcvs-markup" class="webrepository">press-release-0.2.0.txt</a>&#160;<span class="new">(new&#160;41)</span>
      </li>
    </ul>
  </dd>

</dl>

</subsection></subsection><div id="generatedby"><p>Generated by <a href="http://www.statsvn.org">StatSVN</a> 0.2.0</p>
</div>
</section></body>
</document>