<?xml version="1.0" encoding="US-ASCII"?>
<document xmlns:lxslt="http://xml.apache.org/xslt">
<properties><title>Module site/</title></properties>
<head>
    <meta http-equiv="Content-Type" content="text/html; charset=ISO-8859-1"/>
    <meta name="Generator" content="StatCVS 0.2.4"/>
    <link rel="stylesheet" href="objectlab-statcvs-xdoc.css" type="text/css"/>
  </head>

<body><section name="Module site/">
<p><a href="index.html">back to main page</a></p>
<p class="summaryperiod">
  Summary Period:
  <span class="date">2006-11-17</span> to
  <span class="date">2006-11-28</span></p>
<p><a href="http://svn.sourceforge.net/viewvc/statsvn/trunk/statsvn/site/">Browse with ViewVC</a></p>

<subsection name ="Modules">
<p><a href="module.html">[root]</a>/<strong>site</strong>
<br/>&#160;&#160;&#160;&#160;<img src="folder.png" width="15" height="13" alt=""/> 
<a href="module_site_press.html">press</a> 
(2 files, 89 lines)<br/>

&#160;&#160;&#160;&#160;<img src="folder.png" width="15" height="13" alt=""/> 
<a href="module_site_style.html">style</a> 
(1 files, 146 lines)<br/>

</p>

<subsection name ="Lines of Code">
<p><img src="loc_module_site.png" width="640" height="480" alt=""/><br/>
<strong>Total Lines Of Code: </strong>
119 (<span class="date">2006-11-28 09:52</span>)</p>
</subsection>
<subsection name ="Authors">
  <table  class="statCvsTable" rules="groups" summary="All authors and the number of their changes and lines of code in this directory">
    <colgroup align="left"/>
    <colgroup align="right"/>
    <colgroup align="right"/>
    <colgroup align="right"/>
    <thead>
      <tr>
        <th>Author</th>
        <th>Changes</th>
        <th>Lines of Code</th>
        <th>Lines per Change</th>
      </tr>
    </thead>
    <tbody>
      <tr  class="odd">
        <th><a href="user_benoitx.html" class="author">benoitx</a></th>
        <td>13 (100.0%)</td>
        <td>133 (100.0%)</td>
        <td>10.2</td>
      </tr>
    </tbody>
  </table>

</subsection>
<subsection name ="Most Recent Commits">
<dl class="commitlist">
  <dt>
    <a href="user_benoitx.html" class="author">benoitx</a>
    <span class="date">2006-11-28 09:52</span>
  </dt>
  <dd>
    <p class="comment">
Added a link to stat-scm the Maven 2 plugin that uses StatSVN.
    </p>
    <p class="commitdetails"><strong>3</strong> lines of code changed in:</p>
    <ul class="commitdetails">
      <li>
        <strong>site</strong>:
        <a href="http://svn.sourceforge.net/viewvc/statsvn/trunk/statsvn/site/index.xml.diff?r1=167&amp;r2=175" class="webrepository">index.xml</a>&#160;<span class="change">(+2&#160;-1)</span>,
        <a href="http://svn.sourceforge.net/viewvc/statsvn/trunk/statsvn/site/navigation.xml.diff?r1=167&amp;r2=175" class="webrepository">navigation.xml</a>&#160;<span class="change">(+1)</span>
      </li>
    </ul>
  </dd>

  <dt>
    <a href="user_benoitx.html" class="author">benoitx</a>
    <span class="date">2006-11-28 04:07</span>
  </dt>
  <dd>
    <p class="comment">
added issue fixed last week about file count.
    </p>
    <p class="commitdetails"><strong>1</strong> lines of code changed in:</p>
    <ul class="commitdetails">
      <li>
        <strong>site</strong>:
        <a href="http://svn.sourceforge.net/viewvc/statsvn/trunk/statsvn/site/changes.xml.diff?r1=165&amp;r2=173" class="webrepository">changes.xml</a>&#160;<span class="change">(+1)</span>
      </li>
    </ul>
  </dd>

  <dt>
    <a href="user_benoitx.html" class="author">benoitx</a>
    <span class="date">2006-11-23 22:32</span>
  </dt>
  <dd>
    <p class="comment">
tidying up the website
    </p>
    <p class="commitdetails"><strong>43</strong> lines of code changed in:</p>
    <ul class="commitdetails">
      <li>
        <strong>site</strong>:
        <a href="http://svn.sourceforge.net/viewvc/statsvn/trunk/statsvn/site/index.xml.diff?r1=165&amp;r2=167" class="webrepository">index.xml</a>&#160;<span class="change">(+27&#160;-8)</span>,
        <a href="http://svn.sourceforge.net/viewvc/statsvn/trunk/statsvn/site/navigation.xml.diff?r1=165&amp;r2=167" class="webrepository">navigation.xml</a>&#160;<span class="change">(+16&#160;-4)</span>
      </li>
    </ul>
  </dd>

  <dt>
    <a href="user_benoitx.html" class="author">benoitx</a>
    <span class="date">2006-11-23 00:50</span>
  </dt>
  <dd>
    <p class="comment">
Bit of tidy up for the website.
    </p>
    <p class="commitdetails"><strong>44</strong> lines of code changed in:</p>
    <ul class="commitdetails">
      <li>
        <strong>site</strong>:
        <a href="http://svn.sourceforge.net/viewvc/statsvn/trunk/statsvn/site/changes.xml.diff?r1=155&amp;r2=165" class="webrepository">changes.xml</a>&#160;<span class="change">(+2)</span>,
        <a href="http://svn.sourceforge.net/viewvc/statsvn/trunk/statsvn/site/index.xml?rev=165&amp;content-type=text/vnd.viewcvs-markup" class="webrepository">index.xml</a>&#160;<span class="new">(new&#160;39)</span>,
        <a href="http://svn.sourceforge.net/viewvc/statsvn/trunk/statsvn/site/navigation.xml.diff?r1=147&amp;r2=165" class="webrepository">navigation.xml</a>&#160;<span class="change">(+3)</span>,
        <a href="http://svn.sourceforge.net/viewvc/statsvn/trunk/statsvn/site/statsvn.png?rev=165&amp;content-type=text/vnd.viewcvs-markup" class="webrepository">statsvn.png</a>&#160;<span class="new">(new)</span>
      </li>
    </ul>
  </dd>

  <dt>
    <a href="user_benoitx.html" class="author">benoitx</a>
    <span class="date">2006-11-21 00:08</span>
  </dt>
  <dd>
    <p class="comment">
Attention... <br/>
StatSvn no longer contains the StatCvs code, instead it shall depend on statcvs-0.2.4.jar (or whichever version StatCvs shall use when they take our changes).<br/>
A fair amount of changes will make it to StatCvs in order to support xdoc (in StatCvs), XHTML generation and use of StringBuffers.<br/>
Jason will do the StatCvs checkin soon, in the meantime I include statcvs-0.2.4.jar in the lib directory. <br/>
Enjoy
    </p>
    <p class="commitdetails"><strong>3</strong> lines of code changed in:</p>
    <ul class="commitdetails">
      <li>
        <strong>site</strong>:
        <a href="http://svn.sourceforge.net/viewvc/statsvn/trunk/statsvn/site/changes.xml.diff?r1=149&amp;r2=155" class="webrepository">changes.xml</a>&#160;<span class="change">(+3)</span>
      </li>
    </ul>
  </dd>

  <dt>
    <a href="user_benoitx.html" class="author">benoitx</a>
    <span class="date">2006-11-19 20:58</span>
  </dt>
  <dd>
    <p class="comment">
cleaned stats and added a Change report.
    </p>
    <p class="commitdetails"><strong>12</strong> lines of code changed in:</p>
    <ul class="commitdetails">
      <li>
        <strong>site</strong>:
        <a href="http://svn.sourceforge.net/viewvc/statsvn/trunk/statsvn/site/changes.xml?rev=149&amp;content-type=text/vnd.viewcvs-markup" class="webrepository">changes.xml</a>&#160;<span class="new">(new&#160;12)</span>
      </li>
    </ul>
  </dd>

  <dt>
    <a href="user_benoitx.html" class="author">benoitx</a>
    <span class="date">2006-11-19 20:08</span>
  </dt>
  <dd>
    <p class="comment">
Changing version number back to 0.1.3 in preparation to the 0.1.3 release.
    </p>
    <p class="commitdetails"><strong>8</strong> lines of code changed in:</p>
    <ul class="commitdetails">
      <li>
        <strong>site</strong>:
        <a href="http://svn.sourceforge.net/viewvc/statsvn/trunk/statsvn/site/navigation.xml.diff?r1=138&amp;r2=147" class="webrepository">navigation.xml</a>&#160;<span class="change">(+8&#160;-1)</span>
      </li>
    </ul>
  </dd>

  <dt>
    <a href="user_benoitx.html" class="author">benoitx</a>
    <span class="date">2006-11-17 00:39</span>
  </dt>
  <dd>
    <p class="comment">
Replaced string concatenation with StringBuffer<br/>
Added a few final on constructor parameters.<br/>
Fixed a few FindBugs/PMD/Checkstyle.<br/>
Added a site navigation file for Maven.
    </p>
    <p class="commitdetails"><strong>19</strong> lines of code changed in:</p>
    <ul class="commitdetails">
      <li>
        <strong>site</strong>:
        <a href="http://svn.sourceforge.net/viewvc/statsvn/trunk/statsvn/site/navigation.xml?rev=138&amp;content-type=text/vnd.viewcvs-markup" class="webrepository">navigation.xml</a>&#160;<span class="new">(new&#160;19)</span>
      </li>
    </ul>
  </dd>

</dl>

</subsection></subsection><div id="generatedby"><p>Generated by <a href="http://www.statsvn.org">StatSVN</a> 0.2.0</p>
</div>
</section></body>
</document>