<?xml version="1.0" encoding="US-ASCII"?>
<document xmlns:lxslt="http://xml.apache.org/xslt">
<properties><title>Module src/net/sf/</title></properties>
<head>
    <meta http-equiv="Content-Type" content="text/html; charset=ISO-8859-1"/>
    <meta name="Generator" content="StatCVS 0.2.4"/>
    <link rel="stylesheet" href="objectlab-statcvs-xdoc.css" type="text/css"/>
  </head>

<body><section name="Module src/net/sf/">
<p><a href="index.html">back to main page</a></p>
<p><a href="http://svn.sourceforge.net/viewvc/statsvn/trunk/statsvn/src/net/sf/">Browse with ViewVC</a></p>

<subsection name ="Modules">
<p><a href="module.html">[root]</a>/<a href="module_src.html">src</a>/<a href="module_src_net.html">net</a>/<strong>sf</strong>
<br/>&#160;&#160;&#160;&#160;<img src="folder-deleted.png" width="15" height="13" alt=""/> 
<a href="module_src_net_sf_statcvs.html">statcvs</a> 
(0 files, 0 lines)<br/>

&#160;&#160;&#160;&#160;&#160;&#160;&#160;&#160;<img src="folder-deleted.png" width="15" height="13" alt=""/> 
<a href="module_src_net_sf_statcvs_ant.html">ant</a> 
(0 files, 0 lines)<br/>

&#160;&#160;&#160;&#160;&#160;&#160;&#160;&#160;<img src="folder-deleted.png" width="15" height="13" alt=""/> 
<a href="module_src_net_sf_statcvs_input.html">input</a> 
(0 files, 0 lines)<br/>

&#160;&#160;&#160;&#160;&#160;&#160;&#160;&#160;<img src="folder-deleted.png" width="15" height="13" alt=""/> 
<a href="module_src_net_sf_statcvs_model.html">model</a> 
(0 files, 0 lines)<br/>

&#160;&#160;&#160;&#160;&#160;&#160;&#160;&#160;<img src="folder-deleted.png" width="15" height="13" alt=""/> 
<a href="module_src_net_sf_statcvs_output.html">output</a> 
(0 files, 0 lines)<br/>

&#160;&#160;&#160;&#160;&#160;&#160;&#160;&#160;<img src="folder-deleted.png" width="15" height="13" alt=""/> 
<a href="module_src_net_sf_statcvs_renderer.html">renderer</a> 
(0 files, 0 lines)<br/>

&#160;&#160;&#160;&#160;&#160;&#160;&#160;&#160;<img src="folder-deleted.png" width="15" height="13" alt=""/> 
<a href="module_src_net_sf_statcvs_reportmodel.html">reportmodel</a> 
(0 files, 0 lines)<br/>

&#160;&#160;&#160;&#160;&#160;&#160;&#160;&#160;<img src="folder-deleted.png" width="15" height="13" alt=""/> 
<a href="module_src_net_sf_statcvs_reports.html">reports</a> 
(0 files, 0 lines)<br/>

&#160;&#160;&#160;&#160;&#160;&#160;&#160;&#160;<img src="folder-deleted.png" width="15" height="13" alt=""/> 
<a href="module_src_net_sf_statcvs_util.html">util</a> 
(0 files, 0 lines)<br/>

&#160;&#160;&#160;&#160;&#160;&#160;&#160;&#160;<img src="folder-deleted.png" width="15" height="13" alt=""/> 
<a href="module_src_net_sf_statcvs_web-files.html">web-files</a> 
(0 files, 0 lines)<br/>

&#160;&#160;&#160;&#160;<img src="folder.png" width="15" height="13" alt=""/> 
<a href="module_src_net_sf_statsvn.html">statsvn</a> 
(5 files, 382 lines)<br/>

&#160;&#160;&#160;&#160;&#160;&#160;&#160;&#160;<img src="folder.png" width="15" height="13" alt=""/> 
<a href="module_src_net_sf_statsvn_ant.html">ant</a> 
(2 files, 99 lines)<br/>

&#160;&#160;&#160;&#160;&#160;&#160;&#160;&#160;<img src="folder.png" width="15" height="13" alt=""/> 
<a href="module_src_net_sf_statsvn_input.html">input</a> 
(12 files, 3229 lines)<br/>

&#160;&#160;&#160;&#160;&#160;&#160;&#160;&#160;<img src="folder-deleted.png" width="15" height="13" alt=""/> 
<a href="module_src_net_sf_statsvn_model.html">model</a> 
(0 files, 0 lines)<br/>

&#160;&#160;&#160;&#160;&#160;&#160;&#160;&#160;<img src="folder.png" width="15" height="13" alt=""/> 
<a href="module_src_net_sf_statsvn_output.html">output</a> 
(4 files, 370 lines)<br/>

&#160;&#160;&#160;&#160;&#160;&#160;&#160;&#160;<img src="folder-deleted.png" width="15" height="13" alt=""/> 
<a href="module_src_net_sf_statsvn_renderer.html">renderer</a> 
(0 files, 0 lines)<br/>

&#160;&#160;&#160;&#160;&#160;&#160;&#160;&#160;<img src="folder-deleted.png" width="15" height="13" alt=""/> 
<a href="module_src_net_sf_statsvn_reportmodel.html">reportmodel</a> 
(0 files, 0 lines)<br/>

&#160;&#160;&#160;&#160;&#160;&#160;&#160;&#160;<img src="folder-deleted.png" width="15" height="13" alt=""/> 
<a href="module_src_net_sf_statsvn_reports.html">reports</a> 
(0 files, 0 lines)<br/>

&#160;&#160;&#160;&#160;&#160;&#160;&#160;&#160;<img src="folder.png" width="15" height="13" alt=""/> 
<a href="module_src_net_sf_statsvn_util.html">util</a> 
(13 files, 1414 lines)<br/>

</p>
</subsection><div id="generatedby"><p>Generated by <a href="http://www.statsvn.org">StatSVN</a> 0.2.0</p>
</div>
</section></body>
</document>