<?xml version="1.0" encoding="US-ASCII"?>
<document xmlns:lxslt="http://xml.apache.org/xslt">
<properties><title>Module etc/</title></properties>
<head>
    <meta http-equiv="Content-Type" content="text/html; charset=ISO-8859-1"/>
    <meta name="Generator" content="StatCVS 0.2.4"/>
    <link rel="stylesheet" href="objectlab-statcvs-xdoc.css" type="text/css"/>
  </head>

<body><section name="Module etc/">
<p><a href="index.html">back to main page</a></p>
<p class="summaryperiod">
  Summary Period:
  <span class="date">2006-01-19</span> to
  <span class="date">2006-11-07</span></p>
<p><a href="http://svn.sourceforge.net/viewvc/statsvn/trunk/statsvn/etc/">Browse with ViewVC</a></p>

<subsection name ="Modules">
<p><a href="module.html">[root]</a>/<strong>etc</strong>
<br/></p>

<subsection name ="Lines of Code">
<p><img src="loc_module_etc.png" width="640" height="480" alt=""/><br/>
<strong>Total Lines Of Code: </strong>
542 (<span class="date">2006-11-28 09:52</span>)</p>
</subsection>
<subsection name ="Authors">
  <table  class="statCvsTable" rules="groups" summary="All authors and the number of their changes and lines of code in this directory">
    <colgroup align="left"/>
    <colgroup align="right"/>
    <colgroup align="right"/>
    <colgroup align="right"/>
    <thead>
      <tr>
        <th>Author</th>
        <th>Changes</th>
        <th>Lines of Code</th>
        <th>Lines per Change</th>
      </tr>
    </thead>
    <tfoot>
      <tr>
        <th>Totals</th>
        <td>5 (100.0%)</td>
        <td>558 (100.0%)</td>
        <td>111.6</td>
      </tr>
    </tfoot>
    <tbody>
      <tr  class="odd">
        <th><a href="user_jpdaigle.html" class="author">jpdaigle</a></th>
        <td>3 (60.0%)</td>
        <td>542 (97.1%)</td>
        <td>180.6</td>
      </tr>
      <tr  class="even">
        <th><a href="user_jkealey.html" class="author">jkealey</a></th>
        <td>2 (40.0%)</td>
        <td>16 (2.9%)</td>
        <td>8.0</td>
      </tr>
    </tbody>
  </table>

</subsection>
<subsection name ="Most Recent Commits">
<dl class="commitlist">
  <dt>
    <a href="user_jkealey.html" class="author">jkealey</a>
    <span class="date">2006-11-07 02:39</span>
  </dt>
  <dd>
    <p class="comment">
updated readme
    </p>
    <p class="commitdetails"><strong>14</strong> lines of code changed in:</p>
    <ul class="commitdetails">
      <li>
        <strong>etc</strong>:
        <a href="http://svn.sourceforge.net/viewvc/statsvn/trunk/statsvn/etc/README.diff?r1=5&amp;r2=122" class="webrepository">README</a>&#160;<span class="change">(+14&#160;-14)</span>
      </li>
    </ul>
  </dd>

  <dt>
    <a href="user_jkealey.html" class="author">jkealey</a>
    <span class="date">2006-02-23 04:40</span>
  </dt>
  <dd>
    <p class="comment">
inefficient code to get a working hello world
    </p>
    <p class="commitdetails"><strong>2</strong> lines of code changed in:</p>
    <ul class="commitdetails">
      <li>
        <strong>etc</strong>:
        <a href="http://svn.sourceforge.net/viewvc/statsvn/trunk/statsvn/etc/report-notes.txt.diff?r1=5&amp;r2=20" class="webrepository">report-notes.txt</a>&#160;<span class="change">(+2&#160;-2)</span>
      </li>
    </ul>
  </dd>

  <dt>
    <a href="user_jpdaigle.html" class="author">jpdaigle</a>
    <span class="date">2006-01-19 07:13</span>
  </dt>
  <dd>
    <p class="comment">
Initial statcvs project import
    </p>
    <p class="commitdetails"><strong>542</strong> lines of code changed in:</p>
    <ul class="commitdetails">
      <li>
        <strong>etc</strong>:
        <a href="http://svn.sourceforge.net/viewvc/statsvn/trunk/statsvn/etc/LICENSE?rev=5&amp;content-type=text/vnd.viewcvs-markup" class="webrepository">LICENSE</a>&#160;<span class="new">(new&#160;504)</span>,
        <a href="http://svn.sourceforge.net/viewvc/statsvn/trunk/statsvn/etc/README?rev=5&amp;content-type=text/vnd.viewcvs-markup" class="webrepository">README</a>&#160;<span class="new">(new&#160;28)</span>,
        <a href="http://svn.sourceforge.net/viewvc/statsvn/trunk/statsvn/etc/report-notes.txt?rev=5&amp;content-type=text/vnd.viewcvs-markup" class="webrepository">report-notes.txt</a>&#160;<span class="new">(new&#160;10)</span>
      </li>
    </ul>
  </dd>

</dl>

</subsection></subsection><div id="generatedby"><p>Generated by <a href="http://www.statsvn.org">StatSVN</a> 0.2.0</p>
</div>
</section></body>
</document>