<?xml version="1.0" encoding="US-ASCII"?>
<document xmlns:lxslt="http://xml.apache.org/xslt">
<properties><title>Module src/net/sf/statsvn/input/</title></properties>
<head>
    <meta http-equiv="Content-Type" content="text/html; charset=ISO-8859-1"/>
    <meta name="Generator" content="StatCVS 0.2.4"/>
    <link rel="stylesheet" href="objectlab-statcvs-xdoc.css" type="text/css"/>
  </head>

<body><section name="Module src/net/sf/statsvn/input/">
<p><a href="index.html">back to main page</a></p>
<p class="summaryperiod">
  Summary Period:
  <span class="date">2006-01-19</span> to
  <span class="date">2006-11-24</span></p>
<p><a href="http://svn.sourceforge.net/viewvc/statsvn/trunk/statsvn/src/net/sf/statsvn/input/">Browse with ViewVC</a></p>

<subsection name ="Modules">
<p><a href="module.html">[root]</a>/<a href="module_src.html">src</a>/<a href="module_src_net.html">net</a>/<a href="module_src_net_sf.html">sf</a>/<a href="module_src_net_sf_statsvn.html">statsvn</a>/<strong>input</strong>
<br/></p>

<subsection name ="Lines of Code">
<p><img src="loc_module_src_net_sf_statsvn_input.png" width="640" height="480" alt=""/><br/>
<strong>Total Lines Of Code: </strong>
3229 (<span class="date">2006-11-28 09:52</span>)</p>
</subsection>
<subsection name ="Authors">
  <table  class="statCvsTable" rules="groups" summary="All authors and the number of their changes and lines of code in this directory">
    <colgroup align="left"/>
    <colgroup align="right"/>
    <colgroup align="right"/>
    <colgroup align="right"/>
    <thead>
      <tr>
        <th>Author</th>
        <th>Changes</th>
        <th>Lines of Code</th>
        <th>Lines per Change</th>
      </tr>
    </thead>
    <tfoot>
      <tr>
        <th>Totals</th>
        <td>49 (100.0%)</td>
        <td>78 (100.0%)</td>
        <td>1.5</td>
      </tr>
    </tfoot>
    <tbody>
      <tr  class="odd">
        <th><a href="user_benoitx.html" class="author">benoitx</a></th>
        <td>48 (98.0%)</td>
        <td>77 (98.7%)</td>
        <td>1.6</td>
      </tr>
      <tr  class="even">
        <th><a href="user_jkealey.html" class="author">jkealey</a></th>
        <td>1 (2.0%)</td>
        <td>1 (1.3%)</td>
        <td>1.0</td>
      </tr>
    </tbody>
  </table>

</subsection>
<subsection name ="Most Recent Commits">
<dl class="commitlist">
  <dt>
    <a href="user_benoitx.html" class="author">benoitx</a>
    <span class="date">2006-11-24 02:17</span>
  </dt>
  <dd>
    <p class="comment">
When a file is moved, StatSVN does create a synthetic 'deletion' and the LOC is maintained correctly.<br/>
the number of file however is incorrect as there are no equivalent creation revision for the renamed/moved item.<br/>
This patch will create a CREATION revision before the last item and with a ZERO LOC so that we do not impact the current result.<br/>

    </p>
    <p class="commitdetails"><strong>3</strong> lines of code changed in:</p>
    <ul class="commitdetails">
      <li>
        <strong>src/net/sf/statsvn/input</strong>:
        <a href="http://svn.sourceforge.net/viewvc/statsvn/trunk/statsvn/src/net/sf/statsvn/input/FileBuilder.java.diff?r1=168&amp;r2=169" class="webrepository">FileBuilder.java</a>&#160;<span class="change">(+3&#160;-2)</span>
      </li>
    </ul>
  </dd>

  <dt>
    <a href="user_benoitx.html" class="author">benoitx</a>
    <span class="date">2006-11-23 22:37</span>
  </dt>
  <dd>
    <p class="comment">
Worked on a 'fix' for the issue of file count when a part of the structure has been renamed. <br/>
Although the data is correct for StatSVN, it seems to break a test and, looking at the test, I think that <br/>
the behaviour for SVN or CVS are different in the sense that SVN will not give a 'creation' attribute when it is moved,<br/>
but if the file is later on moved, it will show 1 deletion, hence the total being -1 and not 0.<br/>
So I have modified the test, correct me if it is wrong.
    </p>
    <p class="commitdetails"><strong>2</strong> lines of code changed in:</p>
    <ul class="commitdetails">
      <li>
        <strong>src/net/sf/statsvn/input</strong>:
        <a href="http://svn.sourceforge.net/viewvc/statsvn/trunk/statsvn/src/net/sf/statsvn/input/FileBuilder.java.diff?r1=164&amp;r2=168" class="webrepository">FileBuilder.java</a>&#160;<span class="change">(+2&#160;-1)</span>
      </li>
    </ul>
  </dd>

  <dt>
    <a href="user_benoitx.html" class="author">benoitx</a>
    <span class="date">2006-11-22 23:55</span>
  </dt>
  <dd>
    <p class="comment">
A fair amount of tidy up following warnings from FindBugs, PMD, Checkstyle.
    </p>
    <p class="commitdetails"><strong>52</strong> lines of code changed in:</p>
    <ul class="commitdetails">
      <li>
        <strong>src/net/sf/statsvn/input</strong>:
        <a href="http://svn.sourceforge.net/viewvc/statsvn/trunk/statsvn/src/net/sf/statsvn/input/Builder.java.diff?r1=155&amp;r2=164" class="webrepository">Builder.java</a>&#160;<span class="change">(+5&#160;-3)</span>,
        <a href="http://svn.sourceforge.net/viewvc/statsvn/trunk/statsvn/src/net/sf/statsvn/input/CacheBuilder.java.diff?r1=144&amp;r2=164" class="webrepository">CacheBuilder.java</a>&#160;<span class="change">(+4&#160;-2)</span>,
        <a href="http://svn.sourceforge.net/viewvc/statsvn/trunk/statsvn/src/net/sf/statsvn/input/FileBuilder.java.diff?r1=155&amp;r2=164" class="webrepository">FileBuilder.java</a>&#160;<span class="change">(+9&#160;-9)</span>,
        <a href="http://svn.sourceforge.net/viewvc/statsvn/trunk/statsvn/src/net/sf/statsvn/input/RevisionData.java.diff?r1=144&amp;r2=164" class="webrepository">RevisionData.java</a>&#160;<span class="change">(+7&#160;-4)</span>,
        <a href="http://svn.sourceforge.net/viewvc/statsvn/trunk/statsvn/src/net/sf/statsvn/input/SvnLogfileParser.java.diff?r1=157&amp;r2=164" class="webrepository">SvnLogfileParser.java</a>&#160;<span class="change">(+26&#160;-20)</span>,
        <a href="http://svn.sourceforge.net/viewvc/statsvn/trunk/statsvn/src/net/sf/statsvn/input/SvnXmlLogFileHandler.java.diff?r1=144&amp;r2=164" class="webrepository">SvnXmlLogFileHandler.java</a>&#160;<span class="change">(+1&#160;-11)</span>
      </li>
    </ul>
  </dd>

  <dt>
    <a href="user_jkealey.html" class="author">jkealey</a>
    <span class="date">2006-11-22 15:21</span>
  </dt>
  <dd>
    <p class="comment">
Added a forgotten stream close in SvnLogfileParser. (Found by Andreas Pillath)
    </p>
    <p class="commitdetails"><strong>1</strong> lines of code changed in:</p>
    <ul class="commitdetails">
      <li>
        <strong>src/net/sf/statsvn/input</strong>:
        <a href="http://svn.sourceforge.net/viewvc/statsvn/trunk/statsvn/src/net/sf/statsvn/input/SvnLogfileParser.java.diff?r1=155&amp;r2=157" class="webrepository">SvnLogfileParser.java</a>&#160;<span class="change">(+1)</span>
      </li>
    </ul>
  </dd>

  <dt>
    <a href="user_benoitx.html" class="author">benoitx</a>
    <span class="date">2006-11-21 00:08</span>
  </dt>
  <dd>
    <p class="comment">
Attention... <br/>
StatSvn no longer contains the StatCvs code, instead it shall depend on statcvs-0.2.4.jar (or whichever version StatCvs shall use when they take our changes).<br/>
A fair amount of changes will make it to StatCvs in order to support xdoc (in StatCvs), XHTML generation and use of StringBuffers.<br/>
Jason will do the StatCvs checkin soon, in the meantime I include statcvs-0.2.4.jar in the lib directory. <br/>
Enjoy
    </p>
    <p class="commitdetails"><strong>20</strong> lines of code changed in:</p>
    <ul class="commitdetails">
      <li>
        <strong>src/net/sf/statsvn/input</strong>:
        <a href="http://svn.sourceforge.net/viewvc/statsvn/trunk/statsvn/src/net/sf/statsvn/input/Builder.java.diff?r1=144&amp;r2=155" class="webrepository">Builder.java</a>&#160;<span class="change">(+11&#160;-8)</span>,
        <a href="http://svn.sourceforge.net/viewvc/statsvn/trunk/statsvn/src/net/sf/statsvn/input/CommitListBuilder.java?rev=144&amp;content-type=text/vnd.viewcvs-markup" class="webrepository">CommitListBuilder.java</a>&#160;<span class="del">(del)</span>,
        <a href="http://svn.sourceforge.net/viewvc/statsvn/trunk/statsvn/src/net/sf/statsvn/input/EmptyRepositoryException.java?rev=144&amp;content-type=text/vnd.viewcvs-markup" class="webrepository">EmptyRepositoryException.java</a>&#160;<span class="del">(del)</span>,
        <a href="http://svn.sourceforge.net/viewvc/statsvn/trunk/statsvn/src/net/sf/statsvn/input/FileBuilder.java.diff?r1=144&amp;r2=155" class="webrepository">FileBuilder.java</a>&#160;<span class="change">(+2&#160;-1)</span>,
        <a href="http://svn.sourceforge.net/viewvc/statsvn/trunk/statsvn/src/net/sf/statsvn/input/LogSyntaxException.java?rev=144&amp;content-type=text/vnd.viewcvs-markup" class="webrepository">LogSyntaxException.java</a>&#160;<span class="del">(del)</span>,
        <a href="http://svn.sourceforge.net/viewvc/statsvn/trunk/statsvn/src/net/sf/statsvn/input/NoLineCountException.java?rev=144&amp;content-type=text/vnd.viewcvs-markup" class="webrepository">NoLineCountException.java</a>&#160;<span class="del">(del)</span>,
        <a href="http://svn.sourceforge.net/viewvc/statsvn/trunk/statsvn/src/net/sf/statsvn/input/RepositoryFileManager.java.diff?r1=144&amp;r2=155" class="webrepository">RepositoryFileManager.java</a>&#160;<span class="change">(+3&#160;-1)</span>,
        <a href="http://svn.sourceforge.net/viewvc/statsvn/trunk/statsvn/src/net/sf/statsvn/input/SvnLogfileParser.java.diff?r1=144&amp;r2=155" class="webrepository">SvnLogfileParser.java</a>&#160;<span class="change">(+4&#160;-3)</span>
      </li>
    </ul>
  </dd>

  <dt>
    <a href="user_benoitx.html" class="author">benoitx</a>
    <span class="date">2006-11-19 19:35</span>
  </dt>
  <dd>
    <p class="comment">
Move to net.sf.statsvn
    </p>
    <p class="commitdetails"><strong>0</strong> lines of code changed in:</p>
    <ul class="commitdetails">
      <li>
        <strong>src/net/sf/statsvn/input</strong>:
        <a href="http://svn.sourceforge.net/viewvc/statsvn/trunk/statsvn/src/net/sf/statsvn/input/Builder.java.diff?r1=144&amp;r2=144" class="webrepository">Builder.java</a>&#160;<span class="change">(changed)</span>,
        <a href="http://svn.sourceforge.net/viewvc/statsvn/trunk/statsvn/src/net/sf/statsvn/input/CacheBuilder.java?rev=144&amp;content-type=text/vnd.viewcvs-markup" class="webrepository">CacheBuilder.java</a>&#160;<span class="new">(new)</span>,
        <a href="http://svn.sourceforge.net/viewvc/statsvn/trunk/statsvn/src/net/sf/statsvn/input/CacheConfiguration.java.diff?r1=144&amp;r2=144" class="webrepository">CacheConfiguration.java</a>&#160;<span class="change">(changed)</span>,
        <a href="http://svn.sourceforge.net/viewvc/statsvn/trunk/statsvn/src/net/sf/statsvn/input/CommitListBuilder.java?rev=144&amp;content-type=text/vnd.viewcvs-markup" class="webrepository">CommitListBuilder.java</a>&#160;<span class="change">(changed)</span>,
        <a href="http://svn.sourceforge.net/viewvc/statsvn/trunk/statsvn/src/net/sf/statsvn/input/EmptyRepositoryException.java?rev=144&amp;content-type=text/vnd.viewcvs-markup" class="webrepository">EmptyRepositoryException.java</a>&#160;<span class="change">(changed)</span>,
        <a href="http://svn.sourceforge.net/viewvc/statsvn/trunk/statsvn/src/net/sf/statsvn/input/FileBuilder.java.diff?r1=144&amp;r2=144" class="webrepository">FileBuilder.java</a>&#160;<span class="change">(changed)</span>,
        <a href="http://svn.sourceforge.net/viewvc/statsvn/trunk/statsvn/src/net/sf/statsvn/input/LogSyntaxException.java?rev=144&amp;content-type=text/vnd.viewcvs-markup" class="webrepository">LogSyntaxException.java</a>&#160;<span class="new">(new)</span>,
        <a href="http://svn.sourceforge.net/viewvc/statsvn/trunk/statsvn/src/net/sf/statsvn/input/NoLineCountException.java?rev=144&amp;content-type=text/vnd.viewcvs-markup" class="webrepository">NoLineCountException.java</a>&#160;<span class="new">(new)</span>,
        <a href="http://svn.sourceforge.net/viewvc/statsvn/trunk/statsvn/src/net/sf/statsvn/input/RepositoriesBuilder.java.diff?r1=144&amp;r2=144" class="webrepository">RepositoriesBuilder.java</a>&#160;<span class="change">(changed)</span>,
        <a href="http://svn.sourceforge.net/viewvc/statsvn/trunk/statsvn/src/net/sf/statsvn/input/RepositoryFileManager.java?rev=144&amp;content-type=text/vnd.viewcvs-markup" class="webrepository">RepositoryFileManager.java</a>&#160;<span class="new">(new)</span>,
        <a href="http://svn.sourceforge.net/viewvc/statsvn/trunk/statsvn/src/net/sf/statsvn/input/RevisionData.java?rev=144&amp;content-type=text/vnd.viewcvs-markup" class="webrepository">RevisionData.java</a>&#160;<span class="new">(new)</span>,
        <a href="http://svn.sourceforge.net/viewvc/statsvn/trunk/statsvn/src/net/sf/statsvn/input/SvnLogBuilder.java?rev=144&amp;content-type=text/vnd.viewcvs-markup" class="webrepository">SvnLogBuilder.java</a>&#160;<span class="new">(new)</span>,
        <a href="http://svn.sourceforge.net/viewvc/statsvn/trunk/statsvn/src/net/sf/statsvn/input/SvnLogfileParser.java.diff?r1=144&amp;r2=144" class="webrepository">SvnLogfileParser.java</a>&#160;<span class="change">(changed)</span>,
        <a href="http://svn.sourceforge.net/viewvc/statsvn/trunk/statsvn/src/net/sf/statsvn/input/SvnXmlCacheFileHandler.java?rev=144&amp;content-type=text/vnd.viewcvs-markup" class="webrepository">SvnXmlCacheFileHandler.java</a>&#160;<span class="new">(new)</span>,
        <a href="http://svn.sourceforge.net/viewvc/statsvn/trunk/statsvn/src/net/sf/statsvn/input/SvnXmlLogFileHandler.java.diff?r1=144&amp;r2=144" class="webrepository">SvnXmlLogFileHandler.java</a>&#160;<span class="change">(changed)</span>,
        <a href="http://svn.sourceforge.net/viewvc/statsvn/trunk/statsvn/src/net/sf/statsvn/input/SvnXmlRepositoriesFileHandler.java.diff?r1=144&amp;r2=144" class="webrepository">SvnXmlRepositoriesFileHandler.java</a>&#160;<span class="change">(changed)</span>
      </li>
    </ul>
  </dd>

</dl>

</subsection></subsection><div id="generatedby"><p>Generated by <a href="http://www.statsvn.org">StatSVN</a> 0.2.0</p>
</div>
</section></body>
</document>