<?xml version="1.0" encoding="US-ASCII"?>
<document xmlns:lxslt="http://xml.apache.org/xslt">
<properties><title>Module src/net/sf/statsvn/util/</title></properties>
<head>
    <meta http-equiv="Content-Type" content="text/html; charset=ISO-8859-1"/>
    <meta name="Generator" content="StatCVS 0.2.4"/>
    <link rel="stylesheet" href="objectlab-statcvs-xdoc.css" type="text/css"/>
  </head>

<body><section name="Module src/net/sf/statsvn/util/">
<p><a href="index.html">back to main page</a></p>
<p class="summaryperiod">
  Summary Period:
  <span class="date">2006-01-19</span> to
  <span class="date">2006-11-22</span></p>
<p><a href="http://svn.sourceforge.net/viewvc/statsvn/trunk/statsvn/src/net/sf/statsvn/util/">Browse with ViewVC</a></p>

<subsection name ="Modules">
<p><a href="module.html">[root]</a>/<a href="module_src.html">src</a>/<a href="module_src_net.html">net</a>/<a href="module_src_net_sf.html">sf</a>/<a href="module_src_net_sf_statsvn.html">statsvn</a>/<strong>util</strong>
<br/></p>

<subsection name ="Lines of Code">
<p><img src="loc_module_src_net_sf_statsvn_util.png" width="640" height="480" alt=""/><br/>
<strong>Total Lines Of Code: </strong>
1414 (<span class="date">2006-11-28 09:52</span>)</p>
</subsection>
<subsection name ="Authors">
  <table  class="statCvsTable" rules="groups" summary="All authors and the number of their changes and lines of code in this directory">
    <colgroup align="left"/>
    <colgroup align="right"/>
    <colgroup align="right"/>
    <colgroup align="right"/>
    <thead>
      <tr>
        <th>Author</th>
        <th>Changes</th>
        <th>Lines of Code</th>
        <th>Lines per Change</th>
      </tr>
    </thead>
    <tfoot>
      <tr>
        <th>Totals</th>
        <td>71 (100.0%)</td>
        <td>271 (100.0%)</td>
        <td>3.8</td>
      </tr>
    </tfoot>
    <tbody>
      <tr  class="odd">
        <th><a href="user_benoitx.html" class="author">benoitx</a></th>
        <td>70 (98.6%)</td>
        <td>263 (97.0%)</td>
        <td>3.7</td>
      </tr>
      <tr  class="even">
        <th><a href="user_jkealey.html" class="author">jkealey</a></th>
        <td>1 (1.4%)</td>
        <td>8 (3.0%)</td>
        <td>8.0</td>
      </tr>
    </tbody>
  </table>

</subsection>
<subsection name ="Most Recent Commits">
<dl class="commitlist">
  <dt>
    <a href="user_benoitx.html" class="author">benoitx</a>
    <span class="date">2006-11-22 23:55</span>
  </dt>
  <dd>
    <p class="comment">
A fair amount of tidy up following warnings from FindBugs, PMD, Checkstyle.
    </p>
    <p class="commitdetails"><strong>91</strong> lines of code changed in:</p>
    <ul class="commitdetails">
      <li>
        <strong>src/net/sf/statsvn/util</strong>:
        <a href="http://svn.sourceforge.net/viewvc/statsvn/trunk/statsvn/src/net/sf/statsvn/util/ConsoleTaskLogger.java?rev=164&amp;content-type=text/vnd.viewcvs-markup" class="webrepository">ConsoleTaskLogger.java</a>&#160;<span class="new">(new&#160;23)</span>,
        <a href="http://svn.sourceforge.net/viewvc/statsvn/trunk/statsvn/src/net/sf/statsvn/util/FilenameComparator.java.diff?r1=144&amp;r2=164" class="webrepository">FilenameComparator.java</a>&#160;<span class="change">(+3&#160;-1)</span>,
        <a href="http://svn.sourceforge.net/viewvc/statsvn/trunk/statsvn/src/net/sf/statsvn/util/ProcessUtils.java.diff?r1=163&amp;r2=164" class="webrepository">ProcessUtils.java</a>&#160;<span class="change">(+2&#160;-2)</span>,
        <a href="http://svn.sourceforge.net/viewvc/statsvn/trunk/statsvn/src/net/sf/statsvn/util/SilentLogger.java?rev=164&amp;content-type=text/vnd.viewcvs-markup" class="webrepository">SilentLogger.java</a>&#160;<span class="new">(new&#160;16)</span>,
        <a href="http://svn.sourceforge.net/viewvc/statsvn/trunk/statsvn/src/net/sf/statsvn/util/SvnDiffUtils.java.diff?r1=162&amp;r2=164" class="webrepository">SvnDiffUtils.java</a>&#160;<span class="change">(+5&#160;-5)</span>,
        <a href="http://svn.sourceforge.net/viewvc/statsvn/trunk/statsvn/src/net/sf/statsvn/util/SvnInfoUtils.java.diff?r1=162&amp;r2=164" class="webrepository">SvnInfoUtils.java</a>&#160;<span class="change">(+14&#160;-14)</span>,
        <a href="http://svn.sourceforge.net/viewvc/statsvn/trunk/statsvn/src/net/sf/statsvn/util/SvnPropgetUtils.java.diff?r1=162&amp;r2=164" class="webrepository">SvnPropgetUtils.java</a>&#160;<span class="change">(+2&#160;-2)</span>,
        <a href="http://svn.sourceforge.net/viewvc/statsvn/trunk/statsvn/src/net/sf/statsvn/util/SvnStartupUtils.java.diff?r1=162&amp;r2=164" class="webrepository">SvnStartupUtils.java</a>&#160;<span class="change">(+6&#160;-4)</span>,
        <a href="http://svn.sourceforge.net/viewvc/statsvn/trunk/statsvn/src/net/sf/statsvn/util/TaskLogger.java?rev=164&amp;content-type=text/vnd.viewcvs-markup" class="webrepository">TaskLogger.java</a>&#160;<span class="new">(new&#160;13)</span>,
        <a href="http://svn.sourceforge.net/viewvc/statsvn/trunk/statsvn/src/net/sf/statsvn/util/XMLUtil.java.diff?r1=144&amp;r2=164" class="webrepository">XMLUtil.java</a>&#160;<span class="change">(+7&#160;-3)</span>
      </li>
    </ul>
  </dd>

  <dt>
    <a href="user_benoitx.html" class="author">benoitx</a>
    <span class="date">2006-11-22 22:14</span>
  </dt>
  <dd>
    <p class="comment">
Enable setting an inputstream for testing purpose.
    </p>
    <p class="commitdetails"><strong>16</strong> lines of code changed in:</p>
    <ul class="commitdetails">
      <li>
        <strong>src/net/sf/statsvn/util</strong>:
        <a href="http://svn.sourceforge.net/viewvc/statsvn/trunk/statsvn/src/net/sf/statsvn/util/ProcessUtils.java.diff?r1=162&amp;r2=163" class="webrepository">ProcessUtils.java</a>&#160;<span class="change">(+16&#160;-1)</span>
      </li>
    </ul>
  </dd>

  <dt>
    <a href="user_benoitx.html" class="author">benoitx</a>
    <span class="date">2006-11-22 22:03</span>
  </dt>
  <dd>
    <p class="comment">
Revisited the issue of streams and ways to guarantee their closure when calling some SVN commands.
    </p>
    <p class="commitdetails"><strong>129</strong> lines of code changed in:</p>
    <ul class="commitdetails">
      <li>
        <strong>src/net/sf/statsvn/util</strong>:
        <a href="http://svn.sourceforge.net/viewvc/statsvn/trunk/statsvn/src/net/sf/statsvn/util/ProcessUtils.java.diff?r1=160&amp;r2=162" class="webrepository">ProcessUtils.java</a>&#160;<span class="change">(+37&#160;-26)</span>,
        <a href="http://svn.sourceforge.net/viewvc/statsvn/trunk/statsvn/src/net/sf/statsvn/util/SvnDiffUtils.java.diff?r1=156&amp;r2=162" class="webrepository">SvnDiffUtils.java</a>&#160;<span class="change">(+17&#160;-13)</span>,
        <a href="http://svn.sourceforge.net/viewvc/statsvn/trunk/statsvn/src/net/sf/statsvn/util/SvnInfoUtils.java.diff?r1=155&amp;r2=162" class="webrepository">SvnInfoUtils.java</a>&#160;<span class="change">(+17&#160;-9)</span>,
        <a href="http://svn.sourceforge.net/viewvc/statsvn/trunk/statsvn/src/net/sf/statsvn/util/SvnPropgetUtils.java.diff?r1=155&amp;r2=162" class="webrepository">SvnPropgetUtils.java</a>&#160;<span class="change">(+32&#160;-11)</span>,
        <a href="http://svn.sourceforge.net/viewvc/statsvn/trunk/statsvn/src/net/sf/statsvn/util/SvnStartupUtils.java.diff?r1=155&amp;r2=162" class="webrepository">SvnStartupUtils.java</a>&#160;<span class="change">(+26&#160;-16)</span>
      </li>
    </ul>
  </dd>

  <dt>
    <a href="user_benoitx.html" class="author">benoitx</a>
    <span class="date">2006-11-22 17:23</span>
  </dt>
  <dd>
    <p class="comment">
Force the InputStreams to be closed before being overwritten...<br/>
(still does not solve the issue that the last lastErrorStream at least will never be closed, I think)
    </p>
    <p class="commitdetails"><strong>13</strong> lines of code changed in:</p>
    <ul class="commitdetails">
      <li>
        <strong>src/net/sf/statsvn/util</strong>:
        <a href="http://svn.sourceforge.net/viewvc/statsvn/trunk/statsvn/src/net/sf/statsvn/util/ProcessUtils.java.diff?r1=155&amp;r2=160" class="webrepository">ProcessUtils.java</a>&#160;<span class="change">(+13)</span>
      </li>
    </ul>
  </dd>

  <dt>
    <a href="user_jkealey.html" class="author">jkealey</a>
    <span class="date">2006-11-22 15:04</span>
  </dt>
  <dd>
    <p class="comment">
Added a forgotten stream close in SvnDiffUtils. (Found by Andreas Pillath)
    </p>
    <p class="commitdetails"><strong>8</strong> lines of code changed in:</p>
    <ul class="commitdetails">
      <li>
        <strong>src/net/sf/statsvn/util</strong>:
        <a href="http://svn.sourceforge.net/viewvc/statsvn/trunk/statsvn/src/net/sf/statsvn/util/SvnDiffUtils.java.diff?r1=155&amp;r2=156" class="webrepository">SvnDiffUtils.java</a>&#160;<span class="change">(+8&#160;-2)</span>
      </li>
    </ul>
  </dd>

  <dt>
    <a href="user_benoitx.html" class="author">benoitx</a>
    <span class="date">2006-11-21 00:08</span>
  </dt>
  <dd>
    <p class="comment">
Attention... <br/>
StatSvn no longer contains the StatCvs code, instead it shall depend on statcvs-0.2.4.jar (or whichever version StatCvs shall use when they take our changes).<br/>
A fair amount of changes will make it to StatCvs in order to support xdoc (in StatCvs), XHTML generation and use of StringBuffers.<br/>
Jason will do the StatCvs checkin soon, in the meantime I include statcvs-0.2.4.jar in the lib directory. <br/>
Enjoy
    </p>
    <p class="commitdetails"><strong>14</strong> lines of code changed in:</p>
    <ul class="commitdetails">
      <li>
        <strong>src/net/sf/statsvn/util</strong>:
        <a href="http://svn.sourceforge.net/viewvc/statsvn/trunk/statsvn/src/net/sf/statsvn/util/ConsoleOutErrHandler.java?rev=144&amp;content-type=text/vnd.viewcvs-markup" class="webrepository">ConsoleOutErrHandler.java</a>&#160;<span class="del">(del)</span>,
        <a href="http://svn.sourceforge.net/viewvc/statsvn/trunk/statsvn/src/net/sf/statsvn/util/ConsoleOutHandler.java?rev=144&amp;content-type=text/vnd.viewcvs-markup" class="webrepository">ConsoleOutHandler.java</a>&#160;<span class="del">(del)</span>,
        <a href="http://svn.sourceforge.net/viewvc/statsvn/trunk/statsvn/src/net/sf/statsvn/util/FilePatternMatcher.java?rev=144&amp;content-type=text/vnd.viewcvs-markup" class="webrepository">FilePatternMatcher.java</a>&#160;<span class="del">(del)</span>,
        <a href="http://svn.sourceforge.net/viewvc/statsvn/trunk/statsvn/src/net/sf/statsvn/util/FileUtils.java?rev=144&amp;content-type=text/vnd.viewcvs-markup" class="webrepository">FileUtils.java</a>&#160;<span class="del">(del)</span>,
        <a href="http://svn.sourceforge.net/viewvc/statsvn/trunk/statsvn/src/net/sf/statsvn/util/IntegerMap.java?rev=144&amp;content-type=text/vnd.viewcvs-markup" class="webrepository">IntegerMap.java</a>&#160;<span class="del">(del)</span>,
        <a href="http://svn.sourceforge.net/viewvc/statsvn/trunk/statsvn/src/net/sf/statsvn/util/LogFormatter.java?rev=144&amp;content-type=text/vnd.viewcvs-markup" class="webrepository">LogFormatter.java</a>&#160;<span class="del">(del)</span>,
        <a href="http://svn.sourceforge.net/viewvc/statsvn/trunk/statsvn/src/net/sf/statsvn/util/LookaheadReader.java?rev=144&amp;content-type=text/vnd.viewcvs-markup" class="webrepository">LookaheadReader.java</a>&#160;<span class="del">(del)</span>,
        <a href="http://svn.sourceforge.net/viewvc/statsvn/trunk/statsvn/src/net/sf/statsvn/util/OutputUtils.java?rev=144&amp;content-type=text/vnd.viewcvs-markup" class="webrepository">OutputUtils.java</a>&#160;<span class="del">(del)</span>,
        <a href="http://svn.sourceforge.net/viewvc/statsvn/trunk/statsvn/src/net/sf/statsvn/util/ProcessUtils.java.diff?r1=144&amp;r2=155" class="webrepository">ProcessUtils.java</a>&#160;<span class="change">(+3&#160;-2)</span>,
        <a href="http://svn.sourceforge.net/viewvc/statsvn/trunk/statsvn/src/net/sf/statsvn/util/StatSvnConstants.java?rev=144&amp;content-type=text/vnd.viewcvs-markup" class="webrepository">StatSvnConstants.java</a>&#160;<span class="del">(del)</span>,
        <a href="http://svn.sourceforge.net/viewvc/statsvn/trunk/statsvn/src/net/sf/statsvn/util/SvnCommandHelper.java.diff?r1=144&amp;r2=155" class="webrepository">SvnCommandHelper.java</a>&#160;<span class="change">(+4&#160;-4)</span>,
        <a href="http://svn.sourceforge.net/viewvc/statsvn/trunk/statsvn/src/net/sf/statsvn/util/SvnDiffUtils.java.diff?r1=144&amp;r2=155" class="webrepository">SvnDiffUtils.java</a>&#160;<span class="change">(+2)</span>,
        <a href="http://svn.sourceforge.net/viewvc/statsvn/trunk/statsvn/src/net/sf/statsvn/util/SvnInfoUtils.java.diff?r1=144&amp;r2=155" class="webrepository">SvnInfoUtils.java</a>&#160;<span class="change">(+1&#160;-1)</span>,
        <a href="http://svn.sourceforge.net/viewvc/statsvn/trunk/statsvn/src/net/sf/statsvn/util/SvnPropgetUtils.java.diff?r1=144&amp;r2=155" class="webrepository">SvnPropgetUtils.java</a>&#160;<span class="change">(+2)</span>,
        <a href="http://svn.sourceforge.net/viewvc/statsvn/trunk/statsvn/src/net/sf/statsvn/util/SvnStartupUtils.java.diff?r1=144&amp;r2=155" class="webrepository">SvnStartupUtils.java</a>&#160;<span class="change">(+2)</span>
      </li>
    </ul>
  </dd>

  <dt>
    <a href="user_benoitx.html" class="author">benoitx</a>
    <span class="date">2006-11-19 19:35</span>
  </dt>
  <dd>
    <p class="comment">
Move to net.sf.statsvn
    </p>
    <p class="commitdetails"><strong>0</strong> lines of code changed in:</p>
    <ul class="commitdetails">
      <li>
        <strong>src/net/sf/statsvn/util</strong>:
        <a href="http://svn.sourceforge.net/viewvc/statsvn/trunk/statsvn/src/net/sf/statsvn/util/BinaryDiffException.java.diff?r1=144&amp;r2=144" class="webrepository">BinaryDiffException.java</a>&#160;<span class="change">(changed)</span>,
        <a href="http://svn.sourceforge.net/viewvc/statsvn/trunk/statsvn/src/net/sf/statsvn/util/ConsoleOutErrHandler.java?rev=144&amp;content-type=text/vnd.viewcvs-markup" class="webrepository">ConsoleOutErrHandler.java</a>&#160;<span class="change">(changed)</span>,
        <a href="http://svn.sourceforge.net/viewvc/statsvn/trunk/statsvn/src/net/sf/statsvn/util/ConsoleOutHandler.java?rev=144&amp;content-type=text/vnd.viewcvs-markup" class="webrepository">ConsoleOutHandler.java</a>&#160;<span class="change">(changed)</span>,
        <a href="http://svn.sourceforge.net/viewvc/statsvn/trunk/statsvn/src/net/sf/statsvn/util/FilePatternMatcher.java?rev=144&amp;content-type=text/vnd.viewcvs-markup" class="webrepository">FilePatternMatcher.java</a>&#160;<span class="new">(new)</span>,
        <a href="http://svn.sourceforge.net/viewvc/statsvn/trunk/statsvn/src/net/sf/statsvn/util/FileUtils.java?rev=144&amp;content-type=text/vnd.viewcvs-markup" class="webrepository">FileUtils.java</a>&#160;<span class="change">(changed)</span>,
        <a href="http://svn.sourceforge.net/viewvc/statsvn/trunk/statsvn/src/net/sf/statsvn/util/FilenameComparator.java?rev=144&amp;content-type=text/vnd.viewcvs-markup" class="webrepository">FilenameComparator.java</a>&#160;<span class="new">(new)</span>,
        <a href="http://svn.sourceforge.net/viewvc/statsvn/trunk/statsvn/src/net/sf/statsvn/util/IntegerMap.java?rev=144&amp;content-type=text/vnd.viewcvs-markup" class="webrepository">IntegerMap.java</a>&#160;<span class="new">(new)</span>,
        <a href="http://svn.sourceforge.net/viewvc/statsvn/trunk/statsvn/src/net/sf/statsvn/util/LogFormatter.java?rev=144&amp;content-type=text/vnd.viewcvs-markup" class="webrepository">LogFormatter.java</a>&#160;<span class="change">(changed)</span>,
        <a href="http://svn.sourceforge.net/viewvc/statsvn/trunk/statsvn/src/net/sf/statsvn/util/LookaheadReader.java?rev=144&amp;content-type=text/vnd.viewcvs-markup" class="webrepository">LookaheadReader.java</a>&#160;<span class="change">(changed)</span>,
        <a href="http://svn.sourceforge.net/viewvc/statsvn/trunk/statsvn/src/net/sf/statsvn/util/OutputUtils.java?rev=144&amp;content-type=text/vnd.viewcvs-markup" class="webrepository">OutputUtils.java</a>&#160;<span class="new">(new)</span>,
        <a href="http://svn.sourceforge.net/viewvc/statsvn/trunk/statsvn/src/net/sf/statsvn/util/ProcessUtils.java.diff?r1=144&amp;r2=144" class="webrepository">ProcessUtils.java</a>&#160;<span class="change">(changed)</span>,
        <a href="http://svn.sourceforge.net/viewvc/statsvn/trunk/statsvn/src/net/sf/statsvn/util/StatSvnConstants.java?rev=144&amp;content-type=text/vnd.viewcvs-markup" class="webrepository">StatSvnConstants.java</a>&#160;<span class="new">(new)</span>,
        <a href="http://svn.sourceforge.net/viewvc/statsvn/trunk/statsvn/src/net/sf/statsvn/util/SvnCommandHelper.java?rev=144&amp;content-type=text/vnd.viewcvs-markup" class="webrepository">SvnCommandHelper.java</a>&#160;<span class="new">(new)</span>,
        <a href="http://svn.sourceforge.net/viewvc/statsvn/trunk/statsvn/src/net/sf/statsvn/util/SvnDiffUtils.java.diff?r1=144&amp;r2=144" class="webrepository">SvnDiffUtils.java</a>&#160;<span class="change">(changed)</span>,
        <a href="http://svn.sourceforge.net/viewvc/statsvn/trunk/statsvn/src/net/sf/statsvn/util/SvnInfoUtils.java?rev=144&amp;content-type=text/vnd.viewcvs-markup" class="webrepository">SvnInfoUtils.java</a>&#160;<span class="new">(new)</span>,
        <a href="http://svn.sourceforge.net/viewvc/statsvn/trunk/statsvn/src/net/sf/statsvn/util/SvnPropgetUtils.java.diff?r1=144&amp;r2=144" class="webrepository">SvnPropgetUtils.java</a>&#160;<span class="change">(changed)</span>,
        <a href="http://svn.sourceforge.net/viewvc/statsvn/trunk/statsvn/src/net/sf/statsvn/util/SvnStartupUtils.java.diff?r1=144&amp;r2=144" class="webrepository">SvnStartupUtils.java</a>&#160;<span class="change">(changed)</span>,
        <a href="http://svn.sourceforge.net/viewvc/statsvn/trunk/statsvn/src/net/sf/statsvn/util/SvnVersionMismatchException.java?rev=144&amp;content-type=text/vnd.viewcvs-markup" class="webrepository">SvnVersionMismatchException.java</a>&#160;<span class="new">(new)</span>,
        <a href="http://svn.sourceforge.net/viewvc/statsvn/trunk/statsvn/src/net/sf/statsvn/util/XMLUtil.java.diff?r1=144&amp;r2=144" class="webrepository">XMLUtil.java</a>&#160;<span class="change">(changed)</span>
      </li>
    </ul>
  </dd>

</dl>

</subsection></subsection><div id="generatedby"><p>Generated by <a href="http://www.statsvn.org">StatSVN</a> 0.2.0</p>
</div>
</section></body>
</document>