<?xml version="1.0" encoding="US-ASCII"?>
<document xmlns:lxslt="http://xml.apache.org/xslt">
<properties><title>Module src/net/sf/statsvn/output/</title></properties>
<head>
    <meta http-equiv="Content-Type" content="text/html; charset=ISO-8859-1"/>
    <meta name="Generator" content="StatCVS 0.2.4"/>
    <link rel="stylesheet" href="objectlab-statcvs-xdoc.css" type="text/css"/>
  </head>

<body><section name="Module src/net/sf/statsvn/output/">
<p><a href="index.html">back to main page</a></p>
<p class="summaryperiod">
  Summary Period:
  <span class="date">2006-01-19</span> to
  <span class="date">2006-11-22</span></p>
<p><a href="http://svn.sourceforge.net/viewvc/statsvn/trunk/statsvn/src/net/sf/statsvn/output/">Browse with ViewVC</a></p>

<subsection name ="Modules">
<p><a href="module.html">[root]</a>/<a href="module_src.html">src</a>/<a href="module_src_net.html">net</a>/<a href="module_src_net_sf.html">sf</a>/<a href="module_src_net_sf_statsvn.html">statsvn</a>/<strong>output</strong>
<br/></p>

<subsection name ="Lines of Code">
<p><img src="loc_module_src_net_sf_statsvn_output.png" width="640" height="480" alt=""/><br/>
<strong>Total Lines Of Code: </strong>
370 (<span class="date">2006-11-28 09:52</span>)</p>
</subsection>
<subsection name ="Authors">
  <table  class="statCvsTable" rules="groups" summary="All authors and the number of their changes and lines of code in this directory">
    <colgroup align="left"/>
    <colgroup align="right"/>
    <colgroup align="right"/>
    <colgroup align="right"/>
    <thead>
      <tr>
        <th>Author</th>
        <th>Changes</th>
        <th>Lines of Code</th>
        <th>Lines per Change</th>
      </tr>
    </thead>
    <tbody>
      <tr  class="odd">
        <th><a href="user_benoitx.html" class="author">benoitx</a></th>
        <td>92 (100.0%)</td>
        <td>265 (100.0%)</td>
        <td>2.8</td>
      </tr>
    </tbody>
  </table>

</subsection>
<subsection name ="Most Recent Commits">
<dl class="commitlist">
  <dt>
    <a href="user_benoitx.html" class="author">benoitx</a>
    <span class="date">2006-11-22 23:55</span>
  </dt>
  <dd>
    <p class="comment">
A fair amount of tidy up following warnings from FindBugs, PMD, Checkstyle.
    </p>
    <p class="commitdetails"><strong>38</strong> lines of code changed in:</p>
    <ul class="commitdetails">
      <li>
        <strong>src/net/sf/statsvn/output</strong>:
        <a href="http://svn.sourceforge.net/viewvc/statsvn/trunk/statsvn/src/net/sf/statsvn/output/ChoraIntegration.java.diff?r1=155&amp;r2=164" class="webrepository">ChoraIntegration.java</a>&#160;<span class="change">(+5&#160;-6)</span>,
        <a href="http://svn.sourceforge.net/viewvc/statsvn/trunk/statsvn/src/net/sf/statsvn/output/SvnCommandLineParser.java.diff?r1=161&amp;r2=164" class="webrepository">SvnCommandLineParser.java</a>&#160;<span class="change">(+4&#160;-2)</span>,
        <a href="http://svn.sourceforge.net/viewvc/statsvn/trunk/statsvn/src/net/sf/statsvn/output/SvnConfigurationOptions.java.diff?r1=155&amp;r2=164" class="webrepository">SvnConfigurationOptions.java</a>&#160;<span class="change">(+17)</span>,
        <a href="http://svn.sourceforge.net/viewvc/statsvn/trunk/statsvn/src/net/sf/statsvn/output/package.html?rev=164&amp;content-type=text/vnd.viewcvs-markup" class="webrepository">package.html</a>&#160;<span class="new">(new&#160;12)</span>
      </li>
    </ul>
  </dd>

  <dt>
    <a href="user_benoitx.html" class="author">benoitx</a>
    <span class="date">2006-11-22 21:54</span>
  </dt>
  <dd>
    <p class="comment">
rework the test to eliminate ViewCvs but allow ViewVc (one extends the other one...)<br/>
Quick fix.
    </p>
    <p class="commitdetails"><strong>2</strong> lines of code changed in:</p>
    <ul class="commitdetails">
      <li>
        <strong>src/net/sf/statsvn/output</strong>:
        <a href="http://svn.sourceforge.net/viewvc/statsvn/trunk/statsvn/src/net/sf/statsvn/output/SvnCommandLineParser.java.diff?r1=159&amp;r2=161" class="webrepository">SvnCommandLineParser.java</a>&#160;<span class="change">(+2&#160;-1)</span>
      </li>
    </ul>
  </dd>

  <dt>
    <a href="user_benoitx.html" class="author">benoitx</a>
    <span class="date">2006-11-22 16:35</span>
  </dt>
  <dd>
    <p class="comment">
Throw a ConfigurationException if the user set up viewCvs or CVSWeb integration<br/>
as they are not supported by Subversion.
    </p>
    <p class="commitdetails"><strong>11</strong> lines of code changed in:</p>
    <ul class="commitdetails">
      <li>
        <strong>src/net/sf/statsvn/output</strong>:
        <a href="http://svn.sourceforge.net/viewvc/statsvn/trunk/statsvn/src/net/sf/statsvn/output/SvnCommandLineParser.java.diff?r1=155&amp;r2=159" class="webrepository">SvnCommandLineParser.java</a>&#160;<span class="change">(+11)</span>
      </li>
    </ul>
  </dd>

  <dt>
    <a href="user_benoitx.html" class="author">benoitx</a>
    <span class="date">2006-11-21 00:08</span>
  </dt>
  <dd>
    <p class="comment">
Attention... <br/>
StatSvn no longer contains the StatCvs code, instead it shall depend on statcvs-0.2.4.jar (or whichever version StatCvs shall use when they take our changes).<br/>
A fair amount of changes will make it to StatCvs in order to support xdoc (in StatCvs), XHTML generation and use of StringBuffers.<br/>
Jason will do the StatCvs checkin soon, in the meantime I include statcvs-0.2.4.jar in the lib directory. <br/>
Enjoy
    </p>
    <p class="commitdetails"><strong>211</strong> lines of code changed in:</p>
    <ul class="commitdetails">
      <li>
        <strong>src/net/sf/statsvn/output</strong>:
        <a href="http://svn.sourceforge.net/viewvc/statsvn/trunk/statsvn/src/net/sf/statsvn/output/AuthorPage.java?rev=144&amp;content-type=text/vnd.viewcvs-markup" class="webrepository">AuthorPage.java</a>&#160;<span class="del">(del)</span>,
        <a href="http://svn.sourceforge.net/viewvc/statsvn/trunk/statsvn/src/net/sf/statsvn/output/BugzillaIntegration.java?rev=144&amp;content-type=text/vnd.viewcvs-markup" class="webrepository">BugzillaIntegration.java</a>&#160;<span class="del">(del)</span>,
        <a href="http://svn.sourceforge.net/viewvc/statsvn/trunk/statsvn/src/net/sf/statsvn/output/CPAPage.java?rev=144&amp;content-type=text/vnd.viewcvs-markup" class="webrepository">CPAPage.java</a>&#160;<span class="del">(del)</span>,
        <a href="http://svn.sourceforge.net/viewvc/statsvn/trunk/statsvn/src/net/sf/statsvn/output/ChoraIntegration.java.diff?r1=144&amp;r2=155" class="webrepository">ChoraIntegration.java</a>&#160;<span class="change">(+6&#160;-5)</span>,
        <a href="http://svn.sourceforge.net/viewvc/statsvn/trunk/statsvn/src/net/sf/statsvn/output/CommandLineParser.java?rev=144&amp;content-type=text/vnd.viewcvs-markup" class="webrepository">CommandLineParser.java</a>&#160;<span class="del">(del)</span>,
        <a href="http://svn.sourceforge.net/viewvc/statsvn/trunk/statsvn/src/net/sf/statsvn/output/CommitLogPage.java?rev=144&amp;content-type=text/vnd.viewcvs-markup" class="webrepository">CommitLogPage.java</a>&#160;<span class="del">(del)</span>,
        <a href="http://svn.sourceforge.net/viewvc/statsvn/trunk/statsvn/src/net/sf/statsvn/output/ConfigurationException.java?rev=144&amp;content-type=text/vnd.viewcvs-markup" class="webrepository">ConfigurationException.java</a>&#160;<span class="del">(del)</span>,
        <a href="http://svn.sourceforge.net/viewvc/statsvn/trunk/statsvn/src/net/sf/statsvn/output/ConfigurationOptions.java?rev=144&amp;content-type=text/vnd.viewcvs-markup" class="webrepository">ConfigurationOptions.java</a>&#160;<span class="del">(del)</span>,
        <a href="http://svn.sourceforge.net/viewvc/statsvn/trunk/statsvn/src/net/sf/statsvn/output/CssHandler.java?rev=144&amp;content-type=text/vnd.viewcvs-markup" class="webrepository">CssHandler.java</a>&#160;<span class="del">(del)</span>,
        <a href="http://svn.sourceforge.net/viewvc/statsvn/trunk/statsvn/src/net/sf/statsvn/output/DefaultCssHandler.java?rev=144&amp;content-type=text/vnd.viewcvs-markup" class="webrepository">DefaultCssHandler.java</a>&#160;<span class="del">(del)</span>,
        <a href="http://svn.sourceforge.net/viewvc/statsvn/trunk/statsvn/src/net/sf/statsvn/output/DirectorySizesPage.java?rev=144&amp;content-type=text/vnd.viewcvs-markup" class="webrepository">DirectorySizesPage.java</a>&#160;<span class="del">(del)</span>,
        <a href="http://svn.sourceforge.net/viewvc/statsvn/trunk/statsvn/src/net/sf/statsvn/output/FileSizesPage.java?rev=144&amp;content-type=text/vnd.viewcvs-markup" class="webrepository">FileSizesPage.java</a>&#160;<span class="del">(del)</span>,
        <a href="http://svn.sourceforge.net/viewvc/statsvn/trunk/statsvn/src/net/sf/statsvn/output/HTMLOutput.java?rev=147&amp;content-type=text/vnd.viewcvs-markup" class="webrepository">HTMLOutput.java</a>&#160;<span class="del">(del)</span>,
        <a href="http://svn.sourceforge.net/viewvc/statsvn/trunk/statsvn/src/net/sf/statsvn/output/HTMLPage.java?rev=147&amp;content-type=text/vnd.viewcvs-markup" class="webrepository">HTMLPage.java</a>&#160;<span class="del">(del)</span>,
        <a href="http://svn.sourceforge.net/viewvc/statsvn/trunk/statsvn/src/net/sf/statsvn/output/HTMLTagger.java?rev=144&amp;content-type=text/vnd.viewcvs-markup" class="webrepository">HTMLTagger.java</a>&#160;<span class="del">(del)</span>,
        <a href="http://svn.sourceforge.net/viewvc/statsvn/trunk/statsvn/src/net/sf/statsvn/output/IndexPage.java?rev=144&amp;content-type=text/vnd.viewcvs-markup" class="webrepository">IndexPage.java</a>&#160;<span class="del">(del)</span>,
        <a href="http://svn.sourceforge.net/viewvc/statsvn/trunk/statsvn/src/net/sf/statsvn/output/LOCPage.java?rev=144&amp;content-type=text/vnd.viewcvs-markup" class="webrepository">LOCPage.java</a>&#160;<span class="del">(del)</span>,
        <a href="http://svn.sourceforge.net/viewvc/statsvn/trunk/statsvn/src/net/sf/statsvn/output/LOCSeriesBuilder.java?rev=144&amp;content-type=text/vnd.viewcvs-markup" class="webrepository">LOCSeriesBuilder.java</a>&#160;<span class="del">(del)</span>,
        <a href="http://svn.sourceforge.net/viewvc/statsvn/trunk/statsvn/src/net/sf/statsvn/output/LocalFileCssHandler.java?rev=144&amp;content-type=text/vnd.viewcvs-markup" class="webrepository">LocalFileCssHandler.java</a>&#160;<span class="del">(del)</span>,
        <a href="http://svn.sourceforge.net/viewvc/statsvn/trunk/statsvn/src/net/sf/statsvn/output/ModulePage.java?rev=144&amp;content-type=text/vnd.viewcvs-markup" class="webrepository">ModulePage.java</a>&#160;<span class="del">(del)</span>,
        <a href="http://svn.sourceforge.net/viewvc/statsvn/trunk/statsvn/src/net/sf/statsvn/output/NoFilesPage.java?rev=144&amp;content-type=text/vnd.viewcvs-markup" class="webrepository">NoFilesPage.java</a>&#160;<span class="del">(del)</span>,
        <a href="http://svn.sourceforge.net/viewvc/statsvn/trunk/statsvn/src/net/sf/statsvn/output/OutputRenderer.java?rev=144&amp;content-type=text/vnd.viewcvs-markup" class="webrepository">OutputRenderer.java</a>&#160;<span class="del">(del)</span>,
        <a href="http://svn.sourceforge.net/viewvc/statsvn/trunk/statsvn/src/net/sf/statsvn/output/SvnCommandLineParser.java?rev=155&amp;content-type=text/vnd.viewcvs-markup" class="webrepository">SvnCommandLineParser.java</a>&#160;<span class="new">(new&#160;83)</span>,
        <a href="http://svn.sourceforge.net/viewvc/statsvn/trunk/statsvn/src/net/sf/statsvn/output/SvnConfigurationOptions.java?rev=155&amp;content-type=text/vnd.viewcvs-markup" class="webrepository">SvnConfigurationOptions.java</a>&#160;<span class="new">(new&#160;122)</span>,
        <a href="http://svn.sourceforge.net/viewvc/statsvn/trunk/statsvn/src/net/sf/statsvn/output/UrlCssHandler.java?rev=144&amp;content-type=text/vnd.viewcvs-markup" class="webrepository">UrlCssHandler.java</a>&#160;<span class="del">(del)</span>,
        <a href="http://svn.sourceforge.net/viewvc/statsvn/trunk/statsvn/src/net/sf/statsvn/output/ViewVcIntegration.java?rev=144&amp;content-type=text/vnd.viewcvs-markup" class="webrepository">ViewVcIntegration.java</a>&#160;<span class="del">(del)</span>,
        <a href="http://svn.sourceforge.net/viewvc/statsvn/trunk/statsvn/src/net/sf/statsvn/output/WebBugtrackerIntegration.java?rev=144&amp;content-type=text/vnd.viewcvs-markup" class="webrepository">WebBugtrackerIntegration.java</a>&#160;<span class="del">(del)</span>,
        <a href="http://svn.sourceforge.net/viewvc/statsvn/trunk/statsvn/src/net/sf/statsvn/output/WebRepositoryIntegration.java?rev=144&amp;content-type=text/vnd.viewcvs-markup" class="webrepository">WebRepositoryIntegration.java</a>&#160;<span class="del">(del)</span>,
        <a href="http://svn.sourceforge.net/viewvc/statsvn/trunk/statsvn/src/net/sf/statsvn/output/XDocOutput.java?rev=147&amp;content-type=text/vnd.viewcvs-markup" class="webrepository">XDocOutput.java</a>&#160;<span class="del">(del)</span>
      </li>
    </ul>
  </dd>

  <dt>
    <a href="user_benoitx.html" class="author">benoitx</a>
    <span class="date">2006-11-19 20:08</span>
  </dt>
  <dd>
    <p class="comment">
Changing version number back to 0.1.3 in preparation to the 0.1.3 release.
    </p>
    <p class="commitdetails"><strong>3</strong> lines of code changed in:</p>
    <ul class="commitdetails">
      <li>
        <strong>src/net/sf/statsvn/output</strong>:
        <a href="http://svn.sourceforge.net/viewvc/statsvn/trunk/statsvn/src/net/sf/statsvn/output/HTMLOutput.java?rev=147&amp;content-type=text/vnd.viewcvs-markup" class="webrepository">HTMLOutput.java</a>&#160;<span class="change">(+1&#160;-1)</span>,
        <a href="http://svn.sourceforge.net/viewvc/statsvn/trunk/statsvn/src/net/sf/statsvn/output/HTMLPage.java?rev=147&amp;content-type=text/vnd.viewcvs-markup" class="webrepository">HTMLPage.java</a>&#160;<span class="change">(+1&#160;-1)</span>,
        <a href="http://svn.sourceforge.net/viewvc/statsvn/trunk/statsvn/src/net/sf/statsvn/output/XDocOutput.java?rev=147&amp;content-type=text/vnd.viewcvs-markup" class="webrepository">XDocOutput.java</a>&#160;<span class="change">(+1&#160;-1)</span>
      </li>
    </ul>
  </dd>

  <dt>
    <a href="user_benoitx.html" class="author">benoitx</a>
    <span class="date">2006-11-19 19:35</span>
  </dt>
  <dd>
    <p class="comment">
Move to net.sf.statsvn
    </p>
    <p class="commitdetails"><strong>0</strong> lines of code changed in:</p>
    <ul class="commitdetails">
      <li>
        <strong>src/net/sf/statsvn/output</strong>:
        <a href="http://svn.sourceforge.net/viewvc/statsvn/trunk/statsvn/src/net/sf/statsvn/output/AuthorPage.java?rev=144&amp;content-type=text/vnd.viewcvs-markup" class="webrepository">AuthorPage.java</a>&#160;<span class="new">(new)</span>,
        <a href="http://svn.sourceforge.net/viewvc/statsvn/trunk/statsvn/src/net/sf/statsvn/output/BugzillaIntegration.java?rev=144&amp;content-type=text/vnd.viewcvs-markup" class="webrepository">BugzillaIntegration.java</a>&#160;<span class="change">(changed)</span>,
        <a href="http://svn.sourceforge.net/viewvc/statsvn/trunk/statsvn/src/net/sf/statsvn/output/CPAPage.java?rev=144&amp;content-type=text/vnd.viewcvs-markup" class="webrepository">CPAPage.java</a>&#160;<span class="new">(new)</span>,
        <a href="http://svn.sourceforge.net/viewvc/statsvn/trunk/statsvn/src/net/sf/statsvn/output/ChoraIntegration.java?rev=144&amp;content-type=text/vnd.viewcvs-markup" class="webrepository">ChoraIntegration.java</a>&#160;<span class="new">(new)</span>,
        <a href="http://svn.sourceforge.net/viewvc/statsvn/trunk/statsvn/src/net/sf/statsvn/output/CommandLineParser.java?rev=144&amp;content-type=text/vnd.viewcvs-markup" class="webrepository">CommandLineParser.java</a>&#160;<span class="new">(new)</span>,
        <a href="http://svn.sourceforge.net/viewvc/statsvn/trunk/statsvn/src/net/sf/statsvn/output/CommitLogPage.java?rev=144&amp;content-type=text/vnd.viewcvs-markup" class="webrepository">CommitLogPage.java</a>&#160;<span class="new">(new)</span>,
        <a href="http://svn.sourceforge.net/viewvc/statsvn/trunk/statsvn/src/net/sf/statsvn/output/ConfigurationException.java?rev=144&amp;content-type=text/vnd.viewcvs-markup" class="webrepository">ConfigurationException.java</a>&#160;<span class="new">(new)</span>,
        <a href="http://svn.sourceforge.net/viewvc/statsvn/trunk/statsvn/src/net/sf/statsvn/output/ConfigurationOptions.java?rev=144&amp;content-type=text/vnd.viewcvs-markup" class="webrepository">ConfigurationOptions.java</a>&#160;<span class="change">(changed)</span>,
        <a href="http://svn.sourceforge.net/viewvc/statsvn/trunk/statsvn/src/net/sf/statsvn/output/CssHandler.java?rev=144&amp;content-type=text/vnd.viewcvs-markup" class="webrepository">CssHandler.java</a>&#160;<span class="change">(changed)</span>,
        <a href="http://svn.sourceforge.net/viewvc/statsvn/trunk/statsvn/src/net/sf/statsvn/output/DefaultCssHandler.java?rev=144&amp;content-type=text/vnd.viewcvs-markup" class="webrepository">DefaultCssHandler.java</a>&#160;<span class="change">(changed)</span>,
        <a href="http://svn.sourceforge.net/viewvc/statsvn/trunk/statsvn/src/net/sf/statsvn/output/DirectorySizesPage.java?rev=144&amp;content-type=text/vnd.viewcvs-markup" class="webrepository">DirectorySizesPage.java</a>&#160;<span class="new">(new)</span>,
        <a href="http://svn.sourceforge.net/viewvc/statsvn/trunk/statsvn/src/net/sf/statsvn/output/FileSizesPage.java?rev=144&amp;content-type=text/vnd.viewcvs-markup" class="webrepository">FileSizesPage.java</a>&#160;<span class="new">(new)</span>,
        <a href="http://svn.sourceforge.net/viewvc/statsvn/trunk/statsvn/src/net/sf/statsvn/output/HTMLOutput.java?rev=144&amp;content-type=text/vnd.viewcvs-markup" class="webrepository">HTMLOutput.java</a>&#160;<span class="change">(changed)</span>,
        <a href="http://svn.sourceforge.net/viewvc/statsvn/trunk/statsvn/src/net/sf/statsvn/output/HTMLPage.java?rev=144&amp;content-type=text/vnd.viewcvs-markup" class="webrepository">HTMLPage.java</a>&#160;<span class="change">(changed)</span>,
        <a href="http://svn.sourceforge.net/viewvc/statsvn/trunk/statsvn/src/net/sf/statsvn/output/HTMLTagger.java?rev=144&amp;content-type=text/vnd.viewcvs-markup" class="webrepository">HTMLTagger.java</a>&#160;<span class="new">(new)</span>,
        <a href="http://svn.sourceforge.net/viewvc/statsvn/trunk/statsvn/src/net/sf/statsvn/output/IndexPage.java?rev=144&amp;content-type=text/vnd.viewcvs-markup" class="webrepository">IndexPage.java</a>&#160;<span class="change">(changed)</span>,
        <a href="http://svn.sourceforge.net/viewvc/statsvn/trunk/statsvn/src/net/sf/statsvn/output/LOCPage.java?rev=144&amp;content-type=text/vnd.viewcvs-markup" class="webrepository">LOCPage.java</a>&#160;<span class="new">(new)</span>,
        <a href="http://svn.sourceforge.net/viewvc/statsvn/trunk/statsvn/src/net/sf/statsvn/output/LOCSeriesBuilder.java?rev=144&amp;content-type=text/vnd.viewcvs-markup" class="webrepository">LOCSeriesBuilder.java</a>&#160;<span class="change">(changed)</span>,
        <a href="http://svn.sourceforge.net/viewvc/statsvn/trunk/statsvn/src/net/sf/statsvn/output/LocalFileCssHandler.java?rev=144&amp;content-type=text/vnd.viewcvs-markup" class="webrepository">LocalFileCssHandler.java</a>&#160;<span class="change">(changed)</span>,
        <a href="http://svn.sourceforge.net/viewvc/statsvn/trunk/statsvn/src/net/sf/statsvn/output/ModulePage.java?rev=144&amp;content-type=text/vnd.viewcvs-markup" class="webrepository">ModulePage.java</a>&#160;<span class="new">(new)</span>,
        <a href="http://svn.sourceforge.net/viewvc/statsvn/trunk/statsvn/src/net/sf/statsvn/output/NoFilesPage.java?rev=144&amp;content-type=text/vnd.viewcvs-markup" class="webrepository">NoFilesPage.java</a>&#160;<span class="change">(changed)</span>,
        <a href="http://svn.sourceforge.net/viewvc/statsvn/trunk/statsvn/src/net/sf/statsvn/output/OutputRenderer.java?rev=144&amp;content-type=text/vnd.viewcvs-markup" class="webrepository">OutputRenderer.java</a>&#160;<span class="change">(changed)</span>,
        <a href="http://svn.sourceforge.net/viewvc/statsvn/trunk/statsvn/src/net/sf/statsvn/output/UrlCssHandler.java?rev=144&amp;content-type=text/vnd.viewcvs-markup" class="webrepository">UrlCssHandler.java</a>&#160;<span class="new">(new)</span>,
        <a href="http://svn.sourceforge.net/viewvc/statsvn/trunk/statsvn/src/net/sf/statsvn/output/ViewVcIntegration.java?rev=144&amp;content-type=text/vnd.viewcvs-markup" class="webrepository">ViewVcIntegration.java</a>&#160;<span class="new">(new)</span>,
        <a href="http://svn.sourceforge.net/viewvc/statsvn/trunk/statsvn/src/net/sf/statsvn/output/WebBugtrackerIntegration.java?rev=144&amp;content-type=text/vnd.viewcvs-markup" class="webrepository">WebBugtrackerIntegration.java</a>&#160;<span class="change">(changed)</span>,
        <a href="http://svn.sourceforge.net/viewvc/statsvn/trunk/statsvn/src/net/sf/statsvn/output/WebRepositoryIntegration.java?rev=144&amp;content-type=text/vnd.viewcvs-markup" class="webrepository">WebRepositoryIntegration.java</a>&#160;<span class="change">(changed)</span>,
        <a href="http://svn.sourceforge.net/viewvc/statsvn/trunk/statsvn/src/net/sf/statsvn/output/XDocOutput.java?rev=144&amp;content-type=text/vnd.viewcvs-markup" class="webrepository">XDocOutput.java</a>&#160;<span class="change">(changed)</span>
      </li>
    </ul>
  </dd>

</dl>

</subsection></subsection><div id="generatedby"><p>Generated by <a href="http://www.statsvn.org">StatSVN</a> 0.2.0</p>
</div>
</section></body>
</document>