<?xml version="1.0" encoding="US-ASCII"?>
<document xmlns:lxslt="http://xml.apache.org/xslt">
<properties><title>Module src/net/sf/statsvn/ant/</title></properties>
<head>
    <meta http-equiv="Content-Type" content="text/html; charset=ISO-8859-1"/>
    <meta name="Generator" content="StatCVS 0.2.4"/>
    <link rel="stylesheet" href="objectlab-statcvs-xdoc.css" type="text/css"/>
  </head>

<body><section name="Module src/net/sf/statsvn/ant/">
<p><a href="index.html">back to main page</a></p>
<p class="summaryperiod">
  Summary Period:
  <span class="date">2006-01-19</span> to
  <span class="date">2006-11-22</span></p>
<p><a href="http://svn.sourceforge.net/viewvc/statsvn/trunk/statsvn/src/net/sf/statsvn/ant/">Browse with ViewVC</a></p>

<subsection name ="Modules">
<p><a href="module.html">[root]</a>/<a href="module_src.html">src</a>/<a href="module_src_net.html">net</a>/<a href="module_src_net_sf.html">sf</a>/<a href="module_src_net_sf_statsvn.html">statsvn</a>/<strong>ant</strong>
<br/></p>

<subsection name ="Lines of Code">
<p><img src="loc_module_src_net_sf_statsvn_ant.png" width="640" height="480" alt=""/><br/>
<strong>Total Lines Of Code: </strong>
99 (<span class="date">2006-11-28 09:52</span>)</p>
</subsection>
<subsection name ="Authors">
  <table  class="statCvsTable" rules="groups" summary="All authors and the number of their changes and lines of code in this directory">
    <colgroup align="left"/>
    <colgroup align="right"/>
    <colgroup align="right"/>
    <colgroup align="right"/>
    <thead>
      <tr>
        <th>Author</th>
        <th>Changes</th>
        <th>Lines of Code</th>
        <th>Lines per Change</th>
      </tr>
    </thead>
    <tbody>
      <tr  class="odd">
        <th><a href="user_benoitx.html" class="author">benoitx</a></th>
        <td>6 (100.0%)</td>
        <td>99 (100.0%)</td>
        <td>16.5</td>
      </tr>
    </tbody>
  </table>

</subsection>
<subsection name ="Most Recent Commits">
<dl class="commitlist">
  <dt>
    <a href="user_benoitx.html" class="author">benoitx</a>
    <span class="date">2006-11-22 23:55</span>
  </dt>
  <dd>
    <p class="comment">
A fair amount of tidy up following warnings from FindBugs, PMD, Checkstyle.
    </p>
    <p class="commitdetails"><strong>37</strong> lines of code changed in:</p>
    <ul class="commitdetails">
      <li>
        <strong>src/net/sf/statsvn/ant</strong>:
        <a href="http://svn.sourceforge.net/viewvc/statsvn/trunk/statsvn/src/net/sf/statsvn/ant/AntTaskLogger.java?rev=164&amp;content-type=text/vnd.viewcvs-markup" class="webrepository">AntTaskLogger.java</a>&#160;<span class="new">(new&#160;36)</span>,
        <a href="http://svn.sourceforge.net/viewvc/statsvn/trunk/statsvn/src/net/sf/statsvn/ant/StatSvnTask.java.diff?r1=155&amp;r2=164" class="webrepository">StatSvnTask.java</a>&#160;<span class="change">(+1)</span>
      </li>
    </ul>
  </dd>

  <dt>
    <a href="user_benoitx.html" class="author">benoitx</a>
    <span class="date">2006-11-21 00:08</span>
  </dt>
  <dd>
    <p class="comment">
Attention... <br/>
StatSvn no longer contains the StatCvs code, instead it shall depend on statcvs-0.2.4.jar (or whichever version StatCvs shall use when they take our changes).<br/>
A fair amount of changes will make it to StatCvs in order to support xdoc (in StatCvs), XHTML generation and use of StringBuffers.<br/>
Jason will do the StatCvs checkin soon, in the meantime I include statcvs-0.2.4.jar in the lib directory. <br/>
Enjoy
    </p>
    <p class="commitdetails"><strong>62</strong> lines of code changed in:</p>
    <ul class="commitdetails">
      <li>
        <strong>src/net/sf/statsvn/ant</strong>:
        <a href="http://svn.sourceforge.net/viewvc/statsvn/trunk/statsvn/src/net/sf/statsvn/ant/StatCvsTask.java?rev=144&amp;content-type=text/vnd.viewcvs-markup" class="webrepository">StatCvsTask.java</a>&#160;<span class="del">(del)</span>,
        <a href="http://svn.sourceforge.net/viewvc/statsvn/trunk/statsvn/src/net/sf/statsvn/ant/StatSvnTask.java?rev=155&amp;content-type=text/vnd.viewcvs-markup" class="webrepository">StatSvnTask.java</a>&#160;<span class="new">(new&#160;62)</span>
      </li>
    </ul>
  </dd>

  <dt>
    <a href="user_benoitx.html" class="author">benoitx</a>
    <span class="date">2006-11-19 19:35</span>
  </dt>
  <dd>
    <p class="comment">
Move to net.sf.statsvn
    </p>
    <p class="commitdetails"><strong>0</strong> lines of code changed in:</p>
    <ul class="commitdetails">
      <li>
        <strong>src/net/sf/statsvn/ant</strong>:
        <a href="http://svn.sourceforge.net/viewvc/statsvn/trunk/statsvn/src/net/sf/statsvn/ant/StatCvsTask.java?rev=144&amp;content-type=text/vnd.viewcvs-markup" class="webrepository">StatCvsTask.java</a>&#160;<span class="new">(new)</span>
      </li>
    </ul>
  </dd>

</dl>

</subsection></subsection><div id="generatedby"><p>Generated by <a href="http://www.statsvn.org">StatSVN</a> 0.2.0</p>
</div>
</section></body>
</document>