<?xml version="1.0" encoding="US-ASCII"?>
<document xmlns:lxslt="http://xml.apache.org/xslt">
<properties><title>User statistics for jpdaigle</title></properties>
<head>
    <meta http-equiv="Content-Type" content="text/html; charset=ISO-8859-1"/>
    <meta name="Generator" content="StatCVS 0.2.4"/>
    <link rel="stylesheet" href="objectlab-statcvs-xdoc.css" type="text/css"/>
  </head>

<body><section name="User statistics for jpdaigle">
<p><a href="index.html">back to main page</a></p>
<p class="summaryperiod">
  Summary Period:
  <span class="date">2006-01-19</span> to
  <span class="date">2006-04-18</span></p>

<subsection name ="Total Changes">
<p>199 (11.3%)</p>
</subsection>
<subsection name ="Lines of Code">
<p>3933 (14.3%)</p>
</subsection>
<subsection name ="Modules">
<p><img src="module_sizes_jpdaigle.png" width="640" height="480" alt=""/></p>
  <table  class="statCvsTable" rules="groups" summary="Overview of this author's activities in different directories">
    <colgroup align="left"/>
    <colgroup align="right"/>
    <colgroup align="right"/>
    <colgroup align="right"/>
    <thead>
      <tr>
        <th>Directory</th>
        <th>Changes</th>
        <th>Lines of Code</th>
        <th>Lines per Change</th>
      </tr>
    </thead>
    <tfoot>
      <tr>
        <th>Totals</th>
        <td>199 (100.0%)</td>
        <td>3933 (100.0%)</td>
        <td>19.7</td>
      </tr>
    </tfoot>
    <tbody>
      <tr  class="odd">
        <th><a href="module_src_net_sf_statcvs_input.html" class="directory">src/net/sf/statcvs/input/</a></th>
        <td>13 (6.5%)</td>
        <td>973 (24.7%)</td>
        <td>74.8</td>
      </tr>
      <tr  class="even">
        <th><a href="module_src_net_sf_statcvs_output.html" class="directory">src/net/sf/statcvs/output/</a></th>
        <td>32 (16.1%)</td>
        <td>712 (18.1%)</td>
        <td>22.2</td>
      </tr>
      <tr  class="odd">
        <th><a href="module_etc.html" class="directory">etc/</a></th>
        <td>3 (1.5%)</td>
        <td>542 (13.8%)</td>
        <td>180.6</td>
      </tr>
      <tr  class="even">
        <th><a href="module.html" class="directory">/</a></th>
        <td>5 (2.5%)</td>
        <td>436 (11.1%)</td>
        <td>87.2</td>
      </tr>
      <tr  class="odd">
        <th><a href="module_src_net_sf_statcvs_renderer.html" class="directory">src/net/sf/statcvs/renderer/</a></th>
        <td>20 (10.1%)</td>
        <td>251 (6.4%)</td>
        <td>12.5</td>
      </tr>
      <tr  class="even">
        <th><a href="module_src_net_sf_statcvs_util.html" class="directory">src/net/sf/statcvs/util/</a></th>
        <td>19 (9.5%)</td>
        <td>224 (5.7%)</td>
        <td>11.7</td>
      </tr>
      <tr  class="odd">
        <th><a href="module_tests-src_net_sf_statcvs_input.html" class="directory">tests-src/net/sf/statcvs/input/</a></th>
        <td>27 (13.6%)</td>
        <td>180 (4.6%)</td>
        <td>6.6</td>
      </tr>
      <tr  class="even">
        <th><a href="module_tests-src_net_sf_statcvs_output.html" class="directory">tests-src/net/sf/statcvs/output/</a></th>
        <td>2 (1.0%)</td>
        <td>130 (3.3%)</td>
        <td>65.0</td>
      </tr>
      <tr  class="odd">
        <th><a href="module_src_net_sf_statcvs.html" class="directory">src/net/sf/statcvs/</a></th>
        <td>11 (5.5%)</td>
        <td>89 (2.3%)</td>
        <td>8.0</td>
      </tr>
      <tr  class="even">
        <th><a href="module_tests-src_net_sf_statcvs_model.html" class="directory">tests-src/net/sf/statcvs/model/</a></th>
        <td>7 (3.5%)</td>
        <td>83 (2.1%)</td>
        <td>11.8</td>
      </tr>
      <tr  class="odd">
        <th><a href="module_tests-src_net_sf_statcvs_util.html" class="directory">tests-src/net/sf/statcvs/util/</a></th>
        <td>7 (3.5%)</td>
        <td>68 (1.7%)</td>
        <td>9.7</td>
      </tr>
      <tr  class="even">
        <th><a href="module_src_net_sf_statcvs_reports.html" class="directory">src/net/sf/statcvs/reports/</a></th>
        <td>13 (6.5%)</td>
        <td>56 (1.4%)</td>
        <td>4.3</td>
      </tr>
      <tr  class="odd">
        <th><a href="module_src_net_sf_statcvs_ant.html" class="directory">src/net/sf/statcvs/ant/</a></th>
        <td>2 (1.0%)</td>
        <td>54 (1.4%)</td>
        <td>27.0</td>
      </tr>
      <tr  class="even">
        <th><a href="module_src_net_sf_statcvs_reportmodel.html" class="directory">src/net/sf/statcvs/reportmodel/</a></th>
        <td>12 (6.0%)</td>
        <td>48 (1.2%)</td>
        <td>4.0</td>
      </tr>
      <tr  class="odd">
        <th><a href="module_src_net_sf_statcvs_model.html" class="directory">src/net/sf/statcvs/model/</a></th>
        <td>10 (5.0%)</td>
        <td>48 (1.2%)</td>
        <td>4.8</td>
      </tr>
      <tr  class="even">
        <th><a href="module_tests-src_net_sf_statcvs_reportmodel.html" class="directory">tests-src/net/sf/statcvs/reportmodel/</a></th>
        <td>2 (1.0%)</td>
        <td>24 (0.6%)</td>
        <td>12.0</td>
      </tr>
      <tr  class="odd">
        <th><a href="module_tests-src_net_sf_statcvs_renderer.html" class="directory">tests-src/net/sf/statcvs/renderer/</a></th>
        <td>2 (1.0%)</td>
        <td>13 (0.3%)</td>
        <td>6.5</td>
      </tr>
      <tr  class="even">
        <th><a href="module_tests-src_net_sf_statcvs.html" class="directory">tests-src/net/sf/statcvs/</a></th>
        <td>1 (0.5%)</td>
        <td>2 (0.1%)</td>
        <td>2.0</td>
      </tr>
      <tr  class="odd">
        <th><a href="module_src_net_sf_statcvs_web-files.html" class="directory">src/net/sf/statcvs/web-files/</a></th>
        <td>7 (3.5%)</td>
        <td>0 (0.0%)</td>
        <td>0.0</td>
      </tr>
      <tr  class="even">
        <th><a href="module_lib.html" class="directory">lib/</a></th>
        <td>4 (2.0%)</td>
        <td>0 (0.0%)</td>
        <td>0.0</td>
      </tr>
    </tbody>
  </table>

</subsection>
<subsection name ="Activity by Clock Time">
<p><img src="activity_time_jpdaigle.png" width="500" height="300" alt=""/></p>
<p><img src="activity_day_jpdaigle.png" width="500" height="300" alt=""/></p>
</subsection>
<subsection name ="Most Recent Commits">
<dl class="commitlist">
  <dt>
    <a href="user_jpdaigle.html" class="author">jpdaigle</a>
    <span class="date">2006-04-18 03:14</span>
  </dt>
  <dd>
    <p class="comment">
Bug 34: refactoring the bugzilla integration a bit to implement the new WebBugtrackerIntegration interface. No functional change.<br/>

    </p>
    <p class="commitdetails"><strong>27</strong> lines of code changed in:</p>
    <ul class="commitdetails">
      <li>
        <strong>src/net/sf/statcvs/output</strong>:
        <a href="http://svn.sourceforge.net/viewvc/statsvn/trunk/statsvn/src/net/sf/statcvs/output/BugzillaIntegration.java?rev=116&amp;content-type=text/vnd.viewcvs-markup" class="webrepository">BugzillaIntegration.java</a>&#160;<span class="new">(new&#160;16)</span>,
        <a href="http://svn.sourceforge.net/viewvc/statsvn/trunk/statsvn/src/net/sf/statcvs/output/ConfigurationOptions.java?rev=116&amp;content-type=text/vnd.viewcvs-markup" class="webrepository">ConfigurationOptions.java</a>&#160;<span class="change">(+6&#160;-4)</span>,
        <a href="http://svn.sourceforge.net/viewvc/statsvn/trunk/statsvn/src/net/sf/statcvs/output/WebBugtrackerIntegration.java?rev=116&amp;content-type=text/vnd.viewcvs-markup" class="webrepository">WebBugtrackerIntegration.java</a>&#160;<span class="new">(new)</span>
      </li>
      <li>
        <strong>src/net/sf/statcvs/renderer</strong>:
        <a href="http://svn.sourceforge.net/viewvc/statsvn/trunk/statsvn/src/net/sf/statcvs/renderer/BugzillaTextFilter.java?rev=82&amp;content-type=text/vnd.viewcvs-markup" class="webrepository">BugzillaTextFilter.java</a>&#160;<span class="del">(del)</span>,
        <a href="http://svn.sourceforge.net/viewvc/statsvn/trunk/statsvn/src/net/sf/statcvs/renderer/CommitLogRenderer.java?rev=116&amp;content-type=text/vnd.viewcvs-markup" class="webrepository">CommitLogRenderer.java</a>&#160;<span class="change">(+5&#160;-2)</span>,
        <a href="http://svn.sourceforge.net/viewvc/statsvn/trunk/statsvn/src/net/sf/statcvs/renderer/TextFilter.java?rev=82&amp;content-type=text/vnd.viewcvs-markup" class="webrepository">TextFilter.java</a>&#160;<span class="del">(del)</span>
      </li>
    </ul>
  </dd>

  <dt>
    <a href="user_jpdaigle.html" class="author">jpdaigle</a>
    <span class="date">2006-03-25 08:32</span>
  </dt>
  <dd>
    <p class="comment">
Fixed usage message to reflect -bugzilla option
    </p>
    <p class="commitdetails"><strong>1</strong> lines of code changed in:</p>
    <ul class="commitdetails">
      <li>
        <strong>src/net/sf/statcvs</strong>:
        <a href="http://svn.sourceforge.net/viewvc/statsvn/trunk/statsvn/src/net/sf/statcvs/Main.java?rev=83&amp;content-type=text/vnd.viewcvs-markup" class="webrepository">Main.java</a>&#160;<span class="change">(+1)</span>
      </li>
    </ul>
  </dd>

  <dt>
    <a href="user_jpdaigle.html" class="author">jpdaigle</a>
    <span class="date">2006-03-25 08:31</span>
  </dt>
  <dd>
    <p class="comment">
Adding support for -bugzilla option
    </p>
    <p class="commitdetails"><strong>23</strong> lines of code changed in:</p>
    <ul class="commitdetails">
      <li>
        <a href="http://svn.sourceforge.net/viewvc/statsvn/trunk/statsvn/build.xml.diff?r1=42&amp;r2=82" class="webrepository">build.xml</a>&#160;<span class="change">(+1&#160;-1)</span>
      </li>
      <li>
        <strong>src/net/sf/statcvs/output</strong>:
        <a href="http://svn.sourceforge.net/viewvc/statsvn/trunk/statsvn/src/net/sf/statcvs/output/CommandLineParser.java?rev=82&amp;content-type=text/vnd.viewcvs-markup" class="webrepository">CommandLineParser.java</a>&#160;<span class="change">(+4&#160;-1)</span>,
        <a href="http://svn.sourceforge.net/viewvc/statsvn/trunk/statsvn/src/net/sf/statcvs/output/ConfigurationOptions.java?rev=82&amp;content-type=text/vnd.viewcvs-markup" class="webrepository">ConfigurationOptions.java</a>&#160;<span class="change">(+10)</span>,
        <a href="http://svn.sourceforge.net/viewvc/statsvn/trunk/statsvn/src/net/sf/statcvs/output/HTMLOutput.java?rev=82&amp;content-type=text/vnd.viewcvs-markup" class="webrepository">HTMLOutput.java</a>&#160;<span class="change">(+6)</span>
      </li>
      <li>
        <strong>src/net/sf/statcvs/renderer</strong>:
        <a href="http://svn.sourceforge.net/viewvc/statsvn/trunk/statsvn/src/net/sf/statcvs/renderer/BugzillaTextFilter.java?rev=82&amp;content-type=text/vnd.viewcvs-markup" class="webrepository">BugzillaTextFilter.java</a>&#160;<span class="new">(new)</span>,
        <a href="http://svn.sourceforge.net/viewvc/statsvn/trunk/statsvn/src/net/sf/statcvs/renderer/CommitLogRenderer.java?rev=82&amp;content-type=text/vnd.viewcvs-markup" class="webrepository">CommitLogRenderer.java</a>&#160;<span class="change">(+2)</span>,
        <a href="http://svn.sourceforge.net/viewvc/statsvn/trunk/statsvn/src/net/sf/statcvs/renderer/TextFilter.java?rev=82&amp;content-type=text/vnd.viewcvs-markup" class="webrepository">TextFilter.java</a>&#160;<span class="new">(new)</span>
      </li>
      <li>
        <strong>src/net/sf/statcvs/web-files</strong>:
        <a href="http://svn.sourceforge.net/viewvc/statsvn/trunk/statsvn/src/net/sf/statcvs/web-files/License-bug-icon.txt?rev=82&amp;content-type=text/vnd.viewcvs-markup" class="webrepository">License-bug-icon.txt</a>&#160;<span class="new">(new)</span>,
        <a href="http://svn.sourceforge.net/viewvc/statsvn/trunk/statsvn/src/net/sf/statcvs/web-files/bug.png?rev=82&amp;content-type=text/vnd.viewcvs-markup" class="webrepository">bug.png</a>&#160;<span class="new">(new)</span>
      </li>
    </ul>
  </dd>

  <dt>
    <a href="user_jpdaigle.html" class="author">jpdaigle</a>
    <span class="date">2006-03-24 03:50</span>
  </dt>
  <dd>
    <p class="comment">
Bug 5 first attempt: authentication parameters<br/>

    </p>
    <p class="commitdetails"><strong>64</strong> lines of code changed in:</p>
    <ul class="commitdetails">
      <li>
        <strong>src/net/sf/statcvs</strong>:
        <a href="http://svn.sourceforge.net/viewvc/statsvn/trunk/statsvn/src/net/sf/statcvs/Main.java?rev=81&amp;content-type=text/vnd.viewcvs-markup" class="webrepository">Main.java</a>&#160;<span class="change">(+7&#160;-3)</span>
      </li>
      <li>
        <strong>src/net/sf/statcvs/output</strong>:
        <a href="http://svn.sourceforge.net/viewvc/statsvn/trunk/statsvn/src/net/sf/statcvs/output/CommandLineParser.java?rev=81&amp;content-type=text/vnd.viewcvs-markup" class="webrepository">CommandLineParser.java</a>&#160;<span class="change">(+15)</span>,
        <a href="http://svn.sourceforge.net/viewvc/statsvn/trunk/statsvn/src/net/sf/statcvs/output/ConfigurationOptions.java?rev=81&amp;content-type=text/vnd.viewcvs-markup" class="webrepository">ConfigurationOptions.java</a>&#160;<span class="change">(+31&#160;-1)</span>
      </li>
      <li>
        <strong>src/net/sf/statcvs/util</strong>:
        <a href="http://svn.sourceforge.net/viewvc/statsvn/trunk/statsvn/src/net/sf/statcvs/util/SvnCommandHelper.java?rev=81&amp;content-type=text/vnd.viewcvs-markup" class="webrepository">SvnCommandHelper.java</a>&#160;<span class="new">(new&#160;6)</span>,
        <a href="http://svn.sourceforge.net/viewvc/statsvn/trunk/statsvn/src/net/sf/statcvs/util/SvnDiffUtils.java?rev=81&amp;content-type=text/vnd.viewcvs-markup" class="webrepository">SvnDiffUtils.java</a>&#160;<span class="change">(+1&#160;-1)</span>,
        <a href="http://svn.sourceforge.net/viewvc/statsvn/trunk/statsvn/src/net/sf/statcvs/util/SvnInfoUtils.java?rev=81&amp;content-type=text/vnd.viewcvs-markup" class="webrepository">SvnInfoUtils.java</a>&#160;<span class="change">(+2&#160;-1)</span>,
        <a href="http://svn.sourceforge.net/viewvc/statsvn/trunk/statsvn/src/net/sf/statcvs/util/SvnPropgetUtils.java?rev=81&amp;content-type=text/vnd.viewcvs-markup" class="webrepository">SvnPropgetUtils.java</a>&#160;<span class="change">(+2)</span>
      </li>
    </ul>
  </dd>

  <dt>
    <a href="user_jpdaigle.html" class="author">jpdaigle</a>
    <span class="date">2006-03-13 00:26</span>
  </dt>
  <dd>
    <p class="comment">
Better javadoc for SvnVersionMismatchException.<br/>

    </p>
    <p class="commitdetails"><strong>5</strong> lines of code changed in:</p>
    <ul class="commitdetails">
      <li>
        <strong>src/net/sf/statcvs/util</strong>:
        <a href="http://svn.sourceforge.net/viewvc/statsvn/trunk/statsvn/src/net/sf/statcvs/util/SvnVersionMismatchException.java?rev=67&amp;content-type=text/vnd.viewcvs-markup" class="webrepository">SvnVersionMismatchException.java</a>&#160;<span class="change">(+5&#160;-1)</span>
      </li>
    </ul>
  </dd>

  <dt>
    <a href="user_jpdaigle.html" class="author">jpdaigle</a>
    <span class="date">2006-03-13 00:25</span>
  </dt>
  <dd>
    <p class="comment">
Bug 16: check that "repository root" information is available from the "svn info" command. (A 1.3+ feature.)<br/>
Fail on startup if not available.
    </p>
    <p class="commitdetails"><strong>39</strong> lines of code changed in:</p>
    <ul class="commitdetails">
      <li>
        <strong>src/net/sf/statcvs</strong>:
        <a href="http://svn.sourceforge.net/viewvc/statsvn/trunk/statsvn/src/net/sf/statcvs/Main.java?rev=66&amp;content-type=text/vnd.viewcvs-markup" class="webrepository">Main.java</a>&#160;<span class="change">(+1)</span>
      </li>
      <li>
        <strong>src/net/sf/statcvs/util</strong>:
        <a href="http://svn.sourceforge.net/viewvc/statsvn/trunk/statsvn/src/net/sf/statcvs/util/SvnStartupUtils.java?rev=66&amp;content-type=text/vnd.viewcvs-markup" class="webrepository">SvnStartupUtils.java</a>&#160;<span class="change">(+38&#160;-4)</span>
      </li>
    </ul>
  </dd>

  <dt>
    <a href="user_jpdaigle.html" class="author">jpdaigle</a>
    <span class="date">2006-03-06 05:20</span>
  </dt>
  <dd>
    <p class="comment">
Bug 16: check version of svn executable before attempting to generate reports.<br/>

    </p>
    <p class="commitdetails"><strong>49</strong> lines of code changed in:</p>
    <ul class="commitdetails">
      <li>
        <strong>src/net/sf/statcvs</strong>:
        <a href="http://svn.sourceforge.net/viewvc/statsvn/trunk/statsvn/src/net/sf/statcvs/Main.java?rev=45&amp;content-type=text/vnd.viewcvs-markup" class="webrepository">Main.java</a>&#160;<span class="change">(+10)</span>
      </li>
      <li>
        <strong>src/net/sf/statcvs/util</strong>:
        <a href="http://svn.sourceforge.net/viewvc/statsvn/trunk/statsvn/src/net/sf/statcvs/util/SvnStartupUtils.java?rev=45&amp;content-type=text/vnd.viewcvs-markup" class="webrepository">SvnStartupUtils.java</a>&#160;<span class="new">(new&#160;26)</span>,
        <a href="http://svn.sourceforge.net/viewvc/statsvn/trunk/statsvn/src/net/sf/statcvs/util/SvnVersionMismatchException.java?rev=45&amp;content-type=text/vnd.viewcvs-markup" class="webrepository">SvnVersionMismatchException.java</a>&#160;<span class="new">(new&#160;13)</span>
      </li>
    </ul>
  </dd>

  <dt>
    <a href="user_jpdaigle.html" class="author">jpdaigle</a>
    <span class="date">2006-02-28 01:33</span>
  </dt>
  <dd>
    <p class="comment">
removed path to svn command - it should always be in your $PATH<br/>

    </p>
    <p class="commitdetails"><strong>2</strong> lines of code changed in:</p>
    <ul class="commitdetails">
      <li>
        <strong>src/net/sf/statcvs/util</strong>:
        <a href="http://svn.sourceforge.net/viewvc/statsvn/trunk/statsvn/src/net/sf/statcvs/util/SvnDiffUtils.java?rev=32&amp;content-type=text/vnd.viewcvs-markup" class="webrepository">SvnDiffUtils.java</a>&#160;<span class="change">(+2&#160;-2)</span>
      </li>
    </ul>
  </dd>

  <dt>
    <a href="user_jpdaigle.html" class="author">jpdaigle</a>
    <span class="date">2006-01-19 07:13</span>
  </dt>
  <dd>
    <p class="comment">
Initial statcvs project import
    </p>
    <p class="commitdetails"><strong>3723</strong> lines of code changed in:</p>
    <ul class="commitdetails">
      <li>
        <a href="http://svn.sourceforge.net/viewvc/statsvn/trunk/statsvn/build.xml?rev=5&amp;content-type=text/vnd.viewcvs-markup" class="webrepository">build.xml</a>&#160;<span class="new">(new&#160;194)</span>,
        <a href="http://svn.sourceforge.net/viewvc/statsvn/trunk/statsvn/maven.xml?rev=5&amp;content-type=text/vnd.viewcvs-markup" class="webrepository">maven.xml</a>&#160;<span class="new">(new&#160;47)</span>,
        <a href="http://svn.sourceforge.net/viewvc/statsvn/trunk/statsvn/project.properties?rev=5&amp;content-type=text/vnd.viewcvs-markup" class="webrepository">project.properties</a>&#160;<span class="new">(new&#160;26)</span>,
        <a href="http://svn.sourceforge.net/viewvc/statsvn/trunk/statsvn/project.xml?rev=5&amp;content-type=text/vnd.viewcvs-markup" class="webrepository">project.xml</a>&#160;<span class="new">(new&#160;168)</span>
      </li>
      <li>
        <strong>etc</strong>:
        <a href="http://svn.sourceforge.net/viewvc/statsvn/trunk/statsvn/etc/LICENSE?rev=5&amp;content-type=text/vnd.viewcvs-markup" class="webrepository">LICENSE</a>&#160;<span class="new">(new&#160;504)</span>,
        <a href="http://svn.sourceforge.net/viewvc/statsvn/trunk/statsvn/etc/README?rev=5&amp;content-type=text/vnd.viewcvs-markup" class="webrepository">README</a>&#160;<span class="new">(new&#160;28)</span>,
        <a href="http://svn.sourceforge.net/viewvc/statsvn/trunk/statsvn/etc/report-notes.txt?rev=5&amp;content-type=text/vnd.viewcvs-markup" class="webrepository">report-notes.txt</a>&#160;<span class="new">(new&#160;10)</span>
      </li>
      <li>
        <strong>lib</strong>:
        <a href="http://svn.sourceforge.net/viewvc/statsvn/trunk/statsvn/lib/ant.jar?rev=5&amp;content-type=text/vnd.viewcvs-markup" class="webrepository">ant.jar</a>&#160;<span class="new">(new)</span>,
        <a href="http://svn.sourceforge.net/viewvc/statsvn/trunk/statsvn/lib/jcommon-0.9.6.jar?rev=5&amp;content-type=text/vnd.viewcvs-markup" class="webrepository">jcommon-0.9.6.jar</a>&#160;<span class="new">(new)</span>,
        <a href="http://svn.sourceforge.net/viewvc/statsvn/trunk/statsvn/lib/jfreechart-0.9.21.jar?rev=5&amp;content-type=text/vnd.viewcvs-markup" class="webrepository">jfreechart-0.9.21.jar</a>&#160;<span class="new">(new)</span>,
        <a href="http://svn.sourceforge.net/viewvc/statsvn/trunk/statsvn/lib/junit.jar?rev=5&amp;content-type=text/vnd.viewcvs-markup" class="webrepository">junit.jar</a>&#160;<span class="new">(new)</span>
      </li>
      <li>
        <strong>src/net/sf/statcvs</strong>:
        <a href="http://svn.sourceforge.net/viewvc/statsvn/trunk/statsvn/src/net/sf/statcvs/Main.java?rev=5&amp;content-type=text/vnd.viewcvs-markup" class="webrepository">Main.java</a>&#160;<span class="new">(new&#160;61)</span>,
        <a href="http://svn.sourceforge.net/viewvc/statsvn/trunk/statsvn/src/net/sf/statcvs/Messages.java?rev=5&amp;content-type=text/vnd.viewcvs-markup" class="webrepository">Messages.java</a>&#160;<span class="new">(new&#160;3)</span>,
        <a href="http://svn.sourceforge.net/viewvc/statsvn/trunk/statsvn/src/net/sf/statcvs/logging-debug.properties?rev=5&amp;content-type=text/vnd.viewcvs-markup" class="webrepository">logging-debug.properties</a>&#160;<span class="new">(new)</span>,
        <a href="http://svn.sourceforge.net/viewvc/statsvn/trunk/statsvn/src/net/sf/statcvs/logging-verbose.properties?rev=5&amp;content-type=text/vnd.viewcvs-markup" class="webrepository">logging-verbose.properties</a>&#160;<span class="new">(new)</span>,
        <a href="http://svn.sourceforge.net/viewvc/statsvn/trunk/statsvn/src/net/sf/statcvs/logging.properties?rev=5&amp;content-type=text/vnd.viewcvs-markup" class="webrepository">logging.properties</a>&#160;<span class="new">(new&#160;2)</span>,
        <a href="http://svn.sourceforge.net/viewvc/statsvn/trunk/statsvn/src/net/sf/statcvs/package.html?rev=5&amp;content-type=text/vnd.viewcvs-markup" class="webrepository">package.html</a>&#160;<span class="new">(new)</span>,
        <a href="http://svn.sourceforge.net/viewvc/statsvn/trunk/statsvn/src/net/sf/statcvs/statcvs.properties?rev=5&amp;content-type=text/vnd.viewcvs-markup" class="webrepository">statcvs.properties</a>&#160;<span class="new">(new&#160;4)</span>
      </li>
      <li>
        <strong>src/net/sf/statcvs/ant</strong>:
        <a href="http://svn.sourceforge.net/viewvc/statsvn/trunk/statsvn/src/net/sf/statcvs/ant/StatCvsTask.java?rev=5&amp;content-type=text/vnd.viewcvs-markup" class="webrepository">StatCvsTask.java</a>&#160;<span class="new">(new&#160;54)</span>,
        <a href="http://svn.sourceforge.net/viewvc/statsvn/trunk/statsvn/src/net/sf/statcvs/ant/package.html?rev=5&amp;content-type=text/vnd.viewcvs-markup" class="webrepository">package.html</a>&#160;<span class="new">(new)</span>
      </li>
      <li>
        <strong>src/net/sf/statcvs/input</strong>:
        <a href="http://svn.sourceforge.net/viewvc/statsvn/trunk/statsvn/src/net/sf/statcvs/input/Builder.java?rev=5&amp;content-type=text/vnd.viewcvs-markup" class="webrepository">Builder.java</a>&#160;<span class="new">(new&#160;239)</span>,
        <a href="http://svn.sourceforge.net/viewvc/statsvn/trunk/statsvn/src/net/sf/statcvs/input/CommitListBuilder.java?rev=5&amp;content-type=text/vnd.viewcvs-markup" class="webrepository">CommitListBuilder.java</a>&#160;<span class="new">(new&#160;106)</span>,
        <a href="http://svn.sourceforge.net/viewvc/statsvn/trunk/statsvn/src/net/sf/statcvs/input/CvsFileBlockParser.java?rev=5&amp;content-type=text/vnd.viewcvs-markup" class="webrepository">CvsFileBlockParser.java</a>&#160;<span class="new">(new)</span>,
        <a href="http://svn.sourceforge.net/viewvc/statsvn/trunk/statsvn/src/net/sf/statcvs/input/CvsLogBuilder.java?rev=5&amp;content-type=text/vnd.viewcvs-markup" class="webrepository">CvsLogBuilder.java</a>&#160;<span class="new">(new)</span>,
        <a href="http://svn.sourceforge.net/viewvc/statsvn/trunk/statsvn/src/net/sf/statcvs/input/CvsLogfileParser.java?rev=5&amp;content-type=text/vnd.viewcvs-markup" class="webrepository">CvsLogfileParser.java</a>&#160;<span class="new">(new)</span>,
        <a href="http://svn.sourceforge.net/viewvc/statsvn/trunk/statsvn/src/net/sf/statcvs/input/CvsRevisionParser.java?rev=5&amp;content-type=text/vnd.viewcvs-markup" class="webrepository">CvsRevisionParser.java</a>&#160;<span class="new">(new)</span>,
        <a href="http://svn.sourceforge.net/viewvc/statsvn/trunk/statsvn/src/net/sf/statcvs/input/EmptyRepositoryException.java?rev=5&amp;content-type=text/vnd.viewcvs-markup" class="webrepository">EmptyRepositoryException.java</a>&#160;<span class="new">(new&#160;23)</span>,
        <a href="http://svn.sourceforge.net/viewvc/statsvn/trunk/statsvn/src/net/sf/statcvs/input/FileBuilder.java?rev=5&amp;content-type=text/vnd.viewcvs-markup" class="webrepository">FileBuilder.java</a>&#160;<span class="new">(new&#160;289)</span>,
        <a href="http://svn.sourceforge.net/viewvc/statsvn/trunk/statsvn/src/net/sf/statcvs/input/LogSyntaxException.java?rev=5&amp;content-type=text/vnd.viewcvs-markup" class="webrepository">LogSyntaxException.java</a>&#160;<span class="new">(new&#160;19)</span>,
        <a href="http://svn.sourceforge.net/viewvc/statsvn/trunk/statsvn/src/net/sf/statcvs/input/NoLineCountException.java?rev=5&amp;content-type=text/vnd.viewcvs-markup" class="webrepository">NoLineCountException.java</a>&#160;<span class="new">(new&#160;21)</span>,
        <a href="http://svn.sourceforge.net/viewvc/statsvn/trunk/statsvn/src/net/sf/statcvs/input/RepositoryFileManager.java?rev=5&amp;content-type=text/vnd.viewcvs-markup" class="webrepository">RepositoryFileManager.java</a>&#160;<span class="new">(new&#160;102)</span>,
        <a href="http://svn.sourceforge.net/viewvc/statsvn/trunk/statsvn/src/net/sf/statcvs/input/RevisionData.java?rev=5&amp;content-type=text/vnd.viewcvs-markup" class="webrepository">RevisionData.java</a>&#160;<span class="new">(new&#160;158)</span>,
        <a href="http://svn.sourceforge.net/viewvc/statsvn/trunk/statsvn/src/net/sf/statcvs/input/package.html?rev=5&amp;content-type=text/vnd.viewcvs-markup" class="webrepository">package.html</a>&#160;<span class="new">(new&#160;16)</span>
      </li>
      <li>
        <strong>src/net/sf/statcvs/model</strong>:
        <a href="http://svn.sourceforge.net/viewvc/statsvn/trunk/statsvn/src/net/sf/statcvs/model/Author.java?rev=5&amp;content-type=text/vnd.viewcvs-markup" class="webrepository">Author.java</a>&#160;<span class="new">(new&#160;4)</span>,
        <a href="http://svn.sourceforge.net/viewvc/statsvn/trunk/statsvn/src/net/sf/statcvs/model/Commit.java?rev=5&amp;content-type=text/vnd.viewcvs-markup" class="webrepository">Commit.java</a>&#160;<span class="new">(new&#160;9)</span>,
        <a href="http://svn.sourceforge.net/viewvc/statsvn/trunk/statsvn/src/net/sf/statcvs/model/CvsContent.java?rev=5&amp;content-type=text/vnd.viewcvs-markup" class="webrepository">CvsContent.java</a>&#160;<span class="new">(new)</span>,
        <a href="http://svn.sourceforge.net/viewvc/statsvn/trunk/statsvn/src/net/sf/statcvs/model/CvsFile.java?rev=5&amp;content-type=text/vnd.viewcvs-markup" class="webrepository">CvsFile.java</a>&#160;<span class="new">(new)</span>,
        <a href="http://svn.sourceforge.net/viewvc/statsvn/trunk/statsvn/src/net/sf/statcvs/model/CvsRevision.java?rev=5&amp;content-type=text/vnd.viewcvs-markup" class="webrepository">CvsRevision.java</a>&#160;<span class="new">(new)</span>,
        <a href="http://svn.sourceforge.net/viewvc/statsvn/trunk/statsvn/src/net/sf/statcvs/model/Directory.java?rev=5&amp;content-type=text/vnd.viewcvs-markup" class="webrepository">Directory.java</a>&#160;<span class="new">(new&#160;18)</span>,
        <a href="http://svn.sourceforge.net/viewvc/statsvn/trunk/statsvn/src/net/sf/statcvs/model/DirectoryImpl.java?rev=5&amp;content-type=text/vnd.viewcvs-markup" class="webrepository">DirectoryImpl.java</a>&#160;<span class="new">(new&#160;1)</span>,
        <a href="http://svn.sourceforge.net/viewvc/statsvn/trunk/statsvn/src/net/sf/statcvs/model/DirectoryRoot.java?rev=5&amp;content-type=text/vnd.viewcvs-markup" class="webrepository">DirectoryRoot.java</a>&#160;<span class="new">(new)</span>,
        <a href="http://svn.sourceforge.net/viewvc/statsvn/trunk/statsvn/src/net/sf/statcvs/model/SymbolicName.java?rev=5&amp;content-type=text/vnd.viewcvs-markup" class="webrepository">SymbolicName.java</a>&#160;<span class="new">(new&#160;15)</span>,
        <a href="http://svn.sourceforge.net/viewvc/statsvn/trunk/statsvn/src/net/sf/statcvs/model/package.html?rev=5&amp;content-type=text/vnd.viewcvs-markup" class="webrepository">package.html</a>&#160;<span class="new">(new&#160;1)</span>
      </li>
      <li>
        <strong>src/net/sf/statcvs/output</strong>:
        <a href="http://svn.sourceforge.net/viewvc/statsvn/trunk/statsvn/src/net/sf/statcvs/output/AuthorPage.java?rev=5&amp;content-type=text/vnd.viewcvs-markup" class="webrepository">AuthorPage.java</a>&#160;<span class="new">(new&#160;19)</span>,
        <a href="http://svn.sourceforge.net/viewvc/statsvn/trunk/statsvn/src/net/sf/statcvs/output/CPAPage.java?rev=5&amp;content-type=text/vnd.viewcvs-markup" class="webrepository">CPAPage.java</a>&#160;<span class="new">(new&#160;8)</span>,
        <a href="http://svn.sourceforge.net/viewvc/statsvn/trunk/statsvn/src/net/sf/statcvs/output/ChoraIntegration.java?rev=5&amp;content-type=text/vnd.viewcvs-markup" class="webrepository">ChoraIntegration.java</a>&#160;<span class="new">(new&#160;35)</span>,
        <a href="http://svn.sourceforge.net/viewvc/statsvn/trunk/statsvn/src/net/sf/statcvs/output/CommandLineParser.java?rev=5&amp;content-type=text/vnd.viewcvs-markup" class="webrepository">CommandLineParser.java</a>&#160;<span class="new">(new&#160;8)</span>,
        <a href="http://svn.sourceforge.net/viewvc/statsvn/trunk/statsvn/src/net/sf/statcvs/output/CommitLogPage.java?rev=5&amp;content-type=text/vnd.viewcvs-markup" class="webrepository">CommitLogPage.java</a>&#160;<span class="new">(new&#160;4)</span>,
        <a href="http://svn.sourceforge.net/viewvc/statsvn/trunk/statsvn/src/net/sf/statcvs/output/ConfigurationException.java?rev=5&amp;content-type=text/vnd.viewcvs-markup" class="webrepository">ConfigurationException.java</a>&#160;<span class="new">(new)</span>,
        <a href="http://svn.sourceforge.net/viewvc/statsvn/trunk/statsvn/src/net/sf/statcvs/output/ConfigurationOptions.java?rev=5&amp;content-type=text/vnd.viewcvs-markup" class="webrepository">ConfigurationOptions.java</a>&#160;<span class="new">(new&#160;292)</span>,
        <a href="http://svn.sourceforge.net/viewvc/statsvn/trunk/statsvn/src/net/sf/statcvs/output/CssHandler.java?rev=5&amp;content-type=text/vnd.viewcvs-markup" class="webrepository">CssHandler.java</a>&#160;<span class="new">(new)</span>,
        <a href="http://svn.sourceforge.net/viewvc/statsvn/trunk/statsvn/src/net/sf/statcvs/output/CvswebIntegration.java?rev=5&amp;content-type=text/vnd.viewcvs-markup" class="webrepository">CvswebIntegration.java</a>&#160;<span class="new">(new&#160;10)</span>,
        <a href="http://svn.sourceforge.net/viewvc/statsvn/trunk/statsvn/src/net/sf/statcvs/output/DefaultCssHandler.java?rev=5&amp;content-type=text/vnd.viewcvs-markup" class="webrepository">DefaultCssHandler.java</a>&#160;<span class="new">(new&#160;2)</span>,
        <a href="http://svn.sourceforge.net/viewvc/statsvn/trunk/statsvn/src/net/sf/statcvs/output/DirectorySizesPage.java?rev=5&amp;content-type=text/vnd.viewcvs-markup" class="webrepository">DirectorySizesPage.java</a>&#160;<span class="new">(new&#160;4)</span>,
        <a href="http://svn.sourceforge.net/viewvc/statsvn/trunk/statsvn/src/net/sf/statcvs/output/FileSizesPage.java?rev=5&amp;content-type=text/vnd.viewcvs-markup" class="webrepository">FileSizesPage.java</a>&#160;<span class="new">(new&#160;10)</span>,
        <a href="http://svn.sourceforge.net/viewvc/statsvn/trunk/statsvn/src/net/sf/statcvs/output/HTMLOutput.java?rev=5&amp;content-type=text/vnd.viewcvs-markup" class="webrepository">HTMLOutput.java</a>&#160;<span class="new">(new&#160;114)</span>,
        <a href="http://svn.sourceforge.net/viewvc/statsvn/trunk/statsvn/src/net/sf/statcvs/output/HTMLPage.java?rev=5&amp;content-type=text/vnd.viewcvs-markup" class="webrepository">HTMLPage.java</a>&#160;<span class="new">(new&#160;28)</span>,
        <a href="http://svn.sourceforge.net/viewvc/statsvn/trunk/statsvn/src/net/sf/statcvs/output/HTMLTagger.java?rev=5&amp;content-type=text/vnd.viewcvs-markup" class="webrepository">HTMLTagger.java</a>&#160;<span class="new">(new&#160;9)</span>,
        <a href="http://svn.sourceforge.net/viewvc/statsvn/trunk/statsvn/src/net/sf/statcvs/output/IndexPage.java?rev=5&amp;content-type=text/vnd.viewcvs-markup" class="webrepository">IndexPage.java</a>&#160;<span class="new">(new&#160;15)</span>,
        <a href="http://svn.sourceforge.net/viewvc/statsvn/trunk/statsvn/src/net/sf/statcvs/output/LOCPage.java?rev=5&amp;content-type=text/vnd.viewcvs-markup" class="webrepository">LOCPage.java</a>&#160;<span class="new">(new&#160;7)</span>,
        <a href="http://svn.sourceforge.net/viewvc/statsvn/trunk/statsvn/src/net/sf/statcvs/output/LOCSeriesBuilder.java?rev=5&amp;content-type=text/vnd.viewcvs-markup" class="webrepository">LOCSeriesBuilder.java</a>&#160;<span class="new">(new&#160;3)</span>,
        <a href="http://svn.sourceforge.net/viewvc/statsvn/trunk/statsvn/src/net/sf/statcvs/output/LocalFileCssHandler.java?rev=5&amp;content-type=text/vnd.viewcvs-markup" class="webrepository">LocalFileCssHandler.java</a>&#160;<span class="new">(new&#160;6)</span>,
        <a href="http://svn.sourceforge.net/viewvc/statsvn/trunk/statsvn/src/net/sf/statcvs/output/ModulePage.java?rev=5&amp;content-type=text/vnd.viewcvs-markup" class="webrepository">ModulePage.java</a>&#160;<span class="new">(new&#160;29)</span>,
        <a href="http://svn.sourceforge.net/viewvc/statsvn/trunk/statsvn/src/net/sf/statcvs/output/NoFilesPage.java?rev=5&amp;content-type=text/vnd.viewcvs-markup" class="webrepository">NoFilesPage.java</a>&#160;<span class="new">(new&#160;3)</span>,
        <a href="http://svn.sourceforge.net/viewvc/statsvn/trunk/statsvn/src/net/sf/statcvs/output/UrlCssHandler.java?rev=5&amp;content-type=text/vnd.viewcvs-markup" class="webrepository">UrlCssHandler.java</a>&#160;<span class="new">(new&#160;1)</span>,
        <a href="http://svn.sourceforge.net/viewvc/statsvn/trunk/statsvn/src/net/sf/statcvs/output/ViewCvsIntegration.java?rev=5&amp;content-type=text/vnd.viewcvs-markup" class="webrepository">ViewCvsIntegration.java</a>&#160;<span class="new">(new&#160;10)</span>,
        <a href="http://svn.sourceforge.net/viewvc/statsvn/trunk/statsvn/src/net/sf/statcvs/output/WebRepositoryIntegration.java?rev=5&amp;content-type=text/vnd.viewcvs-markup" class="webrepository">WebRepositoryIntegration.java</a>&#160;<span class="new">(new&#160;7)</span>
      </li>
      <li>
        <strong>src/net/sf/statcvs/renderer</strong>:
        <a href="http://svn.sourceforge.net/viewvc/statsvn/trunk/statsvn/src/net/sf/statcvs/renderer/BarChart.java?rev=5&amp;content-type=text/vnd.viewcvs-markup" class="webrepository">BarChart.java</a>&#160;<span class="new">(new&#160;8)</span>,
        <a href="http://svn.sourceforge.net/viewvc/statsvn/trunk/statsvn/src/net/sf/statcvs/renderer/Chart.java?rev=5&amp;content-type=text/vnd.viewcvs-markup" class="webrepository">Chart.java</a>&#160;<span class="new">(new&#160;8)</span>,
        <a href="http://svn.sourceforge.net/viewvc/statsvn/trunk/statsvn/src/net/sf/statcvs/renderer/CombinedCommitScatterChart.java?rev=5&amp;content-type=text/vnd.viewcvs-markup" class="webrepository">CombinedCommitScatterChart.java</a>&#160;<span class="new">(new&#160;28)</span>,
        <a href="http://svn.sourceforge.net/viewvc/statsvn/trunk/statsvn/src/net/sf/statcvs/renderer/CommitLogRenderer.java?rev=5&amp;content-type=text/vnd.viewcvs-markup" class="webrepository">CommitLogRenderer.java</a>&#160;<span class="new">(new&#160;64)</span>,
        <a href="http://svn.sourceforge.net/viewvc/statsvn/trunk/statsvn/src/net/sf/statcvs/renderer/FileCollectionFormatter.java?rev=5&amp;content-type=text/vnd.viewcvs-markup" class="webrepository">FileCollectionFormatter.java</a>&#160;<span class="new">(new&#160;28)</span>,
        <a href="http://svn.sourceforge.net/viewvc/statsvn/trunk/statsvn/src/net/sf/statcvs/renderer/HTMLTableCellRenderer.java?rev=5&amp;content-type=text/vnd.viewcvs-markup" class="webrepository">HTMLTableCellRenderer.java</a>&#160;<span class="new">(new&#160;2)</span>,
        <a href="http://svn.sourceforge.net/viewvc/statsvn/trunk/statsvn/src/net/sf/statcvs/renderer/LOCChart.java?rev=5&amp;content-type=text/vnd.viewcvs-markup" class="webrepository">LOCChart.java</a>&#160;<span class="new">(new&#160;18)</span>,
        <a href="http://svn.sourceforge.net/viewvc/statsvn/trunk/statsvn/src/net/sf/statcvs/renderer/PieChart.java?rev=5&amp;content-type=text/vnd.viewcvs-markup" class="webrepository">PieChart.java</a>&#160;<span class="new">(new&#160;14)</span>,
        <a href="http://svn.sourceforge.net/viewvc/statsvn/trunk/statsvn/src/net/sf/statcvs/renderer/PointXYRenderer.java?rev=5&amp;content-type=text/vnd.viewcvs-markup" class="webrepository">PointXYRenderer.java</a>&#160;<span class="new">(new)</span>,
        <a href="http://svn.sourceforge.net/viewvc/statsvn/trunk/statsvn/src/net/sf/statcvs/renderer/StackedBarChart.java?rev=5&amp;content-type=text/vnd.viewcvs-markup" class="webrepository">StackedBarChart.java</a>&#160;<span class="new">(new&#160;17)</span>,
        <a href="http://svn.sourceforge.net/viewvc/statsvn/trunk/statsvn/src/net/sf/statcvs/renderer/SymbolicNameAnnotation.java?rev=5&amp;content-type=text/vnd.viewcvs-markup" class="webrepository">SymbolicNameAnnotation.java</a>&#160;<span class="new">(new&#160;11)</span>,
        <a href="http://svn.sourceforge.net/viewvc/statsvn/trunk/statsvn/src/net/sf/statcvs/renderer/TableCellRenderer.java?rev=5&amp;content-type=text/vnd.viewcvs-markup" class="webrepository">TableCellRenderer.java</a>&#160;<span class="new">(new&#160;2)</span>,
        <a href="http://svn.sourceforge.net/viewvc/statsvn/trunk/statsvn/src/net/sf/statcvs/renderer/TableRenderer.java?rev=5&amp;content-type=text/vnd.viewcvs-markup" class="webrepository">TableRenderer.java</a>&#160;<span class="new">(new&#160;31)</span>,
        <a href="http://svn.sourceforge.net/viewvc/statsvn/trunk/statsvn/src/net/sf/statcvs/renderer/TimeLineChart.java?rev=5&amp;content-type=text/vnd.viewcvs-markup" class="webrepository">TimeLineChart.java</a>&#160;<span class="new">(new&#160;13)</span>
      </li>
      <li>
        <strong>src/net/sf/statcvs/reportmodel</strong>:
        <a href="http://svn.sourceforge.net/viewvc/statsvn/trunk/statsvn/src/net/sf/statcvs/reportmodel/AuthorColumn.java?rev=5&amp;content-type=text/vnd.viewcvs-markup" class="webrepository">AuthorColumn.java</a>&#160;<span class="new">(new&#160;1)</span>,
        <a href="http://svn.sourceforge.net/viewvc/statsvn/trunk/statsvn/src/net/sf/statcvs/reportmodel/Column.java?rev=5&amp;content-type=text/vnd.viewcvs-markup" class="webrepository">Column.java</a>&#160;<span class="new">(new)</span>,
        <a href="http://svn.sourceforge.net/viewvc/statsvn/trunk/statsvn/src/net/sf/statcvs/reportmodel/DirectoryColumn.java?rev=5&amp;content-type=text/vnd.viewcvs-markup" class="webrepository">DirectoryColumn.java</a>&#160;<span class="new">(new&#160;1)</span>,
        <a href="http://svn.sourceforge.net/viewvc/statsvn/trunk/statsvn/src/net/sf/statcvs/reportmodel/FileColumn.java?rev=5&amp;content-type=text/vnd.viewcvs-markup" class="webrepository">FileColumn.java</a>&#160;<span class="new">(new&#160;2)</span>,
        <a href="http://svn.sourceforge.net/viewvc/statsvn/trunk/statsvn/src/net/sf/statcvs/reportmodel/GenericColumn.java?rev=5&amp;content-type=text/vnd.viewcvs-markup" class="webrepository">GenericColumn.java</a>&#160;<span class="new">(new&#160;6)</span>,
        <a href="http://svn.sourceforge.net/viewvc/statsvn/trunk/statsvn/src/net/sf/statcvs/reportmodel/HelperTimePoint.java?rev=5&amp;content-type=text/vnd.viewcvs-markup" class="webrepository">HelperTimePoint.java</a>&#160;<span class="new">(new&#160;5)</span>,
        <a href="http://svn.sourceforge.net/viewvc/statsvn/trunk/statsvn/src/net/sf/statcvs/reportmodel/IntegerColumn.java?rev=5&amp;content-type=text/vnd.viewcvs-markup" class="webrepository">IntegerColumn.java</a>&#160;<span class="new">(new&#160;10)</span>,
        <a href="http://svn.sourceforge.net/viewvc/statsvn/trunk/statsvn/src/net/sf/statcvs/reportmodel/RatioColumn.java?rev=5&amp;content-type=text/vnd.viewcvs-markup" class="webrepository">RatioColumn.java</a>&#160;<span class="new">(new&#160;6)</span>,
        <a href="http://svn.sourceforge.net/viewvc/statsvn/trunk/statsvn/src/net/sf/statcvs/reportmodel/SimpleTextColumn.java?rev=5&amp;content-type=text/vnd.viewcvs-markup" class="webrepository">SimpleTextColumn.java</a>&#160;<span class="new">(new&#160;1)</span>,
        <a href="http://svn.sourceforge.net/viewvc/statsvn/trunk/statsvn/src/net/sf/statcvs/reportmodel/Table.java?rev=5&amp;content-type=text/vnd.viewcvs-markup" class="webrepository">Table.java</a>&#160;<span class="new">(new&#160;6)</span>,
        <a href="http://svn.sourceforge.net/viewvc/statsvn/trunk/statsvn/src/net/sf/statcvs/reportmodel/TimeLine.java?rev=5&amp;content-type=text/vnd.viewcvs-markup" class="webrepository">TimeLine.java</a>&#160;<span class="new">(new&#160;9)</span>,
        <a href="http://svn.sourceforge.net/viewvc/statsvn/trunk/statsvn/src/net/sf/statcvs/reportmodel/TimePoint.java?rev=5&amp;content-type=text/vnd.viewcvs-markup" class="webrepository">TimePoint.java</a>&#160;<span class="new">(new&#160;1)</span>
      </li>
      <li>
        <strong>src/net/sf/statcvs/reports</strong>:
        <a href="http://svn.sourceforge.net/viewvc/statsvn/trunk/statsvn/src/net/sf/statcvs/reports/AbstractLocTableReport.java?rev=5&amp;content-type=text/vnd.viewcvs-markup" class="webrepository">AbstractLocTableReport.java</a>&#160;<span class="new">(new&#160;15)</span>,
        <a href="http://svn.sourceforge.net/viewvc/statsvn/trunk/statsvn/src/net/sf/statcvs/reports/AuthorsForDirectoryTableReport.java?rev=5&amp;content-type=text/vnd.viewcvs-markup" class="webrepository">AuthorsForDirectoryTableReport.java</a>&#160;<span class="new">(new&#160;2)</span>,
        <a href="http://svn.sourceforge.net/viewvc/statsvn/trunk/statsvn/src/net/sf/statcvs/reports/AuthorsTableReport.java?rev=5&amp;content-type=text/vnd.viewcvs-markup" class="webrepository">AuthorsTableReport.java</a>&#160;<span class="new">(new&#160;2)</span>,
        <a href="http://svn.sourceforge.net/viewvc/statsvn/trunk/statsvn/src/net/sf/statcvs/reports/AvgFileSizeTimeLineReport.java?rev=5&amp;content-type=text/vnd.viewcvs-markup" class="webrepository">AvgFileSizeTimeLineReport.java</a>&#160;<span class="new">(new&#160;6)</span>,
        <a href="http://svn.sourceforge.net/viewvc/statsvn/trunk/statsvn/src/net/sf/statcvs/reports/DirectoriesForAuthorTableReport.java?rev=5&amp;content-type=text/vnd.viewcvs-markup" class="webrepository">DirectoriesForAuthorTableReport.java</a>&#160;<span class="new">(new&#160;2)</span>,
        <a href="http://svn.sourceforge.net/viewvc/statsvn/trunk/statsvn/src/net/sf/statcvs/reports/DirectoriesTableReport.java?rev=5&amp;content-type=text/vnd.viewcvs-markup" class="webrepository">DirectoriesTableReport.java</a>&#160;<span class="new">(new&#160;2)</span>,
        <a href="http://svn.sourceforge.net/viewvc/statsvn/trunk/statsvn/src/net/sf/statcvs/reports/FileCountTimeLineReport.java?rev=5&amp;content-type=text/vnd.viewcvs-markup" class="webrepository">FileCountTimeLineReport.java</a>&#160;<span class="new">(new&#160;6)</span>,
        <a href="http://svn.sourceforge.net/viewvc/statsvn/trunk/statsvn/src/net/sf/statcvs/reports/FilesLocComparator.java?rev=5&amp;content-type=text/vnd.viewcvs-markup" class="webrepository">FilesLocComparator.java</a>&#160;<span class="new">(new&#160;3)</span>,
        <a href="http://svn.sourceforge.net/viewvc/statsvn/trunk/statsvn/src/net/sf/statcvs/reports/FilesRevisionCountComparator.java?rev=5&amp;content-type=text/vnd.viewcvs-markup" class="webrepository">FilesRevisionCountComparator.java</a>&#160;<span class="new">(new&#160;6)</span>,
        <a href="http://svn.sourceforge.net/viewvc/statsvn/trunk/statsvn/src/net/sf/statcvs/reports/FilesWithMostRevisionsTableReport.java?rev=5&amp;content-type=text/vnd.viewcvs-markup" class="webrepository">FilesWithMostRevisionsTableReport.java</a>&#160;<span class="new">(new&#160;4)</span>,
        <a href="http://svn.sourceforge.net/viewvc/statsvn/trunk/statsvn/src/net/sf/statcvs/reports/LargestFilesTableReport.java?rev=5&amp;content-type=text/vnd.viewcvs-markup" class="webrepository">LargestFilesTableReport.java</a>&#160;<span class="new">(new&#160;4)</span>,
        <a href="http://svn.sourceforge.net/viewvc/statsvn/trunk/statsvn/src/net/sf/statcvs/reports/TableReport.java?rev=5&amp;content-type=text/vnd.viewcvs-markup" class="webrepository">TableReport.java</a>&#160;<span class="new">(new)</span>,
        <a href="http://svn.sourceforge.net/viewvc/statsvn/trunk/statsvn/src/net/sf/statcvs/reports/TopAuthorsTableReport.java?rev=5&amp;content-type=text/vnd.viewcvs-markup" class="webrepository">TopAuthorsTableReport.java</a>&#160;<span class="new">(new&#160;4)</span>
      </li>
      <li>
        <strong>src/net/sf/statcvs/util</strong>:
        <a href="http://svn.sourceforge.net/viewvc/statsvn/trunk/statsvn/src/net/sf/statcvs/util/ConsoleOutErrHandler.java?rev=5&amp;content-type=text/vnd.viewcvs-markup" class="webrepository">ConsoleOutErrHandler.java</a>&#160;<span class="new">(new&#160;3)</span>,
        <a href="http://svn.sourceforge.net/viewvc/statsvn/trunk/statsvn/src/net/sf/statcvs/util/ConsoleOutHandler.java?rev=5&amp;content-type=text/vnd.viewcvs-markup" class="webrepository">ConsoleOutHandler.java</a>&#160;<span class="new">(new&#160;1)</span>,
        <a href="http://svn.sourceforge.net/viewvc/statsvn/trunk/statsvn/src/net/sf/statcvs/util/CvsLogUtils.java?rev=5&amp;content-type=text/vnd.viewcvs-markup" class="webrepository">CvsLogUtils.java</a>&#160;<span class="new">(new)</span>,
        <a href="http://svn.sourceforge.net/viewvc/statsvn/trunk/statsvn/src/net/sf/statcvs/util/FilePatternMatcher.java?rev=5&amp;content-type=text/vnd.viewcvs-markup" class="webrepository">FilePatternMatcher.java</a>&#160;<span class="new">(new&#160;13)</span>,
        <a href="http://svn.sourceforge.net/viewvc/statsvn/trunk/statsvn/src/net/sf/statcvs/util/FileUtils.java?rev=5&amp;content-type=text/vnd.viewcvs-markup" class="webrepository">FileUtils.java</a>&#160;<span class="new">(new&#160;84)</span>,
        <a href="http://svn.sourceforge.net/viewvc/statsvn/trunk/statsvn/src/net/sf/statcvs/util/IntegerMap.java?rev=5&amp;content-type=text/vnd.viewcvs-markup" class="webrepository">IntegerMap.java</a>&#160;<span class="new">(new&#160;18)</span>,
        <a href="http://svn.sourceforge.net/viewvc/statsvn/trunk/statsvn/src/net/sf/statcvs/util/LogFormatter.java?rev=5&amp;content-type=text/vnd.viewcvs-markup" class="webrepository">LogFormatter.java</a>&#160;<span class="new">(new&#160;7)</span>,
        <a href="http://svn.sourceforge.net/viewvc/statsvn/trunk/statsvn/src/net/sf/statcvs/util/LookaheadReader.java?rev=5&amp;content-type=text/vnd.viewcvs-markup" class="webrepository">LookaheadReader.java</a>&#160;<span class="new">(new&#160;1)</span>,
        <a href="http://svn.sourceforge.net/viewvc/statsvn/trunk/statsvn/src/net/sf/statcvs/util/OutputUtils.java?rev=5&amp;content-type=text/vnd.viewcvs-markup" class="webrepository">OutputUtils.java</a>&#160;<span class="new">(new&#160;2)</span>,
        <a href="http://svn.sourceforge.net/viewvc/statsvn/trunk/statsvn/src/net/sf/statcvs/util/package.html?rev=5&amp;content-type=text/vnd.viewcvs-markup" class="webrepository">package.html</a>&#160;<span class="new">(new)</span>
      </li>
      <li>
        <strong>src/net/sf/statcvs/web-files</strong>:
        <a href="http://svn.sourceforge.net/viewvc/statsvn/trunk/statsvn/src/net/sf/statcvs/web-files/file-deleted.png?rev=5&amp;content-type=text/vnd.viewcvs-markup" class="webrepository">file-deleted.png</a>&#160;<span class="new">(new)</span>,
        <a href="http://svn.sourceforge.net/viewvc/statsvn/trunk/statsvn/src/net/sf/statcvs/web-files/file.png?rev=5&amp;content-type=text/vnd.viewcvs-markup" class="webrepository">file.png</a>&#160;<span class="new">(new)</span>,
        <a href="http://svn.sourceforge.net/viewvc/statsvn/trunk/statsvn/src/net/sf/statcvs/web-files/folder-deleted.png?rev=5&amp;content-type=text/vnd.viewcvs-markup" class="webrepository">folder-deleted.png</a>&#160;<span class="new">(new)</span>,
        <a href="http://svn.sourceforge.net/viewvc/statsvn/trunk/statsvn/src/net/sf/statcvs/web-files/folder.png?rev=5&amp;content-type=text/vnd.viewcvs-markup" class="webrepository">folder.png</a>&#160;<span class="new">(new)</span>,
        <a href="http://svn.sourceforge.net/viewvc/statsvn/trunk/statsvn/src/net/sf/statcvs/web-files/statcvs.css?rev=5&amp;content-type=text/vnd.viewcvs-markup" class="webrepository">statcvs.css</a>&#160;<span class="new">(new)</span>
      </li>
      <li>
        <strong>tests-src/net/sf/statcvs</strong>:
        <a href="http://svn.sourceforge.net/viewvc/statsvn/trunk/statsvn/tests-src/net/sf/statcvs/AllTests.java?rev=5&amp;content-type=text/vnd.viewcvs-markup" class="webrepository">AllTests.java</a>&#160;<span class="new">(new&#160;2)</span>
      </li>
      <li>
        <strong>tests-src/net/sf/statcvs/input</strong>:
        <a href="http://svn.sourceforge.net/viewvc/statsvn/trunk/statsvn/tests-src/net/sf/statcvs/input/AllTests.java?rev=5&amp;content-type=text/vnd.viewcvs-markup" class="webrepository">AllTests.java</a>&#160;<span class="new">(new)</span>,
        <a href="http://svn.sourceforge.net/viewvc/statsvn/trunk/statsvn/tests-src/net/sf/statcvs/input/BuilderTest.java?rev=5&amp;content-type=text/vnd.viewcvs-markup" class="webrepository">BuilderTest.java</a>&#160;<span class="new">(new&#160;38)</span>,
        <a href="http://svn.sourceforge.net/viewvc/statsvn/trunk/statsvn/tests-src/net/sf/statcvs/input/CommitListBuilderTest.java?rev=5&amp;content-type=text/vnd.viewcvs-markup" class="webrepository">CommitListBuilderTest.java</a>&#160;<span class="new">(new&#160;25)</span>,
        <a href="http://svn.sourceforge.net/viewvc/statsvn/trunk/statsvn/tests-src/net/sf/statcvs/input/DummyBuilder.java?rev=5&amp;content-type=text/vnd.viewcvs-markup" class="webrepository">DummyBuilder.java</a>&#160;<span class="new">(new&#160;10)</span>,
        <a href="http://svn.sourceforge.net/viewvc/statsvn/trunk/statsvn/tests-src/net/sf/statcvs/input/DummyRepositoryFileManager.java?rev=5&amp;content-type=text/vnd.viewcvs-markup" class="webrepository">DummyRepositoryFileManager.java</a>&#160;<span class="new">(new&#160;32)</span>,
        <a href="http://svn.sourceforge.net/viewvc/statsvn/trunk/statsvn/tests-src/net/sf/statcvs/input/FileBlockParserTest.java?rev=5&amp;content-type=text/vnd.viewcvs-markup" class="webrepository">FileBlockParserTest.java</a>&#160;<span class="new">(new&#160;12)</span>,
        <a href="http://svn.sourceforge.net/viewvc/statsvn/trunk/statsvn/tests-src/net/sf/statcvs/input/FileBuilderTest.java?rev=5&amp;content-type=text/vnd.viewcvs-markup" class="webrepository">FileBuilderTest.java</a>&#160;<span class="new">(new&#160;20)</span>,
        <a href="http://svn.sourceforge.net/viewvc/statsvn/trunk/statsvn/tests-src/net/sf/statcvs/input/LinesOfCodeTest.java?rev=5&amp;content-type=text/vnd.viewcvs-markup" class="webrepository">LinesOfCodeTest.java</a>&#160;<span class="new">(new&#160;27)</span>,
        <a href="http://svn.sourceforge.net/viewvc/statsvn/trunk/statsvn/tests-src/net/sf/statcvs/input/MockLogBuilder.java?rev=5&amp;content-type=text/vnd.viewcvs-markup" class="webrepository">MockLogBuilder.java</a>&#160;<span class="new">(new&#160;5)</span>,
        <a href="http://svn.sourceforge.net/viewvc/statsvn/trunk/statsvn/tests-src/net/sf/statcvs/input/ParserTest.java?rev=5&amp;content-type=text/vnd.viewcvs-markup" class="webrepository">ParserTest.java</a>&#160;<span class="new">(new&#160;11)</span>,
        <a href="http://svn.sourceforge.net/viewvc/statsvn/trunk/statsvn/tests-src/net/sf/statcvs/input/access-list.log2?rev=5&amp;content-type=text/vnd.viewcvs-markup" class="webrepository">access-list.log2</a>&#160;<span class="new">(new)</span>,
        <a href="http://svn.sourceforge.net/viewvc/statsvn/trunk/statsvn/tests-src/net/sf/statcvs/input/binary.log2?rev=5&amp;content-type=text/vnd.viewcvs-markup" class="webrepository">binary.log2</a>&#160;<span class="new">(new)</span>,
        <a href="http://svn.sourceforge.net/viewvc/statsvn/trunk/statsvn/tests-src/net/sf/statcvs/input/delimiter-in-comment.log?rev=5&amp;content-type=text/vnd.viewcvs-markup" class="webrepository">delimiter-in-comment.log</a>&#160;<span class="new">(new)</span>,
        <a href="http://svn.sourceforge.net/viewvc/statsvn/trunk/statsvn/tests-src/net/sf/statcvs/input/description.log2?rev=5&amp;content-type=text/vnd.viewcvs-markup" class="webrepository">description.log2</a>&#160;<span class="new">(new)</span>,
        <a href="http://svn.sourceforge.net/viewvc/statsvn/trunk/statsvn/tests-src/net/sf/statcvs/input/in-attic.log2?rev=5&amp;content-type=text/vnd.viewcvs-markup" class="webrepository">in-attic.log2</a>&#160;<span class="new">(new)</span>,
        <a href="http://svn.sourceforge.net/viewvc/statsvn/trunk/statsvn/tests-src/net/sf/statcvs/input/locks.log2?rev=5&amp;content-type=text/vnd.viewcvs-markup" class="webrepository">locks.log2</a>&#160;<span class="new">(new)</span>,
        <a href="http://svn.sourceforge.net/viewvc/statsvn/trunk/statsvn/tests-src/net/sf/statcvs/input/newdate.log2?rev=5&amp;content-type=text/vnd.viewcvs-markup" class="webrepository">newdate.log2</a>&#160;<span class="new">(new)</span>,
        <a href="http://svn.sourceforge.net/viewvc/statsvn/trunk/statsvn/tests-src/net/sf/statcvs/input/newlines-after-end.log?rev=5&amp;content-type=text/vnd.viewcvs-markup" class="webrepository">newlines-after-end.log</a>&#160;<span class="new">(new)</span>,
        <a href="http://svn.sourceforge.net/viewvc/statsvn/trunk/statsvn/tests-src/net/sf/statcvs/input/no-revs-selected-w-description.log?rev=5&amp;content-type=text/vnd.viewcvs-markup" class="webrepository">no-revs-selected-w-description.log</a>&#160;<span class="new">(new)</span>,
        <a href="http://svn.sourceforge.net/viewvc/statsvn/trunk/statsvn/tests-src/net/sf/statcvs/input/no-revs-selected.log?rev=5&amp;content-type=text/vnd.viewcvs-markup" class="webrepository">no-revs-selected.log</a>&#160;<span class="new">(new)</span>,
        <a href="http://svn.sourceforge.net/viewvc/statsvn/trunk/statsvn/tests-src/net/sf/statcvs/input/no-symbolic-names.log2?rev=5&amp;content-type=text/vnd.viewcvs-markup" class="webrepository">no-symbolic-names.log2</a>&#160;<span class="new">(new)</span>,
        <a href="http://svn.sourceforge.net/viewvc/statsvn/trunk/statsvn/tests-src/net/sf/statcvs/input/premature-end.log2?rev=5&amp;content-type=text/vnd.viewcvs-markup" class="webrepository">premature-end.log2</a>&#160;<span class="new">(new)</span>,
        <a href="http://svn.sourceforge.net/viewvc/statsvn/trunk/statsvn/tests-src/net/sf/statcvs/input/simple.log?rev=5&amp;content-type=text/vnd.viewcvs-markup" class="webrepository">simple.log</a>&#160;<span class="new">(new)</span>,
        <a href="http://svn.sourceforge.net/viewvc/statsvn/trunk/statsvn/tests-src/net/sf/statcvs/input/simple.log2?rev=5&amp;content-type=text/vnd.viewcvs-markup" class="webrepository">simple.log2</a>&#160;<span class="new">(new)</span>,
        <a href="http://svn.sourceforge.net/viewvc/statsvn/trunk/statsvn/tests-src/net/sf/statcvs/input/two-files.log?rev=5&amp;content-type=text/vnd.viewcvs-markup" class="webrepository">two-files.log</a>&#160;<span class="new">(new)</span>,
        <a href="http://svn.sourceforge.net/viewvc/statsvn/trunk/statsvn/tests-src/net/sf/statcvs/input/two-revisions.log2?rev=5&amp;content-type=text/vnd.viewcvs-markup" class="webrepository">two-revisions.log2</a>&#160;<span class="new">(new)</span>,
        <a href="http://svn.sourceforge.net/viewvc/statsvn/trunk/statsvn/tests-src/net/sf/statcvs/input/uncommitted-files.log?rev=5&amp;content-type=text/vnd.viewcvs-markup" class="webrepository">uncommitted-files.log</a>&#160;<span class="new">(new)</span>
      </li>
      <li>
        <strong>tests-src/net/sf/statcvs/model</strong>:
        <a href="http://svn.sourceforge.net/viewvc/statsvn/trunk/statsvn/tests-src/net/sf/statcvs/model/AllTests.java?rev=5&amp;content-type=text/vnd.viewcvs-markup" class="webrepository">AllTests.java</a>&#160;<span class="new">(new&#160;2)</span>,
        <a href="http://svn.sourceforge.net/viewvc/statsvn/trunk/statsvn/tests-src/net/sf/statcvs/model/AuthorTest.java?rev=5&amp;content-type=text/vnd.viewcvs-markup" class="webrepository">AuthorTest.java</a>&#160;<span class="new">(new&#160;30)</span>,
        <a href="http://svn.sourceforge.net/viewvc/statsvn/trunk/statsvn/tests-src/net/sf/statcvs/model/CommitTest.java?rev=5&amp;content-type=text/vnd.viewcvs-markup" class="webrepository">CommitTest.java</a>&#160;<span class="new">(new&#160;19)</span>,
        <a href="http://svn.sourceforge.net/viewvc/statsvn/trunk/statsvn/tests-src/net/sf/statcvs/model/CvsContentTest.java?rev=5&amp;content-type=text/vnd.viewcvs-markup" class="webrepository">CvsContentTest.java</a>&#160;<span class="new">(new)</span>,
        <a href="http://svn.sourceforge.net/viewvc/statsvn/trunk/statsvn/tests-src/net/sf/statcvs/model/CvsFileTest.java?rev=5&amp;content-type=text/vnd.viewcvs-markup" class="webrepository">CvsFileTest.java</a>&#160;<span class="new">(new)</span>,
        <a href="http://svn.sourceforge.net/viewvc/statsvn/trunk/statsvn/tests-src/net/sf/statcvs/model/DirectoryTest.java?rev=5&amp;content-type=text/vnd.viewcvs-markup" class="webrepository">DirectoryTest.java</a>&#160;<span class="new">(new&#160;24)</span>,
        <a href="http://svn.sourceforge.net/viewvc/statsvn/trunk/statsvn/tests-src/net/sf/statcvs/model/RevisionTest.java?rev=5&amp;content-type=text/vnd.viewcvs-markup" class="webrepository">RevisionTest.java</a>&#160;<span class="new">(new&#160;8)</span>
      </li>
      <li>
        <strong>tests-src/net/sf/statcvs/output</strong>:
        <a href="http://svn.sourceforge.net/viewvc/statsvn/trunk/statsvn/tests-src/net/sf/statcvs/output/AllTests.java?rev=5&amp;content-type=text/vnd.viewcvs-markup" class="webrepository">AllTests.java</a>&#160;<span class="new">(new&#160;1)</span>,
        <a href="http://svn.sourceforge.net/viewvc/statsvn/trunk/statsvn/tests-src/net/sf/statcvs/output/WebRepositoryIntegrationTest.java?rev=5&amp;content-type=text/vnd.viewcvs-markup" class="webrepository">WebRepositoryIntegrationTest.java</a>&#160;<span class="new">(new&#160;129)</span>
      </li>
      <li>
        <strong>tests-src/net/sf/statcvs/renderer</strong>:
        <a href="http://svn.sourceforge.net/viewvc/statsvn/trunk/statsvn/tests-src/net/sf/statcvs/renderer/AllTests.java?rev=5&amp;content-type=text/vnd.viewcvs-markup" class="webrepository">AllTests.java</a>&#160;<span class="new">(new&#160;1)</span>,
        <a href="http://svn.sourceforge.net/viewvc/statsvn/trunk/statsvn/tests-src/net/sf/statcvs/renderer/FileCollectionFormatterTest.java?rev=5&amp;content-type=text/vnd.viewcvs-markup" class="webrepository">FileCollectionFormatterTest.java</a>&#160;<span class="new">(new&#160;12)</span>
      </li>
      <li>
        <strong>tests-src/net/sf/statcvs/reportmodel</strong>:
        <a href="http://svn.sourceforge.net/viewvc/statsvn/trunk/statsvn/tests-src/net/sf/statcvs/reportmodel/AllTests.java?rev=5&amp;content-type=text/vnd.viewcvs-markup" class="webrepository">AllTests.java</a>&#160;<span class="new">(new&#160;1)</span>,
        <a href="http://svn.sourceforge.net/viewvc/statsvn/trunk/statsvn/tests-src/net/sf/statcvs/reportmodel/TimeLineTest.java?rev=5&amp;content-type=text/vnd.viewcvs-markup" class="webrepository">TimeLineTest.java</a>&#160;<span class="new">(new&#160;23)</span>
      </li>
      <li>
        <strong>tests-src/net/sf/statcvs/util</strong>:
        <a href="http://svn.sourceforge.net/viewvc/statsvn/trunk/statsvn/tests-src/net/sf/statcvs/util/AllTests.java?rev=5&amp;content-type=text/vnd.viewcvs-markup" class="webrepository">AllTests.java</a>&#160;<span class="new">(new&#160;22)</span>,
        <a href="http://svn.sourceforge.net/viewvc/statsvn/trunk/statsvn/tests-src/net/sf/statcvs/util/CvsLogUtilsTest.java?rev=5&amp;content-type=text/vnd.viewcvs-markup" class="webrepository">CvsLogUtilsTest.java</a>&#160;<span class="new">(new&#160;16)</span>,
        <a href="http://svn.sourceforge.net/viewvc/statsvn/trunk/statsvn/tests-src/net/sf/statcvs/util/FilePatternMatcherTest.java?rev=5&amp;content-type=text/vnd.viewcvs-markup" class="webrepository">FilePatternMatcherTest.java</a>&#160;<span class="new">(new&#160;15)</span>,
        <a href="http://svn.sourceforge.net/viewvc/statsvn/trunk/statsvn/tests-src/net/sf/statcvs/util/FileUtilsTest.java?rev=5&amp;content-type=text/vnd.viewcvs-markup" class="webrepository">FileUtilsTest.java</a>&#160;<span class="new">(new&#160;3)</span>,
        <a href="http://svn.sourceforge.net/viewvc/statsvn/trunk/statsvn/tests-src/net/sf/statcvs/util/IntegerMapTest.java?rev=5&amp;content-type=text/vnd.viewcvs-markup" class="webrepository">IntegerMapTest.java</a>&#160;<span class="new">(new&#160;7)</span>,
        <a href="http://svn.sourceforge.net/viewvc/statsvn/trunk/statsvn/tests-src/net/sf/statcvs/util/LookaheadReaderTest.java?rev=5&amp;content-type=text/vnd.viewcvs-markup" class="webrepository">LookaheadReaderTest.java</a>&#160;<span class="new">(new&#160;3)</span>,
        <a href="http://svn.sourceforge.net/viewvc/statsvn/trunk/statsvn/tests-src/net/sf/statcvs/util/OutputUtilsTest.java?rev=5&amp;content-type=text/vnd.viewcvs-markup" class="webrepository">OutputUtilsTest.java</a>&#160;<span class="new">(new&#160;2)</span>
      </li>
    </ul>
  </dd>

</dl>

</subsection><div id="generatedby"><p>Generated by <a href="http://www.statsvn.org">StatSVN</a> 0.2.0</p>
</div>
</section></body>
</document>