<?xml version="1.0" encoding="US-ASCII"?>
<document xmlns:lxslt="http://xml.apache.org/xslt">
<properties><title>User statistics for benoitx</title></properties>
<head>
    <meta http-equiv="Content-Type" content="text/html; charset=ISO-8859-1"/>
    <meta name="Generator" content="StatCVS 0.2.4"/>
    <link rel="stylesheet" href="objectlab-statcvs-xdoc.css" type="text/css"/>
  </head>

<body><section name="User statistics for benoitx">
<p><a href="index.html">back to main page</a></p>
<p class="summaryperiod">
  Summary Period:
  <span class="date">2006-11-15</span> to
  <span class="date">2006-11-28</span></p>

<subsection name ="Total Changes">
<p>953 (54.4%)</p>
</subsection>
<subsection name ="Lines of Code">
<p>9648 (35.3%)</p>
</subsection>
<subsection name ="Modules">
<p><img src="module_sizes_benoitx.png" width="640" height="480" alt=""/></p>
  <table  class="statCvsTable" rules="groups" summary="Overview of this author's activities in different directories">
    <colgroup align="left"/>
    <colgroup align="right"/>
    <colgroup align="right"/>
    <colgroup align="right"/>
    <thead>
      <tr>
        <th>Directory</th>
        <th>Changes</th>
        <th>Lines of Code</th>
        <th>Lines per Change</th>
      </tr>
    </thead>
    <tfoot>
      <tr>
        <th>Totals</th>
        <td>953 (100.0%)</td>
        <td>9648 (100.0%)</td>
        <td>10.1</td>
      </tr>
    </tfoot>
    <tbody>
      <tr  class="odd">
        <th><a href="module.html" class="directory">/</a></th>
        <td>36 (3.8%)</td>
        <td>5354 (55.5%)</td>
        <td>148.7</td>
      </tr>
      <tr  class="even">
        <th><a href="module_src_net_sf_statcvs_output.html" class="directory">src/net/sf/statcvs/output/</a></th>
        <td>82 (8.6%)</td>
        <td>928 (9.6%)</td>
        <td>11.3</td>
      </tr>
      <tr  class="odd">
        <th><a href="module_src_net_sf_statcvs_input.html" class="directory">src/net/sf/statcvs/input/</a></th>
        <td>45 (4.7%)</td>
        <td>430 (4.5%)</td>
        <td>9.5</td>
      </tr>
      <tr  class="even">
        <th><a href="module_src_net_sf_statcvs_renderer.html" class="directory">src/net/sf/statcvs/renderer/</a></th>
        <td>43 (4.5%)</td>
        <td>400 (4.1%)</td>
        <td>9.3</td>
      </tr>
      <tr  class="odd">
        <th><a href="module_src_net_sf_statcvs_util.html" class="directory">src/net/sf/statcvs/util/</a></th>
        <td>51 (5.4%)</td>
        <td>361 (3.7%)</td>
        <td>7.0</td>
      </tr>
      <tr  class="even">
        <th><a href="module_src_net_sf_statsvn_output.html" class="directory">src/net/sf/statsvn/output/</a></th>
        <td>92 (9.7%)</td>
        <td>265 (2.7%)</td>
        <td>2.8</td>
      </tr>
      <tr  class="odd">
        <th><a href="module_src_net_sf_statsvn_util.html" class="directory">src/net/sf/statsvn/util/</a></th>
        <td>70 (7.3%)</td>
        <td>263 (2.7%)</td>
        <td>3.7</td>
      </tr>
      <tr  class="even">
        <th><a href="module_.settings.html" class="directory">.settings/</a></th>
        <td>3 (0.3%)</td>
        <td>252 (2.6%)</td>
        <td>84.0</td>
      </tr>
      <tr  class="odd">
        <th><a href="module_site_style.html" class="directory">site/style/</a></th>
        <td>1 (0.1%)</td>
        <td>146 (1.5%)</td>
        <td>146.0</td>
      </tr>
      <tr  class="even">
        <th><a href="module_tests-src_net_sf_statcvs_input.html" class="directory">tests-src/net/sf/statcvs/input/</a></th>
        <td>39 (4.1%)</td>
        <td>137 (1.4%)</td>
        <td>3.5</td>
      </tr>
      <tr  class="odd">
        <th><a href="module_site.html" class="directory">site/</a></th>
        <td>13 (1.4%)</td>
        <td>133 (1.4%)</td>
        <td>10.2</td>
      </tr>
      <tr  class="even">
        <th><a href="module_tests-src_net_sf_statcvs_model.html" class="directory">tests-src/net/sf/statcvs/model/</a></th>
        <td>16 (1.7%)</td>
        <td>118 (1.2%)</td>
        <td>7.3</td>
      </tr>
      <tr  class="odd">
        <th><a href="module_src_net_sf_statsvn_ant.html" class="directory">src/net/sf/statsvn/ant/</a></th>
        <td>6 (0.6%)</td>
        <td>99 (1.0%)</td>
        <td>16.5</td>
      </tr>
      <tr  class="even">
        <th><a href="module_site_press.html" class="directory">site/press/</a></th>
        <td>4 (0.4%)</td>
        <td>91 (0.9%)</td>
        <td>22.7</td>
      </tr>
      <tr  class="odd">
        <th><a href="module_src_net_sf_statcvs_model.html" class="directory">src/net/sf/statcvs/model/</a></th>
        <td>22 (2.3%)</td>
        <td>81 (0.8%)</td>
        <td>3.6</td>
      </tr>
      <tr  class="even">
        <th><a href="module_src_net_sf_statsvn_input.html" class="directory">src/net/sf/statsvn/input/</a></th>
        <td>48 (5.0%)</td>
        <td>77 (0.8%)</td>
        <td>1.6</td>
      </tr>
      <tr  class="odd">
        <th><a href="module_src_net_sf_statcvs.html" class="directory">src/net/sf/statcvs/</a></th>
        <td>10 (1.0%)</td>
        <td>74 (0.8%)</td>
        <td>7.4</td>
      </tr>
      <tr  class="even">
        <th><a href="module_tests-src_net_sf_statsvn.html" class="directory">tests-src/net/sf/statsvn/</a></th>
        <td>2 (0.2%)</td>
        <td>66 (0.7%)</td>
        <td>33.0</td>
      </tr>
      <tr  class="odd">
        <th><a href="module_tests-src_net_sf_statsvn_input.html" class="directory">tests-src/net/sf/statsvn/input/</a></th>
        <td>32 (3.4%)</td>
        <td>60 (0.6%)</td>
        <td>1.8</td>
      </tr>
      <tr  class="even">
        <th><a href="module_src_net_sf_statcvs_reports.html" class="directory">src/net/sf/statcvs/reports/</a></th>
        <td>31 (3.3%)</td>
        <td>58 (0.6%)</td>
        <td>1.8</td>
      </tr>
      <tr  class="odd">
        <th><a href="module_src_net_sf_statcvs_reportmodel.html" class="directory">src/net/sf/statcvs/reportmodel/</a></th>
        <td>30 (3.1%)</td>
        <td>56 (0.6%)</td>
        <td>1.8</td>
      </tr>
      <tr  class="even">
        <th><a href="module_src_net_sf_statcvs_ant.html" class="directory">src/net/sf/statcvs/ant/</a></th>
        <td>3 (0.3%)</td>
        <td>54 (0.6%)</td>
        <td>18.0</td>
      </tr>
      <tr  class="odd">
        <th><a href="module_src_net_sf_statsvn.html" class="directory">src/net/sf/statsvn/</a></th>
        <td>21 (2.2%)</td>
        <td>35 (0.4%)</td>
        <td>1.6</td>
      </tr>
      <tr  class="even">
        <th><a href="module_tests-src_net_sf_statcvs_util.html" class="directory">tests-src/net/sf/statcvs/util/</a></th>
        <td>16 (1.7%)</td>
        <td>32 (0.3%)</td>
        <td>2.0</td>
      </tr>
      <tr  class="odd">
        <th><a href="module_tests-src_net_sf_statcvs_reportmodel.html" class="directory">tests-src/net/sf/statcvs/reportmodel/</a></th>
        <td>4 (0.4%)</td>
        <td>24 (0.2%)</td>
        <td>6.0</td>
      </tr>
      <tr  class="even">
        <th><a href="module_devdoc.html" class="directory">devdoc/</a></th>
        <td>1 (0.1%)</td>
        <td>20 (0.2%)</td>
        <td>20.0</td>
      </tr>
      <tr  class="odd">
        <th><a href="module_tests-src_net_sf_statcvs_output.html" class="directory">tests-src/net/sf/statcvs/output/</a></th>
        <td>4 (0.4%)</td>
        <td>19 (0.2%)</td>
        <td>4.7</td>
      </tr>
      <tr  class="even">
        <th><a href="module_tests-src_net_sf_statcvs_renderer.html" class="directory">tests-src/net/sf/statcvs/renderer/</a></th>
        <td>4 (0.4%)</td>
        <td>13 (0.1%)</td>
        <td>3.2</td>
      </tr>
      <tr  class="odd">
        <th><a href="module_tests-src_net_sf_statcvs.html" class="directory">tests-src/net/sf/statcvs/</a></th>
        <td>2 (0.2%)</td>
        <td>2 (0.0%)</td>
        <td>1.0</td>
      </tr>
      <tr  class="even">
        <th><a href="module_tests-src_net_sf_statsvn_util.html" class="directory">tests-src/net/sf/statsvn/util/</a></th>
        <td>21 (2.2%)</td>
        <td>0 (0.0%)</td>
        <td>0.0</td>
      </tr>
      <tr  class="odd">
        <th><a href="module_tests-src_net_sf_statsvn_reportmodel.html" class="directory">tests-src/net/sf/statsvn/reportmodel/</a></th>
        <td>6 (0.6%)</td>
        <td>0 (0.0%)</td>
        <td>0.0</td>
      </tr>
      <tr  class="even">
        <th><a href="module_tests-src_net_sf_statsvn_renderer.html" class="directory">tests-src/net/sf/statsvn/renderer/</a></th>
        <td>6 (0.6%)</td>
        <td>0 (0.0%)</td>
        <td>0.0</td>
      </tr>
      <tr  class="odd">
        <th><a href="module_tests-src_net_sf_statsvn_output.html" class="directory">tests-src/net/sf/statsvn/output/</a></th>
        <td>6 (0.6%)</td>
        <td>0 (0.0%)</td>
        <td>0.0</td>
      </tr>
      <tr  class="even">
        <th><a href="module_tests-src_net_sf_statsvn_model.html" class="directory">tests-src/net/sf/statsvn/model/</a></th>
        <td>21 (2.2%)</td>
        <td>0 (0.0%)</td>
        <td>0.0</td>
      </tr>
      <tr  class="odd">
        <th><a href="module_tests-src_net_sf_statcvs_input_samplefiles.html" class="directory">tests-src/net/sf/statcvs/input/samplefiles/</a></th>
        <td>6 (0.6%)</td>
        <td>0 (0.0%)</td>
        <td>0.0</td>
      </tr>
      <tr  class="even">
        <th><a href="module_src_net_sf_statsvn_reports.html" class="directory">src/net/sf/statsvn/reports/</a></th>
        <td>39 (4.1%)</td>
        <td>0 (0.0%)</td>
        <td>0.0</td>
      </tr>
      <tr  class="odd">
        <th><a href="module_src_net_sf_statsvn_reportmodel.html" class="directory">src/net/sf/statsvn/reportmodel/</a></th>
        <td>36 (3.8%)</td>
        <td>0 (0.0%)</td>
        <td>0.0</td>
      </tr>
      <tr  class="even">
        <th><a href="module_src_net_sf_statsvn_renderer.html" class="directory">src/net/sf/statsvn/renderer/</a></th>
        <td>42 (4.4%)</td>
        <td>0 (0.0%)</td>
        <td>0.0</td>
      </tr>
      <tr  class="odd">
        <th><a href="module_src_net_sf_statsvn_model.html" class="directory">src/net/sf/statsvn/model/</a></th>
        <td>27 (2.8%)</td>
        <td>0 (0.0%)</td>
        <td>0.0</td>
      </tr>
      <tr  class="even">
        <th><a href="module_src_net_sf_statcvs_web-files.html" class="directory">src/net/sf/statcvs/web-files/</a></th>
        <td>11 (1.2%)</td>
        <td>0 (0.0%)</td>
        <td>0.0</td>
      </tr>
      <tr  class="odd">
        <th><a href="module_lib.html" class="directory">lib/</a></th>
        <td>1 (0.1%)</td>
        <td>0 (0.0%)</td>
        <td>0.0</td>
      </tr>
    </tbody>
  </table>

</subsection>
<subsection name ="Activity by Clock Time">
<p><img src="activity_time_benoitx.png" width="500" height="300" alt=""/></p>
<p><img src="activity_day_benoitx.png" width="500" height="300" alt=""/></p>
</subsection>
<subsection name ="Most Recent Commits">
<dl class="commitlist">
  <dt>
    <a href="user_benoitx.html" class="author">benoitx</a>
    <span class="date">2006-11-28 09:52</span>
  </dt>
  <dd>
    <p class="comment">
Added a link to stat-scm the Maven 2 plugin that uses StatSVN.
    </p>
    <p class="commitdetails"><strong>3</strong> lines of code changed in:</p>
    <ul class="commitdetails">
      <li>
        <strong>site</strong>:
        <a href="http://svn.sourceforge.net/viewvc/statsvn/trunk/statsvn/site/index.xml.diff?r1=167&amp;r2=175" class="webrepository">index.xml</a>&#160;<span class="change">(+2&#160;-1)</span>,
        <a href="http://svn.sourceforge.net/viewvc/statsvn/trunk/statsvn/site/navigation.xml.diff?r1=167&amp;r2=175" class="webrepository">navigation.xml</a>&#160;<span class="change">(+1)</span>
      </li>
    </ul>
  </dd>

  <dt>
    <a href="user_benoitx.html" class="author">benoitx</a>
    <span class="date">2006-11-28 04:13</span>
  </dt>
  <dd>
    <p class="comment">
Change link
    </p>
    <p class="commitdetails"><strong>1</strong> lines of code changed in:</p>
    <ul class="commitdetails">
      <li>
        <strong>site/press</strong>:
        <a href="http://svn.sourceforge.net/viewvc/statsvn/trunk/statsvn/site/press/press-release-0.2.0.txt.diff?r1=166&amp;r2=174" class="webrepository">press-release-0.2.0.txt</a>&#160;<span class="change">(+1&#160;-2)</span>
      </li>
    </ul>
  </dd>

  <dt>
    <a href="user_benoitx.html" class="author">benoitx</a>
    <span class="date">2006-11-28 04:07</span>
  </dt>
  <dd>
    <p class="comment">
added issue fixed last week about file count.
    </p>
    <p class="commitdetails"><strong>1</strong> lines of code changed in:</p>
    <ul class="commitdetails">
      <li>
        <strong>site</strong>:
        <a href="http://svn.sourceforge.net/viewvc/statsvn/trunk/statsvn/site/changes.xml.diff?r1=165&amp;r2=173" class="webrepository">changes.xml</a>&#160;<span class="change">(+1)</span>
      </li>
    </ul>
  </dd>

  <dt>
    <a href="user_benoitx.html" class="author">benoitx</a>
    <span class="date">2006-11-28 03:54</span>
  </dt>
  <dd>
    <p class="comment">
Small changes for website.
    </p>
    <p class="commitdetails"><strong>252</strong> lines of code changed in:</p>
    <ul class="commitdetails">
      <li>
        <a href="http://svn.sourceforge.net/viewvc/statsvn/trunk/statsvn/project.xml.diff?r1=171&amp;r2=172" class="webrepository">project.xml</a>&#160;<span class="change">(+34&#160;-26)</span>,
        <a href="http://svn.sourceforge.net/viewvc/statsvn/trunk/statsvn/qalab.xml.diff?r1=167&amp;r2=172" class="webrepository">qalab.xml</a>&#160;<span class="change">(+204)</span>
      </li>
      <li>
        <strong>site/press</strong>:
        <a href="http://svn.sourceforge.net/viewvc/statsvn/trunk/statsvn/site/press/index.xml.diff?r1=166&amp;r2=172" class="webrepository">index.xml</a>&#160;<span class="change">(+14)</span>
      </li>
    </ul>
  </dd>

  <dt>
    <a href="user_benoitx.html" class="author">benoitx</a>
    <span class="date">2006-11-28 01:22</span>
  </dt>
  <dd>
    <p class="comment">
typo
    </p>
    <p class="commitdetails"><strong>1</strong> lines of code changed in:</p>
    <ul class="commitdetails">
      <li>
        <a href="http://svn.sourceforge.net/viewvc/statsvn/trunk/statsvn/project.xml.diff?r1=167&amp;r2=171" class="webrepository">project.xml</a>&#160;<span class="change">(+1&#160;-1)</span>
      </li>
    </ul>
  </dd>

  <dt>
    <a href="user_benoitx.html" class="author">benoitx</a>
    <span class="date">2006-11-24 11:11</span>
  </dt>
  <dd>
    <p class="comment">
Fixes the test for the issue below.  We now get 3 revisions given a synthetic creation just before the beginning of log.<br/>
The creation does not impact any line (hence 0 on expected values) and the 3rd revision is now the beginning of log<br/>
---<br/>
Worked on a 'fix' for the issue of file count when a part of the structure has been renamed. <br/>
Although the data is correct for StatSVN, it seems to break a test and, looking at the test, I think that <br/>
the behaviour for SVN or CVS are different in the sense that SVN will not give a 'creation' attribute when it is moved,<br/>
but if the file is later on moved, it will show 1 deletion, hence the total being -1 and not 0.<br/>
So I have modified the test, correct me if it is wrong.
    </p>
    <p class="commitdetails"><strong>7</strong> lines of code changed in:</p>
    <ul class="commitdetails">
      <li>
        <strong>tests-src/net/sf/statsvn/input</strong>:
        <a href="http://svn.sourceforge.net/viewvc/statsvn/trunk/statsvn/tests-src/net/sf/statsvn/input/LinesOfCodeTest.java.diff?r1=168&amp;r2=170" class="webrepository">LinesOfCodeTest.java</a>&#160;<span class="change">(+7&#160;-6)</span>
      </li>
    </ul>
  </dd>

  <dt>
    <a href="user_benoitx.html" class="author">benoitx</a>
    <span class="date">2006-11-24 02:17</span>
  </dt>
  <dd>
    <p class="comment">
When a file is moved, StatSVN does create a synthetic 'deletion' and the LOC is maintained correctly.<br/>
the number of file however is incorrect as there are no equivalent creation revision for the renamed/moved item.<br/>
This patch will create a CREATION revision before the last item and with a ZERO LOC so that we do not impact the current result.<br/>

    </p>
    <p class="commitdetails"><strong>3</strong> lines of code changed in:</p>
    <ul class="commitdetails">
      <li>
        <strong>src/net/sf/statsvn/input</strong>:
        <a href="http://svn.sourceforge.net/viewvc/statsvn/trunk/statsvn/src/net/sf/statsvn/input/FileBuilder.java.diff?r1=168&amp;r2=169" class="webrepository">FileBuilder.java</a>&#160;<span class="change">(+3&#160;-2)</span>
      </li>
    </ul>
  </dd>

  <dt>
    <a href="user_benoitx.html" class="author">benoitx</a>
    <span class="date">2006-11-23 22:37</span>
  </dt>
  <dd>
    <p class="comment">
Worked on a 'fix' for the issue of file count when a part of the structure has been renamed. <br/>
Although the data is correct for StatSVN, it seems to break a test and, looking at the test, I think that <br/>
the behaviour for SVN or CVS are different in the sense that SVN will not give a 'creation' attribute when it is moved,<br/>
but if the file is later on moved, it will show 1 deletion, hence the total being -1 and not 0.<br/>
So I have modified the test, correct me if it is wrong.
    </p>
    <p class="commitdetails"><strong>4</strong> lines of code changed in:</p>
    <ul class="commitdetails">
      <li>
        <strong>src/net/sf/statsvn/input</strong>:
        <a href="http://svn.sourceforge.net/viewvc/statsvn/trunk/statsvn/src/net/sf/statsvn/input/FileBuilder.java.diff?r1=164&amp;r2=168" class="webrepository">FileBuilder.java</a>&#160;<span class="change">(+2&#160;-1)</span>
      </li>
      <li>
        <strong>tests-src/net/sf/statsvn/input</strong>:
        <a href="http://svn.sourceforge.net/viewvc/statsvn/trunk/statsvn/tests-src/net/sf/statsvn/input/LinesOfCodeTest.java.diff?r1=155&amp;r2=168" class="webrepository">LinesOfCodeTest.java</a>&#160;<span class="change">(+2&#160;-1)</span>
      </li>
    </ul>
  </dd>

  <dt>
    <a href="user_benoitx.html" class="author">benoitx</a>
    <span class="date">2006-11-23 22:32</span>
  </dt>
  <dd>
    <p class="comment">
tidying up the website
    </p>
    <p class="commitdetails"><strong>72</strong> lines of code changed in:</p>
    <ul class="commitdetails">
      <li>
        <a href="http://svn.sourceforge.net/viewvc/statsvn/trunk/statsvn/project.properties.diff?r1=155&amp;r2=167" class="webrepository">project.properties</a>&#160;<span class="change">(+4&#160;-1)</span>,
        <a href="http://svn.sourceforge.net/viewvc/statsvn/trunk/statsvn/project.xml.diff?r1=165&amp;r2=167" class="webrepository">project.xml</a>&#160;<span class="change">(+22&#160;-5)</span>,
        <a href="http://svn.sourceforge.net/viewvc/statsvn/trunk/statsvn/qalab.xml.diff?r1=165&amp;r2=167" class="webrepository">qalab.xml</a>&#160;<span class="change">(+3&#160;-3)</span>
      </li>
      <li>
        <strong>site</strong>:
        <a href="http://svn.sourceforge.net/viewvc/statsvn/trunk/statsvn/site/index.xml.diff?r1=165&amp;r2=167" class="webrepository">index.xml</a>&#160;<span class="change">(+27&#160;-8)</span>,
        <a href="http://svn.sourceforge.net/viewvc/statsvn/trunk/statsvn/site/navigation.xml.diff?r1=165&amp;r2=167" class="webrepository">navigation.xml</a>&#160;<span class="change">(+16&#160;-4)</span>
      </li>
    </ul>
  </dd>

  <dt>
    <a href="user_benoitx.html" class="author">benoitx</a>
    <span class="date">2006-11-23 19:44</span>
  </dt>
  <dd>
    <p class="comment">
Page for future "press" coverage.
    </p>
    <p class="commitdetails"><strong>76</strong> lines of code changed in:</p>
    <ul class="commitdetails">
      <li>
        <strong>site/press</strong>:
        <a href="http://svn.sourceforge.net/viewvc/statsvn/trunk/statsvn/site/press/index.xml?rev=166&amp;content-type=text/vnd.viewcvs-markup" class="webrepository">index.xml</a>&#160;<span class="new">(new&#160;35)</span>,
        <a href="http://svn.sourceforge.net/viewvc/statsvn/trunk/statsvn/site/press/press-release-0.2.0.txt?rev=166&amp;content-type=text/vnd.viewcvs-markup" class="webrepository">press-release-0.2.0.txt</a>&#160;<span class="new">(new&#160;41)</span>
      </li>
    </ul>
  </dd>

  <dt>
    <a href="user_benoitx.html" class="author">benoitx</a>
    <span class="date">2006-11-23 00:50</span>
  </dt>
  <dd>
    <p class="comment">
Bit of tidy up for the website.
    </p>
    <p class="commitdetails"><strong>136</strong> lines of code changed in:</p>
    <ul class="commitdetails">
      <li>
        <a href="http://svn.sourceforge.net/viewvc/statsvn/trunk/statsvn/project.xml.diff?r1=155&amp;r2=165" class="webrepository">project.xml</a>&#160;<span class="change">(+4&#160;-4)</span>,
        <a href="http://svn.sourceforge.net/viewvc/statsvn/trunk/statsvn/qalab.xml.diff?r1=164&amp;r2=165" class="webrepository">qalab.xml</a>&#160;<span class="change">(+68)</span>
      </li>
      <li>
        <strong>devdoc</strong>:
        <a href="http://svn.sourceforge.net/viewvc/statsvn/trunk/statsvn/devdoc/how-to-digg.txt?rev=165&amp;content-type=text/vnd.viewcvs-markup" class="webrepository">how-to-digg.txt</a>&#160;<span class="new">(new&#160;20)</span>
      </li>
      <li>
        <strong>site</strong>:
        <a href="http://svn.sourceforge.net/viewvc/statsvn/trunk/statsvn/site/changes.xml.diff?r1=155&amp;r2=165" class="webrepository">changes.xml</a>&#160;<span class="change">(+2)</span>,
        <a href="http://svn.sourceforge.net/viewvc/statsvn/trunk/statsvn/site/index.xml?rev=165&amp;content-type=text/vnd.viewcvs-markup" class="webrepository">index.xml</a>&#160;<span class="new">(new&#160;39)</span>,
        <a href="http://svn.sourceforge.net/viewvc/statsvn/trunk/statsvn/site/navigation.xml.diff?r1=147&amp;r2=165" class="webrepository">navigation.xml</a>&#160;<span class="change">(+3)</span>,
        <a href="http://svn.sourceforge.net/viewvc/statsvn/trunk/statsvn/site/statsvn.png?rev=165&amp;content-type=text/vnd.viewcvs-markup" class="webrepository">statsvn.png</a>&#160;<span class="new">(new)</span>
      </li>
    </ul>
  </dd>

  <dt>
    <a href="user_benoitx.html" class="author">benoitx</a>
    <span class="date">2006-11-22 23:55</span>
  </dt>
  <dd>
    <p class="comment">
A fair amount of tidy up following warnings from FindBugs, PMD, Checkstyle.
    </p>
    <p class="commitdetails"><strong>329</strong> lines of code changed in:</p>
    <ul class="commitdetails">
      <li>
        <a href="http://svn.sourceforge.net/viewvc/statsvn/trunk/statsvn/.classpath.diff?r1=155&amp;r2=164" class="webrepository">.classpath</a>&#160;<span class="change">(+2&#160;-1)</span>,
        <a href="http://svn.sourceforge.net/viewvc/statsvn/trunk/statsvn/qalab.xml.diff?r1=155&amp;r2=164" class="webrepository">qalab.xml</a>&#160;<span class="change">(+94)</span>
      </li>
      <li>
        <strong>src/net/sf/statsvn</strong>:
        <a href="http://svn.sourceforge.net/viewvc/statsvn/trunk/statsvn/src/net/sf/statsvn/Main.java.diff?r1=158&amp;r2=164" class="webrepository">Main.java</a>&#160;<span class="change">(+15&#160;-13)</span>
      </li>
      <li>
        <strong>src/net/sf/statsvn/ant</strong>:
        <a href="http://svn.sourceforge.net/viewvc/statsvn/trunk/statsvn/src/net/sf/statsvn/ant/AntTaskLogger.java?rev=164&amp;content-type=text/vnd.viewcvs-markup" class="webrepository">AntTaskLogger.java</a>&#160;<span class="new">(new&#160;36)</span>,
        <a href="http://svn.sourceforge.net/viewvc/statsvn/trunk/statsvn/src/net/sf/statsvn/ant/StatSvnTask.java.diff?r1=155&amp;r2=164" class="webrepository">StatSvnTask.java</a>&#160;<span class="change">(+1)</span>
      </li>
      <li>
        <strong>src/net/sf/statsvn/input</strong>:
        <a href="http://svn.sourceforge.net/viewvc/statsvn/trunk/statsvn/src/net/sf/statsvn/input/Builder.java.diff?r1=155&amp;r2=164" class="webrepository">Builder.java</a>&#160;<span class="change">(+5&#160;-3)</span>,
        <a href="http://svn.sourceforge.net/viewvc/statsvn/trunk/statsvn/src/net/sf/statsvn/input/CacheBuilder.java.diff?r1=144&amp;r2=164" class="webrepository">CacheBuilder.java</a>&#160;<span class="change">(+4&#160;-2)</span>,
        <a href="http://svn.sourceforge.net/viewvc/statsvn/trunk/statsvn/src/net/sf/statsvn/input/FileBuilder.java.diff?r1=155&amp;r2=164" class="webrepository">FileBuilder.java</a>&#160;<span class="change">(+9&#160;-9)</span>,
        <a href="http://svn.sourceforge.net/viewvc/statsvn/trunk/statsvn/src/net/sf/statsvn/input/RevisionData.java.diff?r1=144&amp;r2=164" class="webrepository">RevisionData.java</a>&#160;<span class="change">(+7&#160;-4)</span>,
        <a href="http://svn.sourceforge.net/viewvc/statsvn/trunk/statsvn/src/net/sf/statsvn/input/SvnLogfileParser.java.diff?r1=157&amp;r2=164" class="webrepository">SvnLogfileParser.java</a>&#160;<span class="change">(+26&#160;-20)</span>,
        <a href="http://svn.sourceforge.net/viewvc/statsvn/trunk/statsvn/src/net/sf/statsvn/input/SvnXmlLogFileHandler.java.diff?r1=144&amp;r2=164" class="webrepository">SvnXmlLogFileHandler.java</a>&#160;<span class="change">(+1&#160;-11)</span>
      </li>
      <li>
        <strong>src/net/sf/statsvn/output</strong>:
        <a href="http://svn.sourceforge.net/viewvc/statsvn/trunk/statsvn/src/net/sf/statsvn/output/ChoraIntegration.java.diff?r1=155&amp;r2=164" class="webrepository">ChoraIntegration.java</a>&#160;<span class="change">(+5&#160;-6)</span>,
        <a href="http://svn.sourceforge.net/viewvc/statsvn/trunk/statsvn/src/net/sf/statsvn/output/SvnCommandLineParser.java.diff?r1=161&amp;r2=164" class="webrepository">SvnCommandLineParser.java</a>&#160;<span class="change">(+4&#160;-2)</span>,
        <a href="http://svn.sourceforge.net/viewvc/statsvn/trunk/statsvn/src/net/sf/statsvn/output/SvnConfigurationOptions.java.diff?r1=155&amp;r2=164" class="webrepository">SvnConfigurationOptions.java</a>&#160;<span class="change">(+17)</span>,
        <a href="http://svn.sourceforge.net/viewvc/statsvn/trunk/statsvn/src/net/sf/statsvn/output/package.html?rev=164&amp;content-type=text/vnd.viewcvs-markup" class="webrepository">package.html</a>&#160;<span class="new">(new&#160;12)</span>
      </li>
      <li>
        <strong>src/net/sf/statsvn/util</strong>:
        <a href="http://svn.sourceforge.net/viewvc/statsvn/trunk/statsvn/src/net/sf/statsvn/util/ConsoleTaskLogger.java?rev=164&amp;content-type=text/vnd.viewcvs-markup" class="webrepository">ConsoleTaskLogger.java</a>&#160;<span class="new">(new&#160;23)</span>,
        <a href="http://svn.sourceforge.net/viewvc/statsvn/trunk/statsvn/src/net/sf/statsvn/util/FilenameComparator.java.diff?r1=144&amp;r2=164" class="webrepository">FilenameComparator.java</a>&#160;<span class="change">(+3&#160;-1)</span>,
        <a href="http://svn.sourceforge.net/viewvc/statsvn/trunk/statsvn/src/net/sf/statsvn/util/ProcessUtils.java.diff?r1=163&amp;r2=164" class="webrepository">ProcessUtils.java</a>&#160;<span class="change">(+2&#160;-2)</span>,
        <a href="http://svn.sourceforge.net/viewvc/statsvn/trunk/statsvn/src/net/sf/statsvn/util/SilentLogger.java?rev=164&amp;content-type=text/vnd.viewcvs-markup" class="webrepository">SilentLogger.java</a>&#160;<span class="new">(new&#160;16)</span>,
        <a href="http://svn.sourceforge.net/viewvc/statsvn/trunk/statsvn/src/net/sf/statsvn/util/SvnDiffUtils.java.diff?r1=162&amp;r2=164" class="webrepository">SvnDiffUtils.java</a>&#160;<span class="change">(+5&#160;-5)</span>,
        <a href="http://svn.sourceforge.net/viewvc/statsvn/trunk/statsvn/src/net/sf/statsvn/util/SvnInfoUtils.java.diff?r1=162&amp;r2=164" class="webrepository">SvnInfoUtils.java</a>&#160;<span class="change">(+14&#160;-14)</span>,
        <a href="http://svn.sourceforge.net/viewvc/statsvn/trunk/statsvn/src/net/sf/statsvn/util/SvnPropgetUtils.java.diff?r1=162&amp;r2=164" class="webrepository">SvnPropgetUtils.java</a>&#160;<span class="change">(+2&#160;-2)</span>,
        <a href="http://svn.sourceforge.net/viewvc/statsvn/trunk/statsvn/src/net/sf/statsvn/util/SvnStartupUtils.java.diff?r1=162&amp;r2=164" class="webrepository">SvnStartupUtils.java</a>&#160;<span class="change">(+6&#160;-4)</span>,
        <a href="http://svn.sourceforge.net/viewvc/statsvn/trunk/statsvn/src/net/sf/statsvn/util/TaskLogger.java?rev=164&amp;content-type=text/vnd.viewcvs-markup" class="webrepository">TaskLogger.java</a>&#160;<span class="new">(new&#160;13)</span>,
        <a href="http://svn.sourceforge.net/viewvc/statsvn/trunk/statsvn/src/net/sf/statsvn/util/XMLUtil.java.diff?r1=144&amp;r2=164" class="webrepository">XMLUtil.java</a>&#160;<span class="change">(+7&#160;-3)</span>
      </li>
    </ul>
  </dd>

  <dt>
    <a href="user_benoitx.html" class="author">benoitx</a>
    <span class="date">2006-11-22 22:14</span>
  </dt>
  <dd>
    <p class="comment">
Enable setting an inputstream for testing purpose.
    </p>
    <p class="commitdetails"><strong>33</strong> lines of code changed in:</p>
    <ul class="commitdetails">
      <li>
        <strong>src/net/sf/statsvn/util</strong>:
        <a href="http://svn.sourceforge.net/viewvc/statsvn/trunk/statsvn/src/net/sf/statsvn/util/ProcessUtils.java.diff?r1=162&amp;r2=163" class="webrepository">ProcessUtils.java</a>&#160;<span class="change">(+16&#160;-1)</span>
      </li>
      <li>
        <strong>tests-src/net/sf/statsvn/input</strong>:
        <a href="http://svn.sourceforge.net/viewvc/statsvn/trunk/statsvn/tests-src/net/sf/statsvn/input/DummyRepositoryFileManager.java.diff?r1=155&amp;r2=163" class="webrepository">DummyRepositoryFileManager.java</a>&#160;<span class="change">(+17&#160;-6)</span>
      </li>
    </ul>
  </dd>

  <dt>
    <a href="user_benoitx.html" class="author">benoitx</a>
    <span class="date">2006-11-22 22:03</span>
  </dt>
  <dd>
    <p class="comment">
Revisited the issue of streams and ways to guarantee their closure when calling some SVN commands.
    </p>
    <p class="commitdetails"><strong>129</strong> lines of code changed in:</p>
    <ul class="commitdetails">
      <li>
        <strong>src/net/sf/statsvn/util</strong>:
        <a href="http://svn.sourceforge.net/viewvc/statsvn/trunk/statsvn/src/net/sf/statsvn/util/ProcessUtils.java.diff?r1=160&amp;r2=162" class="webrepository">ProcessUtils.java</a>&#160;<span class="change">(+37&#160;-26)</span>,
        <a href="http://svn.sourceforge.net/viewvc/statsvn/trunk/statsvn/src/net/sf/statsvn/util/SvnDiffUtils.java.diff?r1=156&amp;r2=162" class="webrepository">SvnDiffUtils.java</a>&#160;<span class="change">(+17&#160;-13)</span>,
        <a href="http://svn.sourceforge.net/viewvc/statsvn/trunk/statsvn/src/net/sf/statsvn/util/SvnInfoUtils.java.diff?r1=155&amp;r2=162" class="webrepository">SvnInfoUtils.java</a>&#160;<span class="change">(+17&#160;-9)</span>,
        <a href="http://svn.sourceforge.net/viewvc/statsvn/trunk/statsvn/src/net/sf/statsvn/util/SvnPropgetUtils.java.diff?r1=155&amp;r2=162" class="webrepository">SvnPropgetUtils.java</a>&#160;<span class="change">(+32&#160;-11)</span>,
        <a href="http://svn.sourceforge.net/viewvc/statsvn/trunk/statsvn/src/net/sf/statsvn/util/SvnStartupUtils.java.diff?r1=155&amp;r2=162" class="webrepository">SvnStartupUtils.java</a>&#160;<span class="change">(+26&#160;-16)</span>
      </li>
    </ul>
  </dd>

  <dt>
    <a href="user_benoitx.html" class="author">benoitx</a>
    <span class="date">2006-11-22 21:54</span>
  </dt>
  <dd>
    <p class="comment">
rework the test to eliminate ViewCvs but allow ViewVc (one extends the other one...)<br/>
Quick fix.
    </p>
    <p class="commitdetails"><strong>2</strong> lines of code changed in:</p>
    <ul class="commitdetails">
      <li>
        <strong>src/net/sf/statsvn/output</strong>:
        <a href="http://svn.sourceforge.net/viewvc/statsvn/trunk/statsvn/src/net/sf/statsvn/output/SvnCommandLineParser.java.diff?r1=159&amp;r2=161" class="webrepository">SvnCommandLineParser.java</a>&#160;<span class="change">(+2&#160;-1)</span>
      </li>
    </ul>
  </dd>

  <dt>
    <a href="user_benoitx.html" class="author">benoitx</a>
    <span class="date">2006-11-22 17:23</span>
  </dt>
  <dd>
    <p class="comment">
Force the InputStreams to be closed before being overwritten...<br/>
(still does not solve the issue that the last lastErrorStream at least will never be closed, I think)
    </p>
    <p class="commitdetails"><strong>13</strong> lines of code changed in:</p>
    <ul class="commitdetails">
      <li>
        <strong>src/net/sf/statsvn/util</strong>:
        <a href="http://svn.sourceforge.net/viewvc/statsvn/trunk/statsvn/src/net/sf/statsvn/util/ProcessUtils.java.diff?r1=155&amp;r2=160" class="webrepository">ProcessUtils.java</a>&#160;<span class="change">(+13)</span>
      </li>
    </ul>
  </dd>

  <dt>
    <a href="user_benoitx.html" class="author">benoitx</a>
    <span class="date">2006-11-22 16:35</span>
  </dt>
  <dd>
    <p class="comment">
Throw a ConfigurationException if the user set up viewCvs or CVSWeb integration<br/>
as they are not supported by Subversion.
    </p>
    <p class="commitdetails"><strong>11</strong> lines of code changed in:</p>
    <ul class="commitdetails">
      <li>
        <strong>src/net/sf/statsvn/output</strong>:
        <a href="http://svn.sourceforge.net/viewvc/statsvn/trunk/statsvn/src/net/sf/statsvn/output/SvnCommandLineParser.java.diff?r1=155&amp;r2=159" class="webrepository">SvnCommandLineParser.java</a>&#160;<span class="change">(+11)</span>
      </li>
    </ul>
  </dd>

  <dt>
    <a href="user_benoitx.html" class="author">benoitx</a>
    <span class="date">2006-11-22 16:34</span>
  </dt>
  <dd>
    <p class="comment">
line up one option 
    </p>
    <p class="commitdetails"><strong>1</strong> lines of code changed in:</p>
    <ul class="commitdetails">
      <li>
        <strong>src/net/sf/statsvn</strong>:
        <a href="http://svn.sourceforge.net/viewvc/statsvn/trunk/statsvn/src/net/sf/statsvn/Main.java.diff?r1=155&amp;r2=158" class="webrepository">Main.java</a>&#160;<span class="change">(+1&#160;-1)</span>
      </li>
    </ul>
  </dd>

  <dt>
    <a href="user_benoitx.html" class="author">benoitx</a>
    <span class="date">2006-11-21 00:08</span>
  </dt>
  <dd>
    <p class="comment">
Attention... <br/>
StatSvn no longer contains the StatCvs code, instead it shall depend on statcvs-0.2.4.jar (or whichever version StatCvs shall use when they take our changes).<br/>
A fair amount of changes will make it to StatCvs in order to support xdoc (in StatCvs), XHTML generation and use of StringBuffers.<br/>
Jason will do the StatCvs checkin soon, in the meantime I include statcvs-0.2.4.jar in the lib directory. <br/>
Enjoy
    </p>
    <p class="commitdetails"><strong>460</strong> lines of code changed in:</p>
    <ul class="commitdetails">
      <li>
        <a href="http://svn.sourceforge.net/viewvc/statsvn/trunk/statsvn/.classpath.diff?r1=120&amp;r2=155" class="webrepository">.classpath</a>&#160;<span class="change">(+1)</span>,
        <a href="http://svn.sourceforge.net/viewvc/statsvn/trunk/statsvn/build.xml.diff?r1=153&amp;r2=155" class="webrepository">build.xml</a>&#160;<span class="change">(+6&#160;-4)</span>,
        <a href="http://svn.sourceforge.net/viewvc/statsvn/trunk/statsvn/project.properties.diff?r1=149&amp;r2=155" class="webrepository">project.properties</a>&#160;<span class="change">(+2&#160;-2)</span>,
        <a href="http://svn.sourceforge.net/viewvc/statsvn/trunk/statsvn/project.xml.diff?r1=149&amp;r2=155" class="webrepository">project.xml</a>&#160;<span class="change">(+18&#160;-7)</span>,
        <a href="http://svn.sourceforge.net/viewvc/statsvn/trunk/statsvn/qalab.xml.diff?r1=150&amp;r2=155" class="webrepository">qalab.xml</a>&#160;<span class="change">(+74)</span>
      </li>
      <li>
        <strong>lib</strong>:
        <a href="http://svn.sourceforge.net/viewvc/statsvn/trunk/statsvn/lib/statcvs-0.2.4.jar?rev=155&amp;content-type=text/vnd.viewcvs-markup" class="webrepository">statcvs-0.2.4.jar</a>&#160;<span class="new">(new)</span>
      </li>
      <li>
        <strong>site</strong>:
        <a href="http://svn.sourceforge.net/viewvc/statsvn/trunk/statsvn/site/changes.xml.diff?r1=149&amp;r2=155" class="webrepository">changes.xml</a>&#160;<span class="change">(+3)</span>
      </li>
      <li>
        <strong>src/net/sf/statsvn</strong>:
        <a href="http://svn.sourceforge.net/viewvc/statsvn/trunk/statsvn/src/net/sf/statsvn/Main.java.diff?r1=147&amp;r2=155" class="webrepository">Main.java</a>&#160;<span class="change">(+13&#160;-10)</span>,
        <a href="http://svn.sourceforge.net/viewvc/statsvn/trunk/statsvn/src/net/sf/statsvn/Messages.java?rev=144&amp;content-type=text/vnd.viewcvs-markup" class="webrepository">Messages.java</a>&#160;<span class="del">(del)</span>,
        <a href="http://svn.sourceforge.net/viewvc/statsvn/trunk/statsvn/src/net/sf/statsvn/logging-debug.properties.diff?r1=144&amp;r2=155" class="webrepository">logging-debug.properties</a>&#160;<span class="change">(+2&#160;-2)</span>,
        <a href="http://svn.sourceforge.net/viewvc/statsvn/trunk/statsvn/src/net/sf/statsvn/logging-verbose.properties.diff?r1=144&amp;r2=155" class="webrepository">logging-verbose.properties</a>&#160;<span class="change">(+2&#160;-2)</span>,
        <a href="http://svn.sourceforge.net/viewvc/statsvn/trunk/statsvn/src/net/sf/statsvn/logging.properties.diff?r1=143&amp;r2=155" class="webrepository">logging.properties</a>&#160;<span class="change">(+1&#160;-1)</span>,
        <a href="http://svn.sourceforge.net/viewvc/statsvn/trunk/statsvn/src/net/sf/statsvn/statcvs.properties.diff?r1=155&amp;r2=155" class="webrepository">statcvs.properties</a>&#160;<span class="change">(changed)</span>,
        <a href="http://svn.sourceforge.net/viewvc/statsvn/trunk/statsvn/src/net/sf/statsvn/web-files?rev=0.0&amp;content-type=text/vnd.viewcvs-markup" class="webrepository">web-files</a>&#160;<span class="del">(del)</span>
      </li>
      <li>
        <strong>src/net/sf/statsvn/ant</strong>:
        <a href="http://svn.sourceforge.net/viewvc/statsvn/trunk/statsvn/src/net/sf/statsvn/ant/StatCvsTask.java?rev=144&amp;content-type=text/vnd.viewcvs-markup" class="webrepository">StatCvsTask.java</a>&#160;<span class="del">(del)</span>,
        <a href="http://svn.sourceforge.net/viewvc/statsvn/trunk/statsvn/src/net/sf/statsvn/ant/StatSvnTask.java?rev=155&amp;content-type=text/vnd.viewcvs-markup" class="webrepository">StatSvnTask.java</a>&#160;<span class="new">(new&#160;62)</span>
      </li>
      <li>
        <strong>src/net/sf/statsvn/input</strong>:
        <a href="http://svn.sourceforge.net/viewvc/statsvn/trunk/statsvn/src/net/sf/statsvn/input/Builder.java.diff?r1=144&amp;r2=155" class="webrepository">Builder.java</a>&#160;<span class="change">(+11&#160;-8)</span>,
        <a href="http://svn.sourceforge.net/viewvc/statsvn/trunk/statsvn/src/net/sf/statsvn/input/CommitListBuilder.java?rev=144&amp;content-type=text/vnd.viewcvs-markup" class="webrepository">CommitListBuilder.java</a>&#160;<span class="del">(del)</span>,
        <a href="http://svn.sourceforge.net/viewvc/statsvn/trunk/statsvn/src/net/sf/statsvn/input/EmptyRepositoryException.java?rev=144&amp;content-type=text/vnd.viewcvs-markup" class="webrepository">EmptyRepositoryException.java</a>&#160;<span class="del">(del)</span>,
        <a href="http://svn.sourceforge.net/viewvc/statsvn/trunk/statsvn/src/net/sf/statsvn/input/FileBuilder.java.diff?r1=144&amp;r2=155" class="webrepository">FileBuilder.java</a>&#160;<span class="change">(+2&#160;-1)</span>,
        <a href="http://svn.sourceforge.net/viewvc/statsvn/trunk/statsvn/src/net/sf/statsvn/input/LogSyntaxException.java?rev=144&amp;content-type=text/vnd.viewcvs-markup" class="webrepository">LogSyntaxException.java</a>&#160;<span class="del">(del)</span>,
        <a href="http://svn.sourceforge.net/viewvc/statsvn/trunk/statsvn/src/net/sf/statsvn/input/NoLineCountException.java?rev=144&amp;content-type=text/vnd.viewcvs-markup" class="webrepository">NoLineCountException.java</a>&#160;<span class="del">(del)</span>,
        <a href="http://svn.sourceforge.net/viewvc/statsvn/trunk/statsvn/src/net/sf/statsvn/input/RepositoryFileManager.java.diff?r1=144&amp;r2=155" class="webrepository">RepositoryFileManager.java</a>&#160;<span class="change">(+3&#160;-1)</span>,
        <a href="http://svn.sourceforge.net/viewvc/statsvn/trunk/statsvn/src/net/sf/statsvn/input/SvnLogfileParser.java.diff?r1=144&amp;r2=155" class="webrepository">SvnLogfileParser.java</a>&#160;<span class="change">(+4&#160;-3)</span>
      </li>
      <li>
        <strong>src/net/sf/statsvn/model</strong>:
        <a href="http://svn.sourceforge.net/viewvc/statsvn/trunk/statsvn/src/net/sf/statsvn/model/Author.java?rev=144&amp;content-type=text/vnd.viewcvs-markup" class="webrepository">Author.java</a>&#160;<span class="del">(del)</span>,
        <a href="http://svn.sourceforge.net/viewvc/statsvn/trunk/statsvn/src/net/sf/statsvn/model/Commit.java?rev=144&amp;content-type=text/vnd.viewcvs-markup" class="webrepository">Commit.java</a>&#160;<span class="del">(del)</span>,
        <a href="http://svn.sourceforge.net/viewvc/statsvn/trunk/statsvn/src/net/sf/statsvn/model/Directory.java?rev=144&amp;content-type=text/vnd.viewcvs-markup" class="webrepository">Directory.java</a>&#160;<span class="del">(del)</span>,
        <a href="http://svn.sourceforge.net/viewvc/statsvn/trunk/statsvn/src/net/sf/statsvn/model/DirectoryImpl.java?rev=144&amp;content-type=text/vnd.viewcvs-markup" class="webrepository">DirectoryImpl.java</a>&#160;<span class="del">(del)</span>,
        <a href="http://svn.sourceforge.net/viewvc/statsvn/trunk/statsvn/src/net/sf/statsvn/model/DirectoryRoot.java?rev=144&amp;content-type=text/vnd.viewcvs-markup" class="webrepository">DirectoryRoot.java</a>&#160;<span class="del">(del)</span>,
        <a href="http://svn.sourceforge.net/viewvc/statsvn/trunk/statsvn/src/net/sf/statsvn/model/Repository.java?rev=144&amp;content-type=text/vnd.viewcvs-markup" class="webrepository">Repository.java</a>&#160;<span class="del">(del)</span>,
        <a href="http://svn.sourceforge.net/viewvc/statsvn/trunk/statsvn/src/net/sf/statsvn/model/Revision.java?rev=144&amp;content-type=text/vnd.viewcvs-markup" class="webrepository">Revision.java</a>&#160;<span class="del">(del)</span>,
        <a href="http://svn.sourceforge.net/viewvc/statsvn/trunk/statsvn/src/net/sf/statsvn/model/SymbolicName.java?rev=144&amp;content-type=text/vnd.viewcvs-markup" class="webrepository">SymbolicName.java</a>&#160;<span class="del">(del)</span>,
        <a href="http://svn.sourceforge.net/viewvc/statsvn/trunk/statsvn/src/net/sf/statsvn/model/VersionedFile.java?rev=144&amp;content-type=text/vnd.viewcvs-markup" class="webrepository">VersionedFile.java</a>&#160;<span class="del">(del)</span>
      </li>
      <li>
        <strong>src/net/sf/statsvn/output</strong>:
        <a href="http://svn.sourceforge.net/viewvc/statsvn/trunk/statsvn/src/net/sf/statsvn/output/AuthorPage.java?rev=144&amp;content-type=text/vnd.viewcvs-markup" class="webrepository">AuthorPage.java</a>&#160;<span class="del">(del)</span>,
        <a href="http://svn.sourceforge.net/viewvc/statsvn/trunk/statsvn/src/net/sf/statsvn/output/BugzillaIntegration.java?rev=144&amp;content-type=text/vnd.viewcvs-markup" class="webrepository">BugzillaIntegration.java</a>&#160;<span class="del">(del)</span>,
        <a href="http://svn.sourceforge.net/viewvc/statsvn/trunk/statsvn/src/net/sf/statsvn/output/CPAPage.java?rev=144&amp;content-type=text/vnd.viewcvs-markup" class="webrepository">CPAPage.java</a>&#160;<span class="del">(del)</span>,
        <a href="http://svn.sourceforge.net/viewvc/statsvn/trunk/statsvn/src/net/sf/statsvn/output/ChoraIntegration.java.diff?r1=144&amp;r2=155" class="webrepository">ChoraIntegration.java</a>&#160;<span class="change">(+6&#160;-5)</span>,
        <a href="http://svn.sourceforge.net/viewvc/statsvn/trunk/statsvn/src/net/sf/statsvn/output/CommandLineParser.java?rev=144&amp;content-type=text/vnd.viewcvs-markup" class="webrepository">CommandLineParser.java</a>&#160;<span class="del">(del)</span>,
        <a href="http://svn.sourceforge.net/viewvc/statsvn/trunk/statsvn/src/net/sf/statsvn/output/CommitLogPage.java?rev=144&amp;content-type=text/vnd.viewcvs-markup" class="webrepository">CommitLogPage.java</a>&#160;<span class="del">(del)</span>,
        <a href="http://svn.sourceforge.net/viewvc/statsvn/trunk/statsvn/src/net/sf/statsvn/output/ConfigurationException.java?rev=144&amp;content-type=text/vnd.viewcvs-markup" class="webrepository">ConfigurationException.java</a>&#160;<span class="del">(del)</span>,
        <a href="http://svn.sourceforge.net/viewvc/statsvn/trunk/statsvn/src/net/sf/statsvn/output/ConfigurationOptions.java?rev=144&amp;content-type=text/vnd.viewcvs-markup" class="webrepository">ConfigurationOptions.java</a>&#160;<span class="del">(del)</span>,
        <a href="http://svn.sourceforge.net/viewvc/statsvn/trunk/statsvn/src/net/sf/statsvn/output/CssHandler.java?rev=144&amp;content-type=text/vnd.viewcvs-markup" class="webrepository">CssHandler.java</a>&#160;<span class="del">(del)</span>,
        <a href="http://svn.sourceforge.net/viewvc/statsvn/trunk/statsvn/src/net/sf/statsvn/output/DefaultCssHandler.java?rev=144&amp;content-type=text/vnd.viewcvs-markup" class="webrepository">DefaultCssHandler.java</a>&#160;<span class="del">(del)</span>,
        <a href="http://svn.sourceforge.net/viewvc/statsvn/trunk/statsvn/src/net/sf/statsvn/output/DirectorySizesPage.java?rev=144&amp;content-type=text/vnd.viewcvs-markup" class="webrepository">DirectorySizesPage.java</a>&#160;<span class="del">(del)</span>,
        <a href="http://svn.sourceforge.net/viewvc/statsvn/trunk/statsvn/src/net/sf/statsvn/output/FileSizesPage.java?rev=144&amp;content-type=text/vnd.viewcvs-markup" class="webrepository">FileSizesPage.java</a>&#160;<span class="del">(del)</span>,
        <a href="http://svn.sourceforge.net/viewvc/statsvn/trunk/statsvn/src/net/sf/statsvn/output/HTMLOutput.java?rev=147&amp;content-type=text/vnd.viewcvs-markup" class="webrepository">HTMLOutput.java</a>&#160;<span class="del">(del)</span>,
        <a href="http://svn.sourceforge.net/viewvc/statsvn/trunk/statsvn/src/net/sf/statsvn/output/HTMLPage.java?rev=147&amp;content-type=text/vnd.viewcvs-markup" class="webrepository">HTMLPage.java</a>&#160;<span class="del">(del)</span>,
        <a href="http://svn.sourceforge.net/viewvc/statsvn/trunk/statsvn/src/net/sf/statsvn/output/HTMLTagger.java?rev=144&amp;content-type=text/vnd.viewcvs-markup" class="webrepository">HTMLTagger.java</a>&#160;<span class="del">(del)</span>,
        <a href="http://svn.sourceforge.net/viewvc/statsvn/trunk/statsvn/src/net/sf/statsvn/output/IndexPage.java?rev=144&amp;content-type=text/vnd.viewcvs-markup" class="webrepository">IndexPage.java</a>&#160;<span class="del">(del)</span>,
        <a href="http://svn.sourceforge.net/viewvc/statsvn/trunk/statsvn/src/net/sf/statsvn/output/LOCPage.java?rev=144&amp;content-type=text/vnd.viewcvs-markup" class="webrepository">LOCPage.java</a>&#160;<span class="del">(del)</span>,
        <a href="http://svn.sourceforge.net/viewvc/statsvn/trunk/statsvn/src/net/sf/statsvn/output/LOCSeriesBuilder.java?rev=144&amp;content-type=text/vnd.viewcvs-markup" class="webrepository">LOCSeriesBuilder.java</a>&#160;<span class="del">(del)</span>,
        <a href="http://svn.sourceforge.net/viewvc/statsvn/trunk/statsvn/src/net/sf/statsvn/output/LocalFileCssHandler.java?rev=144&amp;content-type=text/vnd.viewcvs-markup" class="webrepository">LocalFileCssHandler.java</a>&#160;<span class="del">(del)</span>,
        <a href="http://svn.sourceforge.net/viewvc/statsvn/trunk/statsvn/src/net/sf/statsvn/output/ModulePage.java?rev=144&amp;content-type=text/vnd.viewcvs-markup" class="webrepository">ModulePage.java</a>&#160;<span class="del">(del)</span>,
        <a href="http://svn.sourceforge.net/viewvc/statsvn/trunk/statsvn/src/net/sf/statsvn/output/NoFilesPage.java?rev=144&amp;content-type=text/vnd.viewcvs-markup" class="webrepository">NoFilesPage.java</a>&#160;<span class="del">(del)</span>,
        <a href="http://svn.sourceforge.net/viewvc/statsvn/trunk/statsvn/src/net/sf/statsvn/output/OutputRenderer.java?rev=144&amp;content-type=text/vnd.viewcvs-markup" class="webrepository">OutputRenderer.java</a>&#160;<span class="del">(del)</span>,
        <a href="http://svn.sourceforge.net/viewvc/statsvn/trunk/statsvn/src/net/sf/statsvn/output/SvnCommandLineParser.java?rev=155&amp;content-type=text/vnd.viewcvs-markup" class="webrepository">SvnCommandLineParser.java</a>&#160;<span class="new">(new&#160;83)</span>,
        <a href="http://svn.sourceforge.net/viewvc/statsvn/trunk/statsvn/src/net/sf/statsvn/output/SvnConfigurationOptions.java?rev=155&amp;content-type=text/vnd.viewcvs-markup" class="webrepository">SvnConfigurationOptions.java</a>&#160;<span class="new">(new&#160;122)</span>,
        <a href="http://svn.sourceforge.net/viewvc/statsvn/trunk/statsvn/src/net/sf/statsvn/output/UrlCssHandler.java?rev=144&amp;content-type=text/vnd.viewcvs-markup" class="webrepository">UrlCssHandler.java</a>&#160;<span class="del">(del)</span>,
        <a href="http://svn.sourceforge.net/viewvc/statsvn/trunk/statsvn/src/net/sf/statsvn/output/ViewVcIntegration.java?rev=144&amp;content-type=text/vnd.viewcvs-markup" class="webrepository">ViewVcIntegration.java</a>&#160;<span class="del">(del)</span>,
        <a href="http://svn.sourceforge.net/viewvc/statsvn/trunk/statsvn/src/net/sf/statsvn/output/WebBugtrackerIntegration.java?rev=144&amp;content-type=text/vnd.viewcvs-markup" class="webrepository">WebBugtrackerIntegration.java</a>&#160;<span class="del">(del)</span>,
        <a href="http://svn.sourceforge.net/viewvc/statsvn/trunk/statsvn/src/net/sf/statsvn/output/WebRepositoryIntegration.java?rev=144&amp;content-type=text/vnd.viewcvs-markup" class="webrepository">WebRepositoryIntegration.java</a>&#160;<span class="del">(del)</span>,
        <a href="http://svn.sourceforge.net/viewvc/statsvn/trunk/statsvn/src/net/sf/statsvn/output/XDocOutput.java?rev=147&amp;content-type=text/vnd.viewcvs-markup" class="webrepository">XDocOutput.java</a>&#160;<span class="del">(del)</span>
      </li>
      <li>
        <strong>src/net/sf/statsvn/renderer</strong>:
        <a href="http://svn.sourceforge.net/viewvc/statsvn/trunk/statsvn/src/net/sf/statsvn/renderer/BarChart.java?rev=144&amp;content-type=text/vnd.viewcvs-markup" class="webrepository">BarChart.java</a>&#160;<span class="del">(del)</span>,
        <a href="http://svn.sourceforge.net/viewvc/statsvn/trunk/statsvn/src/net/sf/statsvn/renderer/Chart.java?rev=144&amp;content-type=text/vnd.viewcvs-markup" class="webrepository">Chart.java</a>&#160;<span class="del">(del)</span>,
        <a href="http://svn.sourceforge.net/viewvc/statsvn/trunk/statsvn/src/net/sf/statsvn/renderer/CombinedCommitScatterChart.java?rev=144&amp;content-type=text/vnd.viewcvs-markup" class="webrepository">CombinedCommitScatterChart.java</a>&#160;<span class="del">(del)</span>,
        <a href="http://svn.sourceforge.net/viewvc/statsvn/trunk/statsvn/src/net/sf/statsvn/renderer/CommitLogRenderer.java?rev=144&amp;content-type=text/vnd.viewcvs-markup" class="webrepository">CommitLogRenderer.java</a>&#160;<span class="del">(del)</span>,
        <a href="http://svn.sourceforge.net/viewvc/statsvn/trunk/statsvn/src/net/sf/statsvn/renderer/FileCollectionFormatter.java?rev=144&amp;content-type=text/vnd.viewcvs-markup" class="webrepository">FileCollectionFormatter.java</a>&#160;<span class="del">(del)</span>,
        <a href="http://svn.sourceforge.net/viewvc/statsvn/trunk/statsvn/src/net/sf/statsvn/renderer/HTMLTableCellRenderer.java?rev=144&amp;content-type=text/vnd.viewcvs-markup" class="webrepository">HTMLTableCellRenderer.java</a>&#160;<span class="del">(del)</span>,
        <a href="http://svn.sourceforge.net/viewvc/statsvn/trunk/statsvn/src/net/sf/statsvn/renderer/LOCChart.java?rev=144&amp;content-type=text/vnd.viewcvs-markup" class="webrepository">LOCChart.java</a>&#160;<span class="del">(del)</span>,
        <a href="http://svn.sourceforge.net/viewvc/statsvn/trunk/statsvn/src/net/sf/statsvn/renderer/PieChart.java?rev=144&amp;content-type=text/vnd.viewcvs-markup" class="webrepository">PieChart.java</a>&#160;<span class="del">(del)</span>,
        <a href="http://svn.sourceforge.net/viewvc/statsvn/trunk/statsvn/src/net/sf/statsvn/renderer/PointXYRenderer.java?rev=144&amp;content-type=text/vnd.viewcvs-markup" class="webrepository">PointXYRenderer.java</a>&#160;<span class="del">(del)</span>,
        <a href="http://svn.sourceforge.net/viewvc/statsvn/trunk/statsvn/src/net/sf/statsvn/renderer/StackedBarChart.java?rev=144&amp;content-type=text/vnd.viewcvs-markup" class="webrepository">StackedBarChart.java</a>&#160;<span class="del">(del)</span>,
        <a href="http://svn.sourceforge.net/viewvc/statsvn/trunk/statsvn/src/net/sf/statsvn/renderer/SymbolicNameAnnotation.java?rev=144&amp;content-type=text/vnd.viewcvs-markup" class="webrepository">SymbolicNameAnnotation.java</a>&#160;<span class="del">(del)</span>,
        <a href="http://svn.sourceforge.net/viewvc/statsvn/trunk/statsvn/src/net/sf/statsvn/renderer/TableCellRenderer.java?rev=144&amp;content-type=text/vnd.viewcvs-markup" class="webrepository">TableCellRenderer.java</a>&#160;<span class="del">(del)</span>,
        <a href="http://svn.sourceforge.net/viewvc/statsvn/trunk/statsvn/src/net/sf/statsvn/renderer/TableRenderer.java?rev=144&amp;content-type=text/vnd.viewcvs-markup" class="webrepository">TableRenderer.java</a>&#160;<span class="del">(del)</span>,
        <a href="http://svn.sourceforge.net/viewvc/statsvn/trunk/statsvn/src/net/sf/statsvn/renderer/TimeLineChart.java?rev=144&amp;content-type=text/vnd.viewcvs-markup" class="webrepository">TimeLineChart.java</a>&#160;<span class="del">(del)</span>
      </li>
      <li>
        <strong>src/net/sf/statsvn/reportmodel</strong>:
        <a href="http://svn.sourceforge.net/viewvc/statsvn/trunk/statsvn/src/net/sf/statsvn/reportmodel/AuthorColumn.java?rev=144&amp;content-type=text/vnd.viewcvs-markup" class="webrepository">AuthorColumn.java</a>&#160;<span class="del">(del)</span>,
        <a href="http://svn.sourceforge.net/viewvc/statsvn/trunk/statsvn/src/net/sf/statsvn/reportmodel/Column.java?rev=144&amp;content-type=text/vnd.viewcvs-markup" class="webrepository">Column.java</a>&#160;<span class="del">(del)</span>,
        <a href="http://svn.sourceforge.net/viewvc/statsvn/trunk/statsvn/src/net/sf/statsvn/reportmodel/DirectoryColumn.java?rev=144&amp;content-type=text/vnd.viewcvs-markup" class="webrepository">DirectoryColumn.java</a>&#160;<span class="del">(del)</span>,
        <a href="http://svn.sourceforge.net/viewvc/statsvn/trunk/statsvn/src/net/sf/statsvn/reportmodel/FileColumn.java?rev=144&amp;content-type=text/vnd.viewcvs-markup" class="webrepository">FileColumn.java</a>&#160;<span class="del">(del)</span>,
        <a href="http://svn.sourceforge.net/viewvc/statsvn/trunk/statsvn/src/net/sf/statsvn/reportmodel/GenericColumn.java?rev=144&amp;content-type=text/vnd.viewcvs-markup" class="webrepository">GenericColumn.java</a>&#160;<span class="del">(del)</span>,
        <a href="http://svn.sourceforge.net/viewvc/statsvn/trunk/statsvn/src/net/sf/statsvn/reportmodel/HelperTimePoint.java?rev=144&amp;content-type=text/vnd.viewcvs-markup" class="webrepository">HelperTimePoint.java</a>&#160;<span class="del">(del)</span>,
        <a href="http://svn.sourceforge.net/viewvc/statsvn/trunk/statsvn/src/net/sf/statsvn/reportmodel/IntegerColumn.java?rev=144&amp;content-type=text/vnd.viewcvs-markup" class="webrepository">IntegerColumn.java</a>&#160;<span class="del">(del)</span>,
        <a href="http://svn.sourceforge.net/viewvc/statsvn/trunk/statsvn/src/net/sf/statsvn/reportmodel/RatioColumn.java?rev=144&amp;content-type=text/vnd.viewcvs-markup" class="webrepository">RatioColumn.java</a>&#160;<span class="del">(del)</span>,
        <a href="http://svn.sourceforge.net/viewvc/statsvn/trunk/statsvn/src/net/sf/statsvn/reportmodel/SimpleTextColumn.java?rev=144&amp;content-type=text/vnd.viewcvs-markup" class="webrepository">SimpleTextColumn.java</a>&#160;<span class="del">(del)</span>,
        <a href="http://svn.sourceforge.net/viewvc/statsvn/trunk/statsvn/src/net/sf/statsvn/reportmodel/Table.java?rev=144&amp;content-type=text/vnd.viewcvs-markup" class="webrepository">Table.java</a>&#160;<span class="del">(del)</span>,
        <a href="http://svn.sourceforge.net/viewvc/statsvn/trunk/statsvn/src/net/sf/statsvn/reportmodel/TimeLine.java?rev=144&amp;content-type=text/vnd.viewcvs-markup" class="webrepository">TimeLine.java</a>&#160;<span class="del">(del)</span>,
        <a href="http://svn.sourceforge.net/viewvc/statsvn/trunk/statsvn/src/net/sf/statsvn/reportmodel/TimePoint.java?rev=144&amp;content-type=text/vnd.viewcvs-markup" class="webrepository">TimePoint.java</a>&#160;<span class="del">(del)</span>
      </li>
      <li>
        <strong>src/net/sf/statsvn/reports</strong>:
        <a href="http://svn.sourceforge.net/viewvc/statsvn/trunk/statsvn/src/net/sf/statsvn/reports/AbstractLocTableReport.java?rev=144&amp;content-type=text/vnd.viewcvs-markup" class="webrepository">AbstractLocTableReport.java</a>&#160;<span class="del">(del)</span>,
        <a href="http://svn.sourceforge.net/viewvc/statsvn/trunk/statsvn/src/net/sf/statsvn/reports/AuthorsForDirectoryTableReport.java?rev=144&amp;content-type=text/vnd.viewcvs-markup" class="webrepository">AuthorsForDirectoryTableReport.java</a>&#160;<span class="del">(del)</span>,
        <a href="http://svn.sourceforge.net/viewvc/statsvn/trunk/statsvn/src/net/sf/statsvn/reports/AuthorsTableReport.java?rev=144&amp;content-type=text/vnd.viewcvs-markup" class="webrepository">AuthorsTableReport.java</a>&#160;<span class="del">(del)</span>,
        <a href="http://svn.sourceforge.net/viewvc/statsvn/trunk/statsvn/src/net/sf/statsvn/reports/AvgFileSizeTimeLineReport.java?rev=144&amp;content-type=text/vnd.viewcvs-markup" class="webrepository">AvgFileSizeTimeLineReport.java</a>&#160;<span class="del">(del)</span>,
        <a href="http://svn.sourceforge.net/viewvc/statsvn/trunk/statsvn/src/net/sf/statsvn/reports/DirectoriesForAuthorTableReport.java?rev=144&amp;content-type=text/vnd.viewcvs-markup" class="webrepository">DirectoriesForAuthorTableReport.java</a>&#160;<span class="del">(del)</span>,
        <a href="http://svn.sourceforge.net/viewvc/statsvn/trunk/statsvn/src/net/sf/statsvn/reports/DirectoriesTableReport.java?rev=144&amp;content-type=text/vnd.viewcvs-markup" class="webrepository">DirectoriesTableReport.java</a>&#160;<span class="del">(del)</span>,
        <a href="http://svn.sourceforge.net/viewvc/statsvn/trunk/statsvn/src/net/sf/statsvn/reports/FileCountTimeLineReport.java?rev=144&amp;content-type=text/vnd.viewcvs-markup" class="webrepository">FileCountTimeLineReport.java</a>&#160;<span class="del">(del)</span>,
        <a href="http://svn.sourceforge.net/viewvc/statsvn/trunk/statsvn/src/net/sf/statsvn/reports/FilesLocComparator.java?rev=144&amp;content-type=text/vnd.viewcvs-markup" class="webrepository">FilesLocComparator.java</a>&#160;<span class="del">(del)</span>,
        <a href="http://svn.sourceforge.net/viewvc/statsvn/trunk/statsvn/src/net/sf/statsvn/reports/FilesRevisionCountComparator.java?rev=144&amp;content-type=text/vnd.viewcvs-markup" class="webrepository">FilesRevisionCountComparator.java</a>&#160;<span class="del">(del)</span>,
        <a href="http://svn.sourceforge.net/viewvc/statsvn/trunk/statsvn/src/net/sf/statsvn/reports/FilesWithMostRevisionsTableReport.java?rev=144&amp;content-type=text/vnd.viewcvs-markup" class="webrepository">FilesWithMostRevisionsTableReport.java</a>&#160;<span class="del">(del)</span>,
        <a href="http://svn.sourceforge.net/viewvc/statsvn/trunk/statsvn/src/net/sf/statsvn/reports/LargestFilesTableReport.java?rev=144&amp;content-type=text/vnd.viewcvs-markup" class="webrepository">LargestFilesTableReport.java</a>&#160;<span class="del">(del)</span>,
        <a href="http://svn.sourceforge.net/viewvc/statsvn/trunk/statsvn/src/net/sf/statsvn/reports/TableReport.java?rev=144&amp;content-type=text/vnd.viewcvs-markup" class="webrepository">TableReport.java</a>&#160;<span class="del">(del)</span>,
        <a href="http://svn.sourceforge.net/viewvc/statsvn/trunk/statsvn/src/net/sf/statsvn/reports/TopAuthorsTableReport.java?rev=144&amp;content-type=text/vnd.viewcvs-markup" class="webrepository">TopAuthorsTableReport.java</a>&#160;<span class="del">(del)</span>
      </li>
      <li>
        <strong>src/net/sf/statsvn/util</strong>:
        <a href="http://svn.sourceforge.net/viewvc/statsvn/trunk/statsvn/src/net/sf/statsvn/util/ConsoleOutErrHandler.java?rev=144&amp;content-type=text/vnd.viewcvs-markup" class="webrepository">ConsoleOutErrHandler.java</a>&#160;<span class="del">(del)</span>,
        <a href="http://svn.sourceforge.net/viewvc/statsvn/trunk/statsvn/src/net/sf/statsvn/util/ConsoleOutHandler.java?rev=144&amp;content-type=text/vnd.viewcvs-markup" class="webrepository">ConsoleOutHandler.java</a>&#160;<span class="del">(del)</span>,
        <a href="http://svn.sourceforge.net/viewvc/statsvn/trunk/statsvn/src/net/sf/statsvn/util/FilePatternMatcher.java?rev=144&amp;content-type=text/vnd.viewcvs-markup" class="webrepository">FilePatternMatcher.java</a>&#160;<span class="del">(del)</span>,
        <a href="http://svn.sourceforge.net/viewvc/statsvn/trunk/statsvn/src/net/sf/statsvn/util/FileUtils.java?rev=144&amp;content-type=text/vnd.viewcvs-markup" class="webrepository">FileUtils.java</a>&#160;<span class="del">(del)</span>,
        <a href="http://svn.sourceforge.net/viewvc/statsvn/trunk/statsvn/src/net/sf/statsvn/util/IntegerMap.java?rev=144&amp;content-type=text/vnd.viewcvs-markup" class="webrepository">IntegerMap.java</a>&#160;<span class="del">(del)</span>,
        <a href="http://svn.sourceforge.net/viewvc/statsvn/trunk/statsvn/src/net/sf/statsvn/util/LogFormatter.java?rev=144&amp;content-type=text/vnd.viewcvs-markup" class="webrepository">LogFormatter.java</a>&#160;<span class="del">(del)</span>,
        <a href="http://svn.sourceforge.net/viewvc/statsvn/trunk/statsvn/src/net/sf/statsvn/util/LookaheadReader.java?rev=144&amp;content-type=text/vnd.viewcvs-markup" class="webrepository">LookaheadReader.java</a>&#160;<span class="del">(del)</span>,
        <a href="http://svn.sourceforge.net/viewvc/statsvn/trunk/statsvn/src/net/sf/statsvn/util/OutputUtils.java?rev=144&amp;content-type=text/vnd.viewcvs-markup" class="webrepository">OutputUtils.java</a>&#160;<span class="del">(del)</span>,
        <a href="http://svn.sourceforge.net/viewvc/statsvn/trunk/statsvn/src/net/sf/statsvn/util/ProcessUtils.java.diff?r1=144&amp;r2=155" class="webrepository">ProcessUtils.java</a>&#160;<span class="change">(+3&#160;-2)</span>,
        <a href="http://svn.sourceforge.net/viewvc/statsvn/trunk/statsvn/src/net/sf/statsvn/util/StatSvnConstants.java?rev=144&amp;content-type=text/vnd.viewcvs-markup" class="webrepository">StatSvnConstants.java</a>&#160;<span class="del">(del)</span>,
        <a href="http://svn.sourceforge.net/viewvc/statsvn/trunk/statsvn/src/net/sf/statsvn/util/SvnCommandHelper.java.diff?r1=144&amp;r2=155" class="webrepository">SvnCommandHelper.java</a>&#160;<span class="change">(+4&#160;-4)</span>,
        <a href="http://svn.sourceforge.net/viewvc/statsvn/trunk/statsvn/src/net/sf/statsvn/util/SvnDiffUtils.java.diff?r1=144&amp;r2=155" class="webrepository">SvnDiffUtils.java</a>&#160;<span class="change">(+2)</span>,
        <a href="http://svn.sourceforge.net/viewvc/statsvn/trunk/statsvn/src/net/sf/statsvn/util/SvnInfoUtils.java.diff?r1=144&amp;r2=155" class="webrepository">SvnInfoUtils.java</a>&#160;<span class="change">(+1&#160;-1)</span>,
        <a href="http://svn.sourceforge.net/viewvc/statsvn/trunk/statsvn/src/net/sf/statsvn/util/SvnPropgetUtils.java.diff?r1=144&amp;r2=155" class="webrepository">SvnPropgetUtils.java</a>&#160;<span class="change">(+2)</span>,
        <a href="http://svn.sourceforge.net/viewvc/statsvn/trunk/statsvn/src/net/sf/statsvn/util/SvnStartupUtils.java.diff?r1=144&amp;r2=155" class="webrepository">SvnStartupUtils.java</a>&#160;<span class="change">(+2)</span>
      </li>
      <li>
        <strong>tests-src/net/sf/statsvn</strong>:
        <a href="http://svn.sourceforge.net/viewvc/statsvn/trunk/statsvn/tests-src/net/sf/statsvn/AllTests.java.diff?r1=145&amp;r2=155" class="webrepository">AllTests.java</a>&#160;<span class="change">(-5)</span>
      </li>
      <li>
        <strong>tests-src/net/sf/statsvn/input</strong>:
        <a href="http://svn.sourceforge.net/viewvc/statsvn/trunk/statsvn/tests-src/net/sf/statsvn/input/BuilderTest.java.diff?r1=145&amp;r2=155" class="webrepository">BuilderTest.java</a>&#160;<span class="change">(+7&#160;-6)</span>,
        <a href="http://svn.sourceforge.net/viewvc/statsvn/trunk/statsvn/tests-src/net/sf/statsvn/input/CommitListBuilderTest.java.diff?r1=145&amp;r2=155" class="webrepository">CommitListBuilderTest.java</a>&#160;<span class="change">(+6&#160;-5)</span>,
        <a href="http://svn.sourceforge.net/viewvc/statsvn/trunk/statsvn/tests-src/net/sf/statsvn/input/DummyBuilder.java.diff?r1=145&amp;r2=155" class="webrepository">DummyBuilder.java</a>&#160;<span class="change">(+3&#160;-2)</span>,
        <a href="http://svn.sourceforge.net/viewvc/statsvn/trunk/statsvn/tests-src/net/sf/statsvn/input/DummyRepositoryFileManager.java.diff?r1=145&amp;r2=155" class="webrepository">DummyRepositoryFileManager.java</a>&#160;<span class="change">(+2)</span>,
        <a href="http://svn.sourceforge.net/viewvc/statsvn/trunk/statsvn/tests-src/net/sf/statsvn/input/FileBuilderTest.java.diff?r1=145&amp;r2=155" class="webrepository">FileBuilderTest.java</a>&#160;<span class="change">(+2&#160;-2)</span>,
        <a href="http://svn.sourceforge.net/viewvc/statsvn/trunk/statsvn/tests-src/net/sf/statsvn/input/LinesOfCodeTest.java.diff?r1=145&amp;r2=155" class="webrepository">LinesOfCodeTest.java</a>&#160;<span class="change">(+3&#160;-2)</span>,
        <a href="http://svn.sourceforge.net/viewvc/statsvn/trunk/statsvn/tests-src/net/sf/statsvn/input/ParserTest.java.diff?r1=145&amp;r2=155" class="webrepository">ParserTest.java</a>&#160;<span class="change">(+2&#160;-1)</span>,
        <a href="http://svn.sourceforge.net/viewvc/statsvn/trunk/statsvn/tests-src/net/sf/statsvn/input/SvnLogfileParserTest.java.diff?r1=150&amp;r2=155" class="webrepository">SvnLogfileParserTest.java</a>&#160;<span class="change">(+6&#160;-4)</span>
      </li>
      <li>
        <strong>tests-src/net/sf/statsvn/model</strong>:
        <a href="http://svn.sourceforge.net/viewvc/statsvn/trunk/statsvn/tests-src/net/sf/statsvn/model/AllTests.java?rev=145&amp;content-type=text/vnd.viewcvs-markup" class="webrepository">AllTests.java</a>&#160;<span class="del">(del)</span>,
        <a href="http://svn.sourceforge.net/viewvc/statsvn/trunk/statsvn/tests-src/net/sf/statsvn/model/AuthorTest.java?rev=145&amp;content-type=text/vnd.viewcvs-markup" class="webrepository">AuthorTest.java</a>&#160;<span class="del">(del)</span>,
        <a href="http://svn.sourceforge.net/viewvc/statsvn/trunk/statsvn/tests-src/net/sf/statsvn/model/CommitTest.java?rev=145&amp;content-type=text/vnd.viewcvs-markup" class="webrepository">CommitTest.java</a>&#160;<span class="del">(del)</span>,
        <a href="http://svn.sourceforge.net/viewvc/statsvn/trunk/statsvn/tests-src/net/sf/statsvn/model/DirectoryTest.java?rev=145&amp;content-type=text/vnd.viewcvs-markup" class="webrepository">DirectoryTest.java</a>&#160;<span class="del">(del)</span>,
        <a href="http://svn.sourceforge.net/viewvc/statsvn/trunk/statsvn/tests-src/net/sf/statsvn/model/RepositoryTest.java?rev=145&amp;content-type=text/vnd.viewcvs-markup" class="webrepository">RepositoryTest.java</a>&#160;<span class="del">(del)</span>,
        <a href="http://svn.sourceforge.net/viewvc/statsvn/trunk/statsvn/tests-src/net/sf/statsvn/model/RevisionTest.java?rev=145&amp;content-type=text/vnd.viewcvs-markup" class="webrepository">RevisionTest.java</a>&#160;<span class="del">(del)</span>,
        <a href="http://svn.sourceforge.net/viewvc/statsvn/trunk/statsvn/tests-src/net/sf/statsvn/model/VersionedFileTest.java?rev=145&amp;content-type=text/vnd.viewcvs-markup" class="webrepository">VersionedFileTest.java</a>&#160;<span class="del">(del)</span>
      </li>
      <li>
        <strong>tests-src/net/sf/statsvn/output</strong>:
        <a href="http://svn.sourceforge.net/viewvc/statsvn/trunk/statsvn/tests-src/net/sf/statsvn/output/AllTests.java?rev=145&amp;content-type=text/vnd.viewcvs-markup" class="webrepository">AllTests.java</a>&#160;<span class="del">(del)</span>,
        <a href="http://svn.sourceforge.net/viewvc/statsvn/trunk/statsvn/tests-src/net/sf/statsvn/output/WebRepositoryIntegrationTest.java?rev=145&amp;content-type=text/vnd.viewcvs-markup" class="webrepository">WebRepositoryIntegrationTest.java</a>&#160;<span class="del">(del)</span>
      </li>
      <li>
        <strong>tests-src/net/sf/statsvn/renderer</strong>:
        <a href="http://svn.sourceforge.net/viewvc/statsvn/trunk/statsvn/tests-src/net/sf/statsvn/renderer/AllTests.java?rev=145&amp;content-type=text/vnd.viewcvs-markup" class="webrepository">AllTests.java</a>&#160;<span class="del">(del)</span>,
        <a href="http://svn.sourceforge.net/viewvc/statsvn/trunk/statsvn/tests-src/net/sf/statsvn/renderer/FileCollectionFormatterTest.java?rev=145&amp;content-type=text/vnd.viewcvs-markup" class="webrepository">FileCollectionFormatterTest.java</a>&#160;<span class="del">(del)</span>
      </li>
      <li>
        <strong>tests-src/net/sf/statsvn/reportmodel</strong>:
        <a href="http://svn.sourceforge.net/viewvc/statsvn/trunk/statsvn/tests-src/net/sf/statsvn/reportmodel/AllTests.java?rev=145&amp;content-type=text/vnd.viewcvs-markup" class="webrepository">AllTests.java</a>&#160;<span class="del">(del)</span>,
        <a href="http://svn.sourceforge.net/viewvc/statsvn/trunk/statsvn/tests-src/net/sf/statsvn/reportmodel/TimeLineTest.java?rev=145&amp;content-type=text/vnd.viewcvs-markup" class="webrepository">TimeLineTest.java</a>&#160;<span class="del">(del)</span>
      </li>
      <li>
        <strong>tests-src/net/sf/statsvn/util</strong>:
        <a href="http://svn.sourceforge.net/viewvc/statsvn/trunk/statsvn/tests-src/net/sf/statsvn/util/AllTests.java?rev=145&amp;content-type=text/vnd.viewcvs-markup" class="webrepository">AllTests.java</a>&#160;<span class="del">(del)</span>,
        <a href="http://svn.sourceforge.net/viewvc/statsvn/trunk/statsvn/tests-src/net/sf/statsvn/util/FilePatternMatcherTest.java?rev=145&amp;content-type=text/vnd.viewcvs-markup" class="webrepository">FilePatternMatcherTest.java</a>&#160;<span class="del">(del)</span>,
        <a href="http://svn.sourceforge.net/viewvc/statsvn/trunk/statsvn/tests-src/net/sf/statsvn/util/FileUtilsTest.java?rev=145&amp;content-type=text/vnd.viewcvs-markup" class="webrepository">FileUtilsTest.java</a>&#160;<span class="del">(del)</span>,
        <a href="http://svn.sourceforge.net/viewvc/statsvn/trunk/statsvn/tests-src/net/sf/statsvn/util/IntegerMapTest.java?rev=145&amp;content-type=text/vnd.viewcvs-markup" class="webrepository">IntegerMapTest.java</a>&#160;<span class="del">(del)</span>,
        <a href="http://svn.sourceforge.net/viewvc/statsvn/trunk/statsvn/tests-src/net/sf/statsvn/util/LookaheadReaderTest.java?rev=145&amp;content-type=text/vnd.viewcvs-markup" class="webrepository">LookaheadReaderTest.java</a>&#160;<span class="del">(del)</span>,
        <a href="http://svn.sourceforge.net/viewvc/statsvn/trunk/statsvn/tests-src/net/sf/statsvn/util/OutputUtilsTest.java?rev=145&amp;content-type=text/vnd.viewcvs-markup" class="webrepository">OutputUtilsTest.java</a>&#160;<span class="del">(del)</span>,
        <a href="http://svn.sourceforge.net/viewvc/statsvn/trunk/statsvn/tests-src/net/sf/statsvn/util/SvnInfoUtilsTest.java?rev=145&amp;content-type=text/vnd.viewcvs-markup" class="webrepository">SvnInfoUtilsTest.java</a>&#160;<span class="del">(del)</span>
      </li>
    </ul>
  </dd>

  <dt>
    <a href="user_benoitx.html" class="author">benoitx</a>
    <span class="date">2006-11-20 00:26</span>
  </dt>
  <dd>
    <p class="comment">
zip.source should not include the target from Maven.
    </p>
    <p class="commitdetails"><strong>1</strong> lines of code changed in:</p>
    <ul class="commitdetails">
      <li>
        <a href="http://svn.sourceforge.net/viewvc/statsvn/trunk/statsvn/build.xml.diff?r1=146&amp;r2=153" class="webrepository">build.xml</a>&#160;<span class="change">(+1&#160;-1)</span>
      </li>
    </ul>
  </dd>

</dl>

<p>(16 more)</p>
</subsection><div id="generatedby"><p>Generated by <a href="http://www.statsvn.org">StatSVN</a> 0.2.0</p>
</div>
</section></body>
</document>