<document>
  <properties>
    <title>On the web...</title>
  </properties>
  <head>
    <meta name="description"
	content="Mentions of the StatSVN."
	/>

    <meta name="keywords"
        content="Statistics for your Repository" />
    <meta name="Subject" content="Statistics for your source repository" />
    <meta name="Copyright" content="ObjectLab Financial Ltd and StatSVN Team" />
    <meta name="Language" content="English" />
    <meta name="Designer" content="ObjectLab Financial Ltd" />
    <meta name="Distribution" content="Global" />
    <meta name="robots" content="ALL"/>
    <meta name="Revisit-After" content="20 Days" />
  </head>
  <body>
    <!-- The body of the document contains a number of sections -->
    <section name="0.2.0">

    <p>Here are some snipets of what we found on the web about StatSVN</p>

    <subsection name="On the web">
	<ul>
		<li>The Official press release for <a href="press-release-0.2.0.txt">0.2.0</a>.</li>
	</ul>
    </subsection>

    <subsection name="The Server Side">
	<ul>
		<li>The Server Side <a href="http://www.theserverside.com/news/thread.tss?thread_id=43248">article</a></li>
		<li><a href="tss-homepage-0.2.0.png">The Server Side homepage as an image</a> as a <a href="tss-homepage-1.0.pdf">PDF</a></li>
	</ul>
    </subsection>

    <subsection name="Javalobby.org">
	<ul>
		<li>The JavaLobby <a href="http://www.javalobby.org/java/forums/t85094.html">article</a></li>
		<li><a href="javalobby-homepage-0.2.0.png">JavaLobby homepage as an image</a> as a <a href="javalobby-homepage-0.2.0.pdf">PDF</a></li>
	</ul>
    </subsection>

    </section>

  </body>
</document>