<?xml version="1.0" encoding="US-ASCII"?>
<document xmlns:lxslt="http://xml.apache.org/xslt">
<properties><title>Authors</title></properties>
<head>
    <meta http-equiv="Content-Type" content="text/html; charset=ISO-8859-1"/>
    <meta name="Generator" content="StatSVN v0.1.4"/>
    <link rel="stylesheet" href="objectlab-statcvs-xdoc.css" type="text/css"/>
  </head>

<body><section name="Authors">
<p><a href="index.html">back to main page</a></p>
  <table  class="statCvsTable" rules="groups" summary="All authors and the number of their changes and lines of code">
    <colgroup align="left"/>
    <colgroup align="right"/>
    <colgroup align="right"/>
    <colgroup align="right"/>
    <thead>
      <tr>
        <th>Author</th>
        <th>Changes</th>
        <th>Lines of Code</th>
        <th>Lines per Change</th>
      </tr>
    </thead>
    <tfoot>
      <tr>
        <th>Totals</th>
        <td>876 (100.0%)</td>
        <td>25022 (100.0%)</td>
        <td>28.5</td>
      </tr>
    </tfoot>
    <tbody>
      <tr  class="odd">
        <th><a href="user_benoitx.html" class="author">benoitx</a></th>
        <td>230 (26.3%)</td>
        <td>7349 (29.4%)</td>
        <td>31.9</td>
      </tr>
      <tr  class="even">
        <th><a href="user_gunterm.html" class="author">gunterm</a></th>
        <td>158 (18.0%)</td>
        <td>3576 (14.3%)</td>
        <td>22.6</td>
      </tr>
      <tr  class="odd">
        <th><a href="user_jkealey.html" class="author">jkealey</a></th>
        <td>289 (33.0%)</td>
        <td>10153 (40.6%)</td>
        <td>35.1</td>
      </tr>
      <tr  class="even">
        <th><a href="user_jpdaigle.html" class="author">jpdaigle</a></th>
        <td>199 (22.7%)</td>
        <td>3944 (15.8%)</td>
        <td>19.8</td>
      </tr>
    </tbody>
  </table>

<p>order by: <a href="authors.html">Lines of Code</a> / <strong>Name</strong>
</p>

<subsection name ="Lines of Code">
<p><img src="loc_per_author.png" width="640" height="480" alt=""/></p>
</subsection>
<subsection name ="Activity by Clock Time">
<p><img src="activity_time.png" width="500" height="300" alt=""/></p>
<p><img src="activity_day.png" width="500" height="300" alt=""/></p>

<subsection name ="Author Activity">
<p><img src="commitscatterauthors.png" alt=""/></p>
<p><img src="activity.png" alt=""/></p>
</subsection></subsection><div id="generatedby"><p>Generated by <a href="http://www.statsvn.org">StatSVN</a> v0.1.4</p>
</div>
</section></body>
</document>