<?xml version="1.0" encoding="US-ASCII"?>
<document xmlns:lxslt="http://xml.apache.org/xslt">
<properties><title>Commit Log (Page 3 of 3)</title></properties>
<head>
    <meta http-equiv="Content-Type" content="text/html; charset=ISO-8859-1"/>
    <meta name="Generator" content="StatSVN v0.1.4"/>
    <link rel="stylesheet" href="objectlab-statcvs-xdoc.css" type="text/css"/>
  </head>

<body><section name="Commit Log (Page 3 of 3)">
<p><a href="index.html">back to main page</a></p>
<p>Pages: <a href="commit_log_page_2.html">&#171; Previous</a> <a href="commit_log.html">1</a> <a href="commit_log_page_2.html">2</a> 3 </p>
<p class="summaryperiod">
  Summary Period:
  <span class="date">2006-02-22</span> to
  <span class="date">2006-01-19</span>  (Commits 1-12 of 112)
</p>
<dl class="commitlist">
  <dt>
    <a href="user_jkealey.html" class="author">jkealey</a>
    <span class="date">2006-02-22 22:35</span>
  </dt>
  <dd>
    <p class="comment">
added explanation on ADMR
    </p>
    <p class="commitdetails"><strong>81</strong> lines of code changed in:</p>
    <ul class="commitdetails">
      <li>
        <strong>devdoc</strong>:
        <a href="http://svn.sourceforge.net/viewvc/statsvn/trunk/statsvn/devdoc/svnlog.xsd.diff?r1=11&amp;r2=17" class="webrepository">svnlog.xsd</a>&#160;<span class="change">(+81&#160;-72)</span>
      </li>
    </ul>
  </dd>

  <dt>
    <a href="user_jkealey.html" class="author">jkealey</a>
    <span class="date">2006-02-22 21:45</span>
  </dt>
  <dd>
    <p class="comment">
more work on handler, renamed cvslogutils
    </p>
    <p class="commitdetails"><strong>151</strong> lines of code changed in:</p>
    <ul class="commitdetails">
      <li>
        <strong>src/net/sf/statcvs/input</strong>:
        <a href="http://svn.sourceforge.net/viewvc/statsvn/trunk/statsvn/src/net/sf/statcvs/input/FileBlockParser.java?rev=16&amp;content-type=text/vnd.viewcvs-markup" class="webrepository">FileBlockParser.java</a>&#160;<span class="change">(+4&#160;-4)</span>,
        <a href="http://svn.sourceforge.net/viewvc/statsvn/trunk/statsvn/src/net/sf/statcvs/input/RevisionData.java?rev=16&amp;content-type=text/vnd.viewcvs-markup" class="webrepository">RevisionData.java</a>&#160;<span class="change">(+2&#160;-2)</span>,
        <a href="http://svn.sourceforge.net/viewvc/statsvn/trunk/statsvn/src/net/sf/statcvs/input/SvnXmlLogFileHandler.java?rev=16&amp;content-type=text/vnd.viewcvs-markup" class="webrepository">SvnXmlLogFileHandler.java</a>&#160;<span class="change">(+11)</span>
      </li>
      <li>
        <strong>src/net/sf/statcvs/util</strong>:
        <a href="http://svn.sourceforge.net/viewvc/statsvn/trunk/statsvn/src/net/sf/statcvs/util/CvsLogUtils.java?rev=5&amp;content-type=text/vnd.viewcvs-markup" class="webrepository">CvsLogUtils.java</a>&#160;<span class="del">(del)</span>,
        <a href="http://svn.sourceforge.net/viewvc/statsvn/trunk/statsvn/src/net/sf/statcvs/util/SvnLogUtils.java?rev=16&amp;content-type=text/vnd.viewcvs-markup" class="webrepository">SvnLogUtils.java</a>&#160;<span class="new">(new&#160;118)</span>
      </li>
      <li>
        <strong>tests-src/net/sf/statcvs/util</strong>:
        <a href="http://svn.sourceforge.net/viewvc/statsvn/trunk/statsvn/tests-src/net/sf/statcvs/util/CvsLogUtilsTest.java?rev=16&amp;content-type=text/vnd.viewcvs-markup" class="webrepository">CvsLogUtilsTest.java</a>&#160;<span class="change">(+16&#160;-16)</span>
      </li>
    </ul>
  </dd>

  <dt>
    <a href="user_jkealey.html" class="author">jkealey</a>
    <span class="date">2006-02-22 18:35</span>
  </dt>
  <dd>
    <p class="comment">
Utility class to convert xsd:DateTime to java.util.Date
    </p>
    <p class="commitdetails"><strong>157</strong> lines of code changed in:</p>
    <ul class="commitdetails">
      <li>
        <strong>src/net/sf/statcvs/input</strong>:
        <a href="http://svn.sourceforge.net/viewvc/statsvn/trunk/statsvn/src/net/sf/statcvs/input/SvnXmlLogFileHandler.java?rev=15&amp;content-type=text/vnd.viewcvs-markup" class="webrepository">SvnXmlLogFileHandler.java</a>&#160;<span class="change">(+140&#160;-135)</span>
      </li>
      <li>
        <strong>src/net/sf/statcvs/util</strong>:
        <a href="http://svn.sourceforge.net/viewvc/statsvn/trunk/statsvn/src/net/sf/statcvs/util/XMLUtil.java?rev=15&amp;content-type=text/vnd.viewcvs-markup" class="webrepository">XMLUtil.java</a>&#160;<span class="new">(new&#160;17)</span>
      </li>
    </ul>
  </dd>

  <dt>
    <a href="user_gunterm.html" class="author">gunterm</a>
    <span class="date">2006-02-21 22:58</span>
  </dt>
  <dd>
    <p class="comment">
first attempts at the XML parser
    </p>
    <p class="commitdetails"><strong>212</strong> lines of code changed in:</p>
    <ul class="commitdetails">
      <li>
        <a href="http://svn.sourceforge.net/viewvc/statsvn/trunk/statsvn/.classpath.diff?r1=13&amp;r2=14" class="webrepository">.classpath</a>&#160;<span class="change">(-1)</span>
      </li>
      <li>
        <strong>src/net/sf/statcvs</strong>:
        <a href="http://svn.sourceforge.net/viewvc/statsvn/trunk/statsvn/src/net/sf/statcvs/Main.java?rev=14&amp;content-type=text/vnd.viewcvs-markup" class="webrepository">Main.java</a>&#160;<span class="change">(+4&#160;-5)</span>,
        <a href="http://svn.sourceforge.net/viewvc/statsvn/trunk/statsvn/src/net/sf/statcvs/logging.properties?rev=14&amp;content-type=text/vnd.viewcvs-markup" class="webrepository">logging.properties</a>&#160;<span class="change">(+2&#160;-2)</span>
      </li>
      <li>
        <strong>src/net/sf/statcvs/input</strong>:
        <a href="http://svn.sourceforge.net/viewvc/statsvn/trunk/statsvn/src/net/sf/statcvs/input/Builder.java?rev=14&amp;content-type=text/vnd.viewcvs-markup" class="webrepository">Builder.java</a>&#160;<span class="change">(+1&#160;-1)</span>,
        <a href="http://svn.sourceforge.net/viewvc/statsvn/trunk/statsvn/src/net/sf/statcvs/input/SvnLogfileParser.java?rev=14&amp;content-type=text/vnd.viewcvs-markup" class="webrepository">SvnLogfileParser.java</a>&#160;<span class="change">(+62&#160;-45)</span>,
        <a href="http://svn.sourceforge.net/viewvc/statsvn/trunk/statsvn/src/net/sf/statcvs/input/SvnXmlLogFileHandler.java?rev=14&amp;content-type=text/vnd.viewcvs-markup" class="webrepository">SvnXmlLogFileHandler.java</a>&#160;<span class="new">(new&#160;135)</span>
      </li>
      <li>
        <strong>tests-src/net/sf/statcvs/input</strong>:
        <a href="http://svn.sourceforge.net/viewvc/statsvn/trunk/statsvn/tests-src/net/sf/statcvs/input/ParserTest.java?rev=14&amp;content-type=text/vnd.viewcvs-markup" class="webrepository">ParserTest.java</a>&#160;<span class="change">(+8&#160;-7)</span>
      </li>
    </ul>
  </dd>

  <dt>
    <a href="user_gunterm.html" class="author">gunterm</a>
    <span class="date">2006-02-21 20:23</span>
  </dt>
  <dd>
    <p class="comment">
renaming from CVS to abstract names or SVN; followed StatsCVS recommedations
    </p>
    <p class="commitdetails"><strong>797</strong> lines of code changed in:</p>
    <ul class="commitdetails">
      <li>
        <a href="http://svn.sourceforge.net/viewvc/statsvn/trunk/statsvn/.classpath.diff?r1=7&amp;r2=13" class="webrepository">.classpath</a>&#160;<span class="change">(+1)</span>
      </li>
      <li>
        <strong>src/net/sf/statcvs</strong>:
        <a href="http://svn.sourceforge.net/viewvc/statsvn/trunk/statsvn/src/net/sf/statcvs/Main.java?rev=13&amp;content-type=text/vnd.viewcvs-markup" class="webrepository">Main.java</a>&#160;<span class="change">(+4&#160;-4)</span>
      </li>
      <li>
        <strong>src/net/sf/statcvs/input</strong>:
        <a href="http://svn.sourceforge.net/viewvc/statsvn/trunk/statsvn/src/net/sf/statcvs/input/Builder.java?rev=13&amp;content-type=text/vnd.viewcvs-markup" class="webrepository">Builder.java</a>&#160;<span class="change">(+11&#160;-11)</span>,
        <a href="http://svn.sourceforge.net/viewvc/statsvn/trunk/statsvn/src/net/sf/statcvs/input/CommitListBuilder.java?rev=13&amp;content-type=text/vnd.viewcvs-markup" class="webrepository">CommitListBuilder.java</a>&#160;<span class="change">(+8&#160;-8)</span>,
        <a href="http://svn.sourceforge.net/viewvc/statsvn/trunk/statsvn/src/net/sf/statcvs/input/CvsFileBlockParser.java?rev=5&amp;content-type=text/vnd.viewcvs-markup" class="webrepository">CvsFileBlockParser.java</a>&#160;<span class="del">(del)</span>,
        <a href="http://svn.sourceforge.net/viewvc/statsvn/trunk/statsvn/src/net/sf/statcvs/input/CvsLogBuilder.java?rev=5&amp;content-type=text/vnd.viewcvs-markup" class="webrepository">CvsLogBuilder.java</a>&#160;<span class="del">(del)</span>,
        <a href="http://svn.sourceforge.net/viewvc/statsvn/trunk/statsvn/src/net/sf/statcvs/input/CvsLogfileParser.java?rev=5&amp;content-type=text/vnd.viewcvs-markup" class="webrepository">CvsLogfileParser.java</a>&#160;<span class="del">(del)</span>,
        <a href="http://svn.sourceforge.net/viewvc/statsvn/trunk/statsvn/src/net/sf/statcvs/input/CvsRevisionParser.java?rev=5&amp;content-type=text/vnd.viewcvs-markup" class="webrepository">CvsRevisionParser.java</a>&#160;<span class="del">(del)</span>,
        <a href="http://svn.sourceforge.net/viewvc/statsvn/trunk/statsvn/src/net/sf/statcvs/input/FileBlockParser.java?rev=13&amp;content-type=text/vnd.viewcvs-markup" class="webrepository">FileBlockParser.java</a>&#160;<span class="new">(new&#160;4)</span>,
        <a href="http://svn.sourceforge.net/viewvc/statsvn/trunk/statsvn/src/net/sf/statcvs/input/FileBuilder.java?rev=13&amp;content-type=text/vnd.viewcvs-markup" class="webrepository">FileBuilder.java</a>&#160;<span class="change">(+14&#160;-14)</span>,
        <a href="http://svn.sourceforge.net/viewvc/statsvn/trunk/statsvn/src/net/sf/statcvs/input/RevisionParser.java?rev=13&amp;content-type=text/vnd.viewcvs-markup" class="webrepository">RevisionParser.java</a>&#160;<span class="new">(new&#160;175)</span>,
        <a href="http://svn.sourceforge.net/viewvc/statsvn/trunk/statsvn/src/net/sf/statcvs/input/SvnLogBuilder.java?rev=13&amp;content-type=text/vnd.viewcvs-markup" class="webrepository">SvnLogBuilder.java</a>&#160;<span class="new">(new&#160;54)</span>,
        <a href="http://svn.sourceforge.net/viewvc/statsvn/trunk/statsvn/src/net/sf/statcvs/input/SvnLogfileParser.java?rev=13&amp;content-type=text/vnd.viewcvs-markup" class="webrepository">SvnLogfileParser.java</a>&#160;<span class="new">(new&#160;62)</span>,
        <a href="http://svn.sourceforge.net/viewvc/statsvn/trunk/statsvn/src/net/sf/statcvs/input/package.html?rev=13&amp;content-type=text/vnd.viewcvs-markup" class="webrepository">package.html</a>&#160;<span class="change">(+1&#160;-1)</span>
      </li>
      <li>
        <strong>src/net/sf/statcvs/model</strong>:
        <a href="http://svn.sourceforge.net/viewvc/statsvn/trunk/statsvn/src/net/sf/statcvs/model/Author.java?rev=13&amp;content-type=text/vnd.viewcvs-markup" class="webrepository">Author.java</a>&#160;<span class="change">(+4&#160;-4)</span>,
        <a href="http://svn.sourceforge.net/viewvc/statsvn/trunk/statsvn/src/net/sf/statcvs/model/Commit.java?rev=13&amp;content-type=text/vnd.viewcvs-markup" class="webrepository">Commit.java</a>&#160;<span class="change">(+9&#160;-9)</span>,
        <a href="http://svn.sourceforge.net/viewvc/statsvn/trunk/statsvn/src/net/sf/statcvs/model/CvsContent.java?rev=5&amp;content-type=text/vnd.viewcvs-markup" class="webrepository">CvsContent.java</a>&#160;<span class="del">(del)</span>,
        <a href="http://svn.sourceforge.net/viewvc/statsvn/trunk/statsvn/src/net/sf/statcvs/model/CvsFile.java?rev=5&amp;content-type=text/vnd.viewcvs-markup" class="webrepository">CvsFile.java</a>&#160;<span class="del">(del)</span>,
        <a href="http://svn.sourceforge.net/viewvc/statsvn/trunk/statsvn/src/net/sf/statcvs/model/CvsRevision.java?rev=5&amp;content-type=text/vnd.viewcvs-markup" class="webrepository">CvsRevision.java</a>&#160;<span class="del">(del)</span>,
        <a href="http://svn.sourceforge.net/viewvc/statsvn/trunk/statsvn/src/net/sf/statcvs/model/Directory.java?rev=13&amp;content-type=text/vnd.viewcvs-markup" class="webrepository">Directory.java</a>&#160;<span class="change">(+9&#160;-9)</span>,
        <a href="http://svn.sourceforge.net/viewvc/statsvn/trunk/statsvn/src/net/sf/statcvs/model/Repository.java?rev=13&amp;content-type=text/vnd.viewcvs-markup" class="webrepository">Repository.java</a>&#160;<span class="new">(new&#160;14)</span>,
        <a href="http://svn.sourceforge.net/viewvc/statsvn/trunk/statsvn/src/net/sf/statcvs/model/Revision.java?rev=13&amp;content-type=text/vnd.viewcvs-markup" class="webrepository">Revision.java</a>&#160;<span class="new">(new&#160;7)</span>,
        <a href="http://svn.sourceforge.net/viewvc/statsvn/trunk/statsvn/src/net/sf/statcvs/model/SymbolicName.java?rev=13&amp;content-type=text/vnd.viewcvs-markup" class="webrepository">SymbolicName.java</a>&#160;<span class="change">(+4&#160;-4)</span>,
        <a href="http://svn.sourceforge.net/viewvc/statsvn/trunk/statsvn/src/net/sf/statcvs/model/VersionedFile.java?rev=13&amp;content-type=text/vnd.viewcvs-markup" class="webrepository">VersionedFile.java</a>&#160;<span class="new">(new&#160;21)</span>,
        <a href="http://svn.sourceforge.net/viewvc/statsvn/trunk/statsvn/src/net/sf/statcvs/model/package.html?rev=13&amp;content-type=text/vnd.viewcvs-markup" class="webrepository">package.html</a>&#160;<span class="change">(+1&#160;-1)</span>
      </li>
      <li>
        <strong>src/net/sf/statcvs/output</strong>:
        <a href="http://svn.sourceforge.net/viewvc/statsvn/trunk/statsvn/src/net/sf/statcvs/output/AuthorPage.java?rev=13&amp;content-type=text/vnd.viewcvs-markup" class="webrepository">AuthorPage.java</a>&#160;<span class="change">(+6&#160;-6)</span>,
        <a href="http://svn.sourceforge.net/viewvc/statsvn/trunk/statsvn/src/net/sf/statcvs/output/CPAPage.java?rev=13&amp;content-type=text/vnd.viewcvs-markup" class="webrepository">CPAPage.java</a>&#160;<span class="change">(+2&#160;-2)</span>,
        <a href="http://svn.sourceforge.net/viewvc/statsvn/trunk/statsvn/src/net/sf/statcvs/output/ChoraIntegration.java?rev=13&amp;content-type=text/vnd.viewcvs-markup" class="webrepository">ChoraIntegration.java</a>&#160;<span class="change">(+9&#160;-9)</span>,
        <a href="http://svn.sourceforge.net/viewvc/statsvn/trunk/statsvn/src/net/sf/statcvs/output/CommitLogPage.java?rev=13&amp;content-type=text/vnd.viewcvs-markup" class="webrepository">CommitLogPage.java</a>&#160;<span class="change">(+2&#160;-2)</span>,
        <a href="http://svn.sourceforge.net/viewvc/statsvn/trunk/statsvn/src/net/sf/statcvs/output/CvswebIntegration.java?rev=13&amp;content-type=text/vnd.viewcvs-markup" class="webrepository">CvswebIntegration.java</a>&#160;<span class="change">(+10&#160;-10)</span>,
        <a href="http://svn.sourceforge.net/viewvc/statsvn/trunk/statsvn/src/net/sf/statcvs/output/DirectorySizesPage.java?rev=13&amp;content-type=text/vnd.viewcvs-markup" class="webrepository">DirectorySizesPage.java</a>&#160;<span class="change">(+3&#160;-3)</span>,
        <a href="http://svn.sourceforge.net/viewvc/statsvn/trunk/statsvn/src/net/sf/statcvs/output/FileSizesPage.java?rev=13&amp;content-type=text/vnd.viewcvs-markup" class="webrepository">FileSizesPage.java</a>&#160;<span class="change">(+5&#160;-5)</span>,
        <a href="http://svn.sourceforge.net/viewvc/statsvn/trunk/statsvn/src/net/sf/statcvs/output/HTMLOutput.java?rev=13&amp;content-type=text/vnd.viewcvs-markup" class="webrepository">HTMLOutput.java</a>&#160;<span class="change">(+9&#160;-9)</span>,
        <a href="http://svn.sourceforge.net/viewvc/statsvn/trunk/statsvn/src/net/sf/statcvs/output/HTMLPage.java?rev=13&amp;content-type=text/vnd.viewcvs-markup" class="webrepository">HTMLPage.java</a>&#160;<span class="change">(+4&#160;-4)</span>,
        <a href="http://svn.sourceforge.net/viewvc/statsvn/trunk/statsvn/src/net/sf/statcvs/output/HTMLTagger.java?rev=13&amp;content-type=text/vnd.viewcvs-markup" class="webrepository">HTMLTagger.java</a>&#160;<span class="change">(+2&#160;-2)</span>,
        <a href="http://svn.sourceforge.net/viewvc/statsvn/trunk/statsvn/src/net/sf/statcvs/output/IndexPage.java?rev=13&amp;content-type=text/vnd.viewcvs-markup" class="webrepository">IndexPage.java</a>&#160;<span class="change">(+3&#160;-3)</span>,
        <a href="http://svn.sourceforge.net/viewvc/statsvn/trunk/statsvn/src/net/sf/statcvs/output/LOCPage.java?rev=13&amp;content-type=text/vnd.viewcvs-markup" class="webrepository">LOCPage.java</a>&#160;<span class="change">(+3&#160;-3)</span>,
        <a href="http://svn.sourceforge.net/viewvc/statsvn/trunk/statsvn/src/net/sf/statcvs/output/LOCSeriesBuilder.java?rev=13&amp;content-type=text/vnd.viewcvs-markup" class="webrepository">LOCSeriesBuilder.java</a>&#160;<span class="change">(+2&#160;-2)</span>,
        <a href="http://svn.sourceforge.net/viewvc/statsvn/trunk/statsvn/src/net/sf/statcvs/output/ModulePage.java?rev=13&amp;content-type=text/vnd.viewcvs-markup" class="webrepository">ModulePage.java</a>&#160;<span class="change">(+9&#160;-9)</span>,
        <a href="http://svn.sourceforge.net/viewvc/statsvn/trunk/statsvn/src/net/sf/statcvs/output/NoFilesPage.java?rev=13&amp;content-type=text/vnd.viewcvs-markup" class="webrepository">NoFilesPage.java</a>&#160;<span class="change">(+3&#160;-3)</span>,
        <a href="http://svn.sourceforge.net/viewvc/statsvn/trunk/statsvn/src/net/sf/statcvs/output/ViewCvsIntegration.java?rev=13&amp;content-type=text/vnd.viewcvs-markup" class="webrepository">ViewCvsIntegration.java</a>&#160;<span class="change">(+10&#160;-10)</span>,
        <a href="http://svn.sourceforge.net/viewvc/statsvn/trunk/statsvn/src/net/sf/statcvs/output/WebRepositoryIntegration.java?rev=13&amp;content-type=text/vnd.viewcvs-markup" class="webrepository">WebRepositoryIntegration.java</a>&#160;<span class="change">(+7&#160;-7)</span>
      </li>
      <li>
        <strong>src/net/sf/statcvs/renderer</strong>:
        <a href="http://svn.sourceforge.net/viewvc/statsvn/trunk/statsvn/src/net/sf/statcvs/renderer/BarChart.java?rev=13&amp;content-type=text/vnd.viewcvs-markup" class="webrepository">BarChart.java</a>&#160;<span class="change">(+3&#160;-3)</span>,
        <a href="http://svn.sourceforge.net/viewvc/statsvn/trunk/statsvn/src/net/sf/statcvs/renderer/CommitLogRenderer.java?rev=13&amp;content-type=text/vnd.viewcvs-markup" class="webrepository">CommitLogRenderer.java</a>&#160;<span class="change">(+7&#160;-7)</span>,
        <a href="http://svn.sourceforge.net/viewvc/statsvn/trunk/statsvn/src/net/sf/statcvs/renderer/HTMLTableCellRenderer.java?rev=13&amp;content-type=text/vnd.viewcvs-markup" class="webrepository">HTMLTableCellRenderer.java</a>&#160;<span class="change">(+2&#160;-2)</span>,
        <a href="http://svn.sourceforge.net/viewvc/statsvn/trunk/statsvn/src/net/sf/statcvs/renderer/PieChart.java?rev=13&amp;content-type=text/vnd.viewcvs-markup" class="webrepository">PieChart.java</a>&#160;<span class="change">(+7&#160;-7)</span>,
        <a href="http://svn.sourceforge.net/viewvc/statsvn/trunk/statsvn/src/net/sf/statcvs/renderer/StackedBarChart.java?rev=13&amp;content-type=text/vnd.viewcvs-markup" class="webrepository">StackedBarChart.java</a>&#160;<span class="change">(+6&#160;-6)</span>,
        <a href="http://svn.sourceforge.net/viewvc/statsvn/trunk/statsvn/src/net/sf/statcvs/renderer/TableCellRenderer.java?rev=13&amp;content-type=text/vnd.viewcvs-markup" class="webrepository">TableCellRenderer.java</a>&#160;<span class="change">(+2&#160;-2)</span>
      </li>
      <li>
        <strong>src/net/sf/statcvs/reportmodel</strong>:
        <a href="http://svn.sourceforge.net/viewvc/statsvn/trunk/statsvn/src/net/sf/statcvs/reportmodel/FileColumn.java?rev=13&amp;content-type=text/vnd.viewcvs-markup" class="webrepository">FileColumn.java</a>&#160;<span class="change">(+2&#160;-2)</span>
      </li>
      <li>
        <strong>src/net/sf/statcvs/reports</strong>:
        <a href="http://svn.sourceforge.net/viewvc/statsvn/trunk/statsvn/src/net/sf/statcvs/reports/AbstractLocTableReport.java?rev=13&amp;content-type=text/vnd.viewcvs-markup" class="webrepository">AbstractLocTableReport.java</a>&#160;<span class="change">(+7&#160;-7)</span>,
        <a href="http://svn.sourceforge.net/viewvc/statsvn/trunk/statsvn/src/net/sf/statcvs/reports/AuthorsForDirectoryTableReport.java?rev=13&amp;content-type=text/vnd.viewcvs-markup" class="webrepository">AuthorsForDirectoryTableReport.java</a>&#160;<span class="change">(+2&#160;-2)</span>,
        <a href="http://svn.sourceforge.net/viewvc/statsvn/trunk/statsvn/src/net/sf/statcvs/reports/AuthorsTableReport.java?rev=13&amp;content-type=text/vnd.viewcvs-markup" class="webrepository">AuthorsTableReport.java</a>&#160;<span class="change">(+2&#160;-2)</span>,
        <a href="http://svn.sourceforge.net/viewvc/statsvn/trunk/statsvn/src/net/sf/statcvs/reports/AvgFileSizeTimeLineReport.java?rev=13&amp;content-type=text/vnd.viewcvs-markup" class="webrepository">AvgFileSizeTimeLineReport.java</a>&#160;<span class="change">(+5&#160;-5)</span>,
        <a href="http://svn.sourceforge.net/viewvc/statsvn/trunk/statsvn/src/net/sf/statcvs/reports/DirectoriesForAuthorTableReport.java?rev=13&amp;content-type=text/vnd.viewcvs-markup" class="webrepository">DirectoriesForAuthorTableReport.java</a>&#160;<span class="change">(+2&#160;-2)</span>,
        <a href="http://svn.sourceforge.net/viewvc/statsvn/trunk/statsvn/src/net/sf/statcvs/reports/DirectoriesTableReport.java?rev=13&amp;content-type=text/vnd.viewcvs-markup" class="webrepository">DirectoriesTableReport.java</a>&#160;<span class="change">(+2&#160;-2)</span>,
        <a href="http://svn.sourceforge.net/viewvc/statsvn/trunk/statsvn/src/net/sf/statcvs/reports/FileCountTimeLineReport.java?rev=13&amp;content-type=text/vnd.viewcvs-markup" class="webrepository">FileCountTimeLineReport.java</a>&#160;<span class="change">(+6&#160;-6)</span>,
        <a href="http://svn.sourceforge.net/viewvc/statsvn/trunk/statsvn/src/net/sf/statcvs/reports/FilesLocComparator.java?rev=13&amp;content-type=text/vnd.viewcvs-markup" class="webrepository">FilesLocComparator.java</a>&#160;<span class="change">(+3&#160;-3)</span>,
        <a href="http://svn.sourceforge.net/viewvc/statsvn/trunk/statsvn/src/net/sf/statcvs/reports/FilesRevisionCountComparator.java?rev=13&amp;content-type=text/vnd.viewcvs-markup" class="webrepository">FilesRevisionCountComparator.java</a>&#160;<span class="change">(+6&#160;-6)</span>,
        <a href="http://svn.sourceforge.net/viewvc/statsvn/trunk/statsvn/src/net/sf/statcvs/reports/FilesWithMostRevisionsTableReport.java?rev=13&amp;content-type=text/vnd.viewcvs-markup" class="webrepository">FilesWithMostRevisionsTableReport.java</a>&#160;<span class="change">(+3&#160;-3)</span>,
        <a href="http://svn.sourceforge.net/viewvc/statsvn/trunk/statsvn/src/net/sf/statcvs/reports/LargestFilesTableReport.java?rev=13&amp;content-type=text/vnd.viewcvs-markup" class="webrepository">LargestFilesTableReport.java</a>&#160;<span class="change">(+3&#160;-3)</span>,
        <a href="http://svn.sourceforge.net/viewvc/statsvn/trunk/statsvn/src/net/sf/statcvs/reports/TopAuthorsTableReport.java?rev=13&amp;content-type=text/vnd.viewcvs-markup" class="webrepository">TopAuthorsTableReport.java</a>&#160;<span class="change">(+2&#160;-2)</span>
      </li>
      <li>
        <strong>tests-src/net/sf/statcvs/input</strong>:
        <a href="http://svn.sourceforge.net/viewvc/statsvn/trunk/statsvn/tests-src/net/sf/statcvs/input/BuilderTest.java?rev=13&amp;content-type=text/vnd.viewcvs-markup" class="webrepository">BuilderTest.java</a>&#160;<span class="change">(+19&#160;-19)</span>,
        <a href="http://svn.sourceforge.net/viewvc/statsvn/trunk/statsvn/tests-src/net/sf/statcvs/input/CommitListBuilderTest.java?rev=13&amp;content-type=text/vnd.viewcvs-markup" class="webrepository">CommitListBuilderTest.java</a>&#160;<span class="change">(+25&#160;-25)</span>,
        <a href="http://svn.sourceforge.net/viewvc/statsvn/trunk/statsvn/tests-src/net/sf/statcvs/input/FileBlockParserTest.java?rev=13&amp;content-type=text/vnd.viewcvs-markup" class="webrepository">FileBlockParserTest.java</a>&#160;<span class="change">(+12&#160;-12)</span>,
        <a href="http://svn.sourceforge.net/viewvc/statsvn/trunk/statsvn/tests-src/net/sf/statcvs/input/FileBuilderTest.java?rev=13&amp;content-type=text/vnd.viewcvs-markup" class="webrepository">FileBuilderTest.java</a>&#160;<span class="change">(+8&#160;-8)</span>,
        <a href="http://svn.sourceforge.net/viewvc/statsvn/trunk/statsvn/tests-src/net/sf/statcvs/input/LinesOfCodeTest.java?rev=13&amp;content-type=text/vnd.viewcvs-markup" class="webrepository">LinesOfCodeTest.java</a>&#160;<span class="change">(+19&#160;-19)</span>,
        <a href="http://svn.sourceforge.net/viewvc/statsvn/trunk/statsvn/tests-src/net/sf/statcvs/input/MockLogBuilder.java?rev=13&amp;content-type=text/vnd.viewcvs-markup" class="webrepository">MockLogBuilder.java</a>&#160;<span class="change">(+5&#160;-5)</span>,
        <a href="http://svn.sourceforge.net/viewvc/statsvn/trunk/statsvn/tests-src/net/sf/statcvs/input/ParserTest.java?rev=13&amp;content-type=text/vnd.viewcvs-markup" class="webrepository">ParserTest.java</a>&#160;<span class="change">(+11&#160;-11)</span>
      </li>
      <li>
        <strong>tests-src/net/sf/statcvs/model</strong>:
        <a href="http://svn.sourceforge.net/viewvc/statsvn/trunk/statsvn/tests-src/net/sf/statcvs/model/AllTests.java?rev=13&amp;content-type=text/vnd.viewcvs-markup" class="webrepository">AllTests.java</a>&#160;<span class="change">(+2&#160;-2)</span>,
        <a href="http://svn.sourceforge.net/viewvc/statsvn/trunk/statsvn/tests-src/net/sf/statcvs/model/AuthorTest.java?rev=13&amp;content-type=text/vnd.viewcvs-markup" class="webrepository">AuthorTest.java</a>&#160;<span class="change">(+17&#160;-17)</span>,
        <a href="http://svn.sourceforge.net/viewvc/statsvn/trunk/statsvn/tests-src/net/sf/statcvs/model/CommitTest.java?rev=13&amp;content-type=text/vnd.viewcvs-markup" class="webrepository">CommitTest.java</a>&#160;<span class="change">(+19&#160;-19)</span>,
        <a href="http://svn.sourceforge.net/viewvc/statsvn/trunk/statsvn/tests-src/net/sf/statcvs/model/CvsContentTest.java?rev=5&amp;content-type=text/vnd.viewcvs-markup" class="webrepository">CvsContentTest.java</a>&#160;<span class="del">(del)</span>,
        <a href="http://svn.sourceforge.net/viewvc/statsvn/trunk/statsvn/tests-src/net/sf/statcvs/model/CvsFileTest.java?rev=5&amp;content-type=text/vnd.viewcvs-markup" class="webrepository">CvsFileTest.java</a>&#160;<span class="del">(del)</span>,
        <a href="http://svn.sourceforge.net/viewvc/statsvn/trunk/statsvn/tests-src/net/sf/statcvs/model/DirectoryTest.java?rev=13&amp;content-type=text/vnd.viewcvs-markup" class="webrepository">DirectoryTest.java</a>&#160;<span class="change">(+12&#160;-12)</span>,
        <a href="http://svn.sourceforge.net/viewvc/statsvn/trunk/statsvn/tests-src/net/sf/statcvs/model/RepositoryTest.java?rev=13&amp;content-type=text/vnd.viewcvs-markup" class="webrepository">RepositoryTest.java</a>&#160;<span class="new">(new&#160;23)</span>,
        <a href="http://svn.sourceforge.net/viewvc/statsvn/trunk/statsvn/tests-src/net/sf/statcvs/model/RevisionTest.java?rev=13&amp;content-type=text/vnd.viewcvs-markup" class="webrepository">RevisionTest.java</a>&#160;<span class="change">(+8&#160;-8)</span>,
        <a href="http://svn.sourceforge.net/viewvc/statsvn/trunk/statsvn/tests-src/net/sf/statcvs/model/VersionedFileTest.java?rev=13&amp;content-type=text/vnd.viewcvs-markup" class="webrepository">VersionedFileTest.java</a>&#160;<span class="new">(new&#160;25)</span>
      </li>
      <li>
        <strong>tests-src/net/sf/statcvs/output</strong>:
        <a href="http://svn.sourceforge.net/viewvc/statsvn/trunk/statsvn/tests-src/net/sf/statcvs/output/WebRepositoryIntegrationTest.java?rev=13&amp;content-type=text/vnd.viewcvs-markup" class="webrepository">WebRepositoryIntegrationTest.java</a>&#160;<span class="change">(+28&#160;-28)</span>
      </li>
    </ul>
  </dd>

  <dt>
    <a href="user_jkealey.html" class="author">jkealey</a>
    <span class="date">2006-02-21 18:46</span>
  </dt>
  <dd>
    <p class="comment">
svn log dtd from subversion distribution
    </p>
    <p class="commitdetails"><strong>16</strong> lines of code changed in:</p>
    <ul class="commitdetails">
      <li>
        <strong>devdoc</strong>:
        <a href="http://svn.sourceforge.net/viewvc/statsvn/trunk/statsvn/devdoc/log.dtd?rev=12&amp;content-type=text/vnd.viewcvs-markup" class="webrepository">log.dtd</a>&#160;<span class="new">(new&#160;16)</span>
      </li>
    </ul>
  </dd>

  <dt>
    <a href="user_gunterm.html" class="author">gunterm</a>
    <span class="date">2006-02-21 18:43</span>
  </dt>
  <dd>
    <p class="comment">
added xsd file for svn-log
    </p>
    <p class="commitdetails"><strong>81</strong> lines of code changed in:</p>
    <ul class="commitdetails">
      <li>
        <strong>devdoc</strong>:
        <a href="http://svn.sourceforge.net/viewvc/statsvn/trunk/statsvn/devdoc/svnlog.xsd?rev=11&amp;content-type=text/vnd.viewcvs-markup" class="webrepository">svnlog.xsd</a>&#160;<span class="new">(new&#160;81)</span>
      </li>
    </ul>
  </dd>

  <dt>
    <a href="user_jkealey.html" class="author">jkealey</a>
    <span class="date">2006-02-13 15:34</span>
  </dt>
  <dd>
    <p class="comment">
changed a few strings; added svn update/log to the build script.
    </p>
    <p class="commitdetails"><strong>107</strong> lines of code changed in:</p>
    <ul class="commitdetails">
      <li>
        <a href="http://svn.sourceforge.net/viewvc/statsvn/trunk/statsvn/build.xml.diff?r1=9&amp;r2=10" class="webrepository">build.xml</a>&#160;<span class="change">(+104&#160;-98)</span>
      </li>
      <li>
        <strong>src/net/sf/statcvs</strong>:
        <a href="http://svn.sourceforge.net/viewvc/statsvn/trunk/statsvn/src/net/sf/statcvs/Main.java?rev=10&amp;content-type=text/vnd.viewcvs-markup" class="webrepository">Main.java</a>&#160;<span class="change">(+1&#160;-1)</span>,
        <a href="http://svn.sourceforge.net/viewvc/statsvn/trunk/statsvn/src/net/sf/statcvs/statcvs.properties?rev=10&amp;content-type=text/vnd.viewcvs-markup" class="webrepository">statcvs.properties</a>&#160;<span class="change">(+2&#160;-2)</span>
      </li>
    </ul>
  </dd>

  <dt>
    <a href="user_jkealey.html" class="author">jkealey</a>
    <span class="date">2006-02-13 15:18</span>
  </dt>
  <dd>
    <p class="comment">
changed archive name to statsvn
    </p>
    <p class="commitdetails"><strong>2</strong> lines of code changed in:</p>
    <ul class="commitdetails">
      <li>
        <a href="http://svn.sourceforge.net/viewvc/statsvn/trunk/statsvn/build.xml.diff?r1=5&amp;r2=9" class="webrepository">build.xml</a>&#160;<span class="change">(+2&#160;-2)</span>
      </li>
    </ul>
  </dd>

  <dt>
    <a href="user_jkealey.html" class="author">jkealey</a>
    <span class="date">2006-02-13 14:24</span>
  </dt>
  <dd>
    <p class="comment">
statsvn wasn't named properly in eclipse project
    </p>
    <p class="commitdetails"><strong>1</strong> lines of code changed in:</p>
    <ul class="commitdetails">
      <li>
        <a href="http://svn.sourceforge.net/viewvc/statsvn/trunk/statsvn/.project.diff?r1=7&amp;r2=8" class="webrepository">.project</a>&#160;<span class="change">(+1&#160;-1)</span>
      </li>
    </ul>
  </dd>

  <dt>
    <a href="user_jkealey.html" class="author">jkealey</a>
    <span class="date">2006-02-13 14:15</span>
  </dt>
  <dd>
    <p class="comment">
eclipse project files
    </p>
    <p class="commitdetails"><strong>28</strong> lines of code changed in:</p>
    <ul class="commitdetails">
      <li>
        <a href="http://svn.sourceforge.net/viewvc/statsvn/trunk/statsvn/.classpath?rev=7&amp;content-type=text/vnd.viewcvs-markup" class="webrepository">.classpath</a>&#160;<span class="new">(new&#160;11)</span>,
        <a href="http://svn.sourceforge.net/viewvc/statsvn/trunk/statsvn/.project?rev=7&amp;content-type=text/vnd.viewcvs-markup" class="webrepository">.project</a>&#160;<span class="new">(new&#160;17)</span>
      </li>
    </ul>
  </dd>

  <dt>
    <a href="user_jpdaigle.html" class="author">jpdaigle</a>
    <span class="date">2006-01-19 07:13</span>
  </dt>
  <dd>
    <p class="comment">
Initial statcvs project import
    </p>
    <p class="commitdetails"><strong>3734</strong> lines of code changed in:</p>
    <ul class="commitdetails">
      <li>
        <a href="http://svn.sourceforge.net/viewvc/statsvn/trunk/statsvn/build.xml?rev=5&amp;content-type=text/vnd.viewcvs-markup" class="webrepository">build.xml</a>&#160;<span class="new">(new&#160;194)</span>,
        <a href="http://svn.sourceforge.net/viewvc/statsvn/trunk/statsvn/maven.xml?rev=5&amp;content-type=text/vnd.viewcvs-markup" class="webrepository">maven.xml</a>&#160;<span class="new">(new&#160;47)</span>,
        <a href="http://svn.sourceforge.net/viewvc/statsvn/trunk/statsvn/project.properties?rev=5&amp;content-type=text/vnd.viewcvs-markup" class="webrepository">project.properties</a>&#160;<span class="new">(new&#160;30)</span>,
        <a href="http://svn.sourceforge.net/viewvc/statsvn/trunk/statsvn/project.xml?rev=5&amp;content-type=text/vnd.viewcvs-markup" class="webrepository">project.xml</a>&#160;<span class="new">(new&#160;175)</span>
      </li>
      <li>
        <strong>etc</strong>:
        <a href="http://svn.sourceforge.net/viewvc/statsvn/trunk/statsvn/etc/LICENSE?rev=5&amp;content-type=text/vnd.viewcvs-markup" class="webrepository">LICENSE</a>&#160;<span class="new">(new&#160;504)</span>,
        <a href="http://svn.sourceforge.net/viewvc/statsvn/trunk/statsvn/etc/README?rev=5&amp;content-type=text/vnd.viewcvs-markup" class="webrepository">README</a>&#160;<span class="new">(new&#160;28)</span>,
        <a href="http://svn.sourceforge.net/viewvc/statsvn/trunk/statsvn/etc/report-notes.txt?rev=5&amp;content-type=text/vnd.viewcvs-markup" class="webrepository">report-notes.txt</a>&#160;<span class="new">(new&#160;10)</span>
      </li>
      <li>
        <strong>lib</strong>:
        <a href="http://svn.sourceforge.net/viewvc/statsvn/trunk/statsvn/lib/ant.jar?rev=5&amp;content-type=text/vnd.viewcvs-markup" class="webrepository">ant.jar</a>&#160;<span class="new">(new)</span>,
        <a href="http://svn.sourceforge.net/viewvc/statsvn/trunk/statsvn/lib/jcommon-0.9.6.jar?rev=5&amp;content-type=text/vnd.viewcvs-markup" class="webrepository">jcommon-0.9.6.jar</a>&#160;<span class="new">(new)</span>,
        <a href="http://svn.sourceforge.net/viewvc/statsvn/trunk/statsvn/lib/jfreechart-0.9.21.jar?rev=5&amp;content-type=text/vnd.viewcvs-markup" class="webrepository">jfreechart-0.9.21.jar</a>&#160;<span class="new">(new)</span>,
        <a href="http://svn.sourceforge.net/viewvc/statsvn/trunk/statsvn/lib/junit.jar?rev=5&amp;content-type=text/vnd.viewcvs-markup" class="webrepository">junit.jar</a>&#160;<span class="new">(new)</span>
      </li>
      <li>
        <strong>src/net/sf/statcvs</strong>:
        <a href="http://svn.sourceforge.net/viewvc/statsvn/trunk/statsvn/src/net/sf/statcvs/Main.java?rev=5&amp;content-type=text/vnd.viewcvs-markup" class="webrepository">Main.java</a>&#160;<span class="new">(new&#160;61)</span>,
        <a href="http://svn.sourceforge.net/viewvc/statsvn/trunk/statsvn/src/net/sf/statcvs/Messages.java?rev=5&amp;content-type=text/vnd.viewcvs-markup" class="webrepository">Messages.java</a>&#160;<span class="new">(new&#160;3)</span>,
        <a href="http://svn.sourceforge.net/viewvc/statsvn/trunk/statsvn/src/net/sf/statcvs/logging-debug.properties?rev=5&amp;content-type=text/vnd.viewcvs-markup" class="webrepository">logging-debug.properties</a>&#160;<span class="new">(new)</span>,
        <a href="http://svn.sourceforge.net/viewvc/statsvn/trunk/statsvn/src/net/sf/statcvs/logging-verbose.properties?rev=5&amp;content-type=text/vnd.viewcvs-markup" class="webrepository">logging-verbose.properties</a>&#160;<span class="new">(new)</span>,
        <a href="http://svn.sourceforge.net/viewvc/statsvn/trunk/statsvn/src/net/sf/statcvs/logging.properties?rev=5&amp;content-type=text/vnd.viewcvs-markup" class="webrepository">logging.properties</a>&#160;<span class="new">(new&#160;2)</span>,
        <a href="http://svn.sourceforge.net/viewvc/statsvn/trunk/statsvn/src/net/sf/statcvs/package.html?rev=5&amp;content-type=text/vnd.viewcvs-markup" class="webrepository">package.html</a>&#160;<span class="new">(new)</span>,
        <a href="http://svn.sourceforge.net/viewvc/statsvn/trunk/statsvn/src/net/sf/statcvs/statcvs.properties?rev=5&amp;content-type=text/vnd.viewcvs-markup" class="webrepository">statcvs.properties</a>&#160;<span class="new">(new&#160;4)</span>
      </li>
      <li>
        <strong>src/net/sf/statcvs/ant</strong>:
        <a href="http://svn.sourceforge.net/viewvc/statsvn/trunk/statsvn/src/net/sf/statcvs/ant/StatCvsTask.java?rev=5&amp;content-type=text/vnd.viewcvs-markup" class="webrepository">StatCvsTask.java</a>&#160;<span class="new">(new&#160;54)</span>,
        <a href="http://svn.sourceforge.net/viewvc/statsvn/trunk/statsvn/src/net/sf/statcvs/ant/package.html?rev=5&amp;content-type=text/vnd.viewcvs-markup" class="webrepository">package.html</a>&#160;<span class="new">(new)</span>
      </li>
      <li>
        <strong>src/net/sf/statcvs/input</strong>:
        <a href="http://svn.sourceforge.net/viewvc/statsvn/trunk/statsvn/src/net/sf/statcvs/input/Builder.java?rev=5&amp;content-type=text/vnd.viewcvs-markup" class="webrepository">Builder.java</a>&#160;<span class="new">(new&#160;239)</span>,
        <a href="http://svn.sourceforge.net/viewvc/statsvn/trunk/statsvn/src/net/sf/statcvs/input/CommitListBuilder.java?rev=5&amp;content-type=text/vnd.viewcvs-markup" class="webrepository">CommitListBuilder.java</a>&#160;<span class="new">(new&#160;106)</span>,
        <a href="http://svn.sourceforge.net/viewvc/statsvn/trunk/statsvn/src/net/sf/statcvs/input/CvsFileBlockParser.java?rev=5&amp;content-type=text/vnd.viewcvs-markup" class="webrepository">CvsFileBlockParser.java</a>&#160;<span class="new">(new)</span>,
        <a href="http://svn.sourceforge.net/viewvc/statsvn/trunk/statsvn/src/net/sf/statcvs/input/CvsLogBuilder.java?rev=5&amp;content-type=text/vnd.viewcvs-markup" class="webrepository">CvsLogBuilder.java</a>&#160;<span class="new">(new)</span>,
        <a href="http://svn.sourceforge.net/viewvc/statsvn/trunk/statsvn/src/net/sf/statcvs/input/CvsLogfileParser.java?rev=5&amp;content-type=text/vnd.viewcvs-markup" class="webrepository">CvsLogfileParser.java</a>&#160;<span class="new">(new)</span>,
        <a href="http://svn.sourceforge.net/viewvc/statsvn/trunk/statsvn/src/net/sf/statcvs/input/CvsRevisionParser.java?rev=5&amp;content-type=text/vnd.viewcvs-markup" class="webrepository">CvsRevisionParser.java</a>&#160;<span class="new">(new)</span>,
        <a href="http://svn.sourceforge.net/viewvc/statsvn/trunk/statsvn/src/net/sf/statcvs/input/EmptyRepositoryException.java?rev=5&amp;content-type=text/vnd.viewcvs-markup" class="webrepository">EmptyRepositoryException.java</a>&#160;<span class="new">(new&#160;23)</span>,
        <a href="http://svn.sourceforge.net/viewvc/statsvn/trunk/statsvn/src/net/sf/statcvs/input/FileBuilder.java?rev=5&amp;content-type=text/vnd.viewcvs-markup" class="webrepository">FileBuilder.java</a>&#160;<span class="new">(new&#160;289)</span>,
        <a href="http://svn.sourceforge.net/viewvc/statsvn/trunk/statsvn/src/net/sf/statcvs/input/LogSyntaxException.java?rev=5&amp;content-type=text/vnd.viewcvs-markup" class="webrepository">LogSyntaxException.java</a>&#160;<span class="new">(new&#160;19)</span>,
        <a href="http://svn.sourceforge.net/viewvc/statsvn/trunk/statsvn/src/net/sf/statcvs/input/NoLineCountException.java?rev=5&amp;content-type=text/vnd.viewcvs-markup" class="webrepository">NoLineCountException.java</a>&#160;<span class="new">(new&#160;21)</span>,
        <a href="http://svn.sourceforge.net/viewvc/statsvn/trunk/statsvn/src/net/sf/statcvs/input/RepositoryFileManager.java?rev=5&amp;content-type=text/vnd.viewcvs-markup" class="webrepository">RepositoryFileManager.java</a>&#160;<span class="new">(new&#160;102)</span>,
        <a href="http://svn.sourceforge.net/viewvc/statsvn/trunk/statsvn/src/net/sf/statcvs/input/RevisionData.java?rev=5&amp;content-type=text/vnd.viewcvs-markup" class="webrepository">RevisionData.java</a>&#160;<span class="new">(new&#160;158)</span>,
        <a href="http://svn.sourceforge.net/viewvc/statsvn/trunk/statsvn/src/net/sf/statcvs/input/package.html?rev=5&amp;content-type=text/vnd.viewcvs-markup" class="webrepository">package.html</a>&#160;<span class="new">(new&#160;16)</span>
      </li>
      <li>
        <strong>src/net/sf/statcvs/model</strong>:
        <a href="http://svn.sourceforge.net/viewvc/statsvn/trunk/statsvn/src/net/sf/statcvs/model/Author.java?rev=5&amp;content-type=text/vnd.viewcvs-markup" class="webrepository">Author.java</a>&#160;<span class="new">(new&#160;4)</span>,
        <a href="http://svn.sourceforge.net/viewvc/statsvn/trunk/statsvn/src/net/sf/statcvs/model/Commit.java?rev=5&amp;content-type=text/vnd.viewcvs-markup" class="webrepository">Commit.java</a>&#160;<span class="new">(new&#160;9)</span>,
        <a href="http://svn.sourceforge.net/viewvc/statsvn/trunk/statsvn/src/net/sf/statcvs/model/CvsContent.java?rev=5&amp;content-type=text/vnd.viewcvs-markup" class="webrepository">CvsContent.java</a>&#160;<span class="new">(new)</span>,
        <a href="http://svn.sourceforge.net/viewvc/statsvn/trunk/statsvn/src/net/sf/statcvs/model/CvsFile.java?rev=5&amp;content-type=text/vnd.viewcvs-markup" class="webrepository">CvsFile.java</a>&#160;<span class="new">(new)</span>,
        <a href="http://svn.sourceforge.net/viewvc/statsvn/trunk/statsvn/src/net/sf/statcvs/model/CvsRevision.java?rev=5&amp;content-type=text/vnd.viewcvs-markup" class="webrepository">CvsRevision.java</a>&#160;<span class="new">(new)</span>,
        <a href="http://svn.sourceforge.net/viewvc/statsvn/trunk/statsvn/src/net/sf/statcvs/model/Directory.java?rev=5&amp;content-type=text/vnd.viewcvs-markup" class="webrepository">Directory.java</a>&#160;<span class="new">(new&#160;18)</span>,
        <a href="http://svn.sourceforge.net/viewvc/statsvn/trunk/statsvn/src/net/sf/statcvs/model/DirectoryImpl.java?rev=5&amp;content-type=text/vnd.viewcvs-markup" class="webrepository">DirectoryImpl.java</a>&#160;<span class="new">(new&#160;1)</span>,
        <a href="http://svn.sourceforge.net/viewvc/statsvn/trunk/statsvn/src/net/sf/statcvs/model/DirectoryRoot.java?rev=5&amp;content-type=text/vnd.viewcvs-markup" class="webrepository">DirectoryRoot.java</a>&#160;<span class="new">(new)</span>,
        <a href="http://svn.sourceforge.net/viewvc/statsvn/trunk/statsvn/src/net/sf/statcvs/model/SymbolicName.java?rev=5&amp;content-type=text/vnd.viewcvs-markup" class="webrepository">SymbolicName.java</a>&#160;<span class="new">(new&#160;15)</span>,
        <a href="http://svn.sourceforge.net/viewvc/statsvn/trunk/statsvn/src/net/sf/statcvs/model/package.html?rev=5&amp;content-type=text/vnd.viewcvs-markup" class="webrepository">package.html</a>&#160;<span class="new">(new&#160;1)</span>
      </li>
      <li>
        <strong>src/net/sf/statcvs/output</strong>:
        <a href="http://svn.sourceforge.net/viewvc/statsvn/trunk/statsvn/src/net/sf/statcvs/output/AuthorPage.java?rev=5&amp;content-type=text/vnd.viewcvs-markup" class="webrepository">AuthorPage.java</a>&#160;<span class="new">(new&#160;19)</span>,
        <a href="http://svn.sourceforge.net/viewvc/statsvn/trunk/statsvn/src/net/sf/statcvs/output/CPAPage.java?rev=5&amp;content-type=text/vnd.viewcvs-markup" class="webrepository">CPAPage.java</a>&#160;<span class="new">(new&#160;8)</span>,
        <a href="http://svn.sourceforge.net/viewvc/statsvn/trunk/statsvn/src/net/sf/statcvs/output/ChoraIntegration.java?rev=5&amp;content-type=text/vnd.viewcvs-markup" class="webrepository">ChoraIntegration.java</a>&#160;<span class="new">(new&#160;35)</span>,
        <a href="http://svn.sourceforge.net/viewvc/statsvn/trunk/statsvn/src/net/sf/statcvs/output/CommandLineParser.java?rev=5&amp;content-type=text/vnd.viewcvs-markup" class="webrepository">CommandLineParser.java</a>&#160;<span class="new">(new&#160;8)</span>,
        <a href="http://svn.sourceforge.net/viewvc/statsvn/trunk/statsvn/src/net/sf/statcvs/output/CommitLogPage.java?rev=5&amp;content-type=text/vnd.viewcvs-markup" class="webrepository">CommitLogPage.java</a>&#160;<span class="new">(new&#160;4)</span>,
        <a href="http://svn.sourceforge.net/viewvc/statsvn/trunk/statsvn/src/net/sf/statcvs/output/ConfigurationException.java?rev=5&amp;content-type=text/vnd.viewcvs-markup" class="webrepository">ConfigurationException.java</a>&#160;<span class="new">(new)</span>,
        <a href="http://svn.sourceforge.net/viewvc/statsvn/trunk/statsvn/src/net/sf/statcvs/output/ConfigurationOptions.java?rev=5&amp;content-type=text/vnd.viewcvs-markup" class="webrepository">ConfigurationOptions.java</a>&#160;<span class="new">(new&#160;292)</span>,
        <a href="http://svn.sourceforge.net/viewvc/statsvn/trunk/statsvn/src/net/sf/statcvs/output/CssHandler.java?rev=5&amp;content-type=text/vnd.viewcvs-markup" class="webrepository">CssHandler.java</a>&#160;<span class="new">(new)</span>,
        <a href="http://svn.sourceforge.net/viewvc/statsvn/trunk/statsvn/src/net/sf/statcvs/output/CvswebIntegration.java?rev=5&amp;content-type=text/vnd.viewcvs-markup" class="webrepository">CvswebIntegration.java</a>&#160;<span class="new">(new&#160;10)</span>,
        <a href="http://svn.sourceforge.net/viewvc/statsvn/trunk/statsvn/src/net/sf/statcvs/output/DefaultCssHandler.java?rev=5&amp;content-type=text/vnd.viewcvs-markup" class="webrepository">DefaultCssHandler.java</a>&#160;<span class="new">(new&#160;2)</span>,
        <a href="http://svn.sourceforge.net/viewvc/statsvn/trunk/statsvn/src/net/sf/statcvs/output/DirectorySizesPage.java?rev=5&amp;content-type=text/vnd.viewcvs-markup" class="webrepository">DirectorySizesPage.java</a>&#160;<span class="new">(new&#160;4)</span>,
        <a href="http://svn.sourceforge.net/viewvc/statsvn/trunk/statsvn/src/net/sf/statcvs/output/FileSizesPage.java?rev=5&amp;content-type=text/vnd.viewcvs-markup" class="webrepository">FileSizesPage.java</a>&#160;<span class="new">(new&#160;10)</span>,
        <a href="http://svn.sourceforge.net/viewvc/statsvn/trunk/statsvn/src/net/sf/statcvs/output/HTMLOutput.java?rev=5&amp;content-type=text/vnd.viewcvs-markup" class="webrepository">HTMLOutput.java</a>&#160;<span class="new">(new&#160;114)</span>,
        <a href="http://svn.sourceforge.net/viewvc/statsvn/trunk/statsvn/src/net/sf/statcvs/output/HTMLPage.java?rev=5&amp;content-type=text/vnd.viewcvs-markup" class="webrepository">HTMLPage.java</a>&#160;<span class="new">(new&#160;28)</span>,
        <a href="http://svn.sourceforge.net/viewvc/statsvn/trunk/statsvn/src/net/sf/statcvs/output/HTMLTagger.java?rev=5&amp;content-type=text/vnd.viewcvs-markup" class="webrepository">HTMLTagger.java</a>&#160;<span class="new">(new&#160;9)</span>,
        <a href="http://svn.sourceforge.net/viewvc/statsvn/trunk/statsvn/src/net/sf/statcvs/output/IndexPage.java?rev=5&amp;content-type=text/vnd.viewcvs-markup" class="webrepository">IndexPage.java</a>&#160;<span class="new">(new&#160;15)</span>,
        <a href="http://svn.sourceforge.net/viewvc/statsvn/trunk/statsvn/src/net/sf/statcvs/output/LOCPage.java?rev=5&amp;content-type=text/vnd.viewcvs-markup" class="webrepository">LOCPage.java</a>&#160;<span class="new">(new&#160;7)</span>,
        <a href="http://svn.sourceforge.net/viewvc/statsvn/trunk/statsvn/src/net/sf/statcvs/output/LOCSeriesBuilder.java?rev=5&amp;content-type=text/vnd.viewcvs-markup" class="webrepository">LOCSeriesBuilder.java</a>&#160;<span class="new">(new&#160;3)</span>,
        <a href="http://svn.sourceforge.net/viewvc/statsvn/trunk/statsvn/src/net/sf/statcvs/output/LocalFileCssHandler.java?rev=5&amp;content-type=text/vnd.viewcvs-markup" class="webrepository">LocalFileCssHandler.java</a>&#160;<span class="new">(new&#160;6)</span>,
        <a href="http://svn.sourceforge.net/viewvc/statsvn/trunk/statsvn/src/net/sf/statcvs/output/ModulePage.java?rev=5&amp;content-type=text/vnd.viewcvs-markup" class="webrepository">ModulePage.java</a>&#160;<span class="new">(new&#160;29)</span>,
        <a href="http://svn.sourceforge.net/viewvc/statsvn/trunk/statsvn/src/net/sf/statcvs/output/NoFilesPage.java?rev=5&amp;content-type=text/vnd.viewcvs-markup" class="webrepository">NoFilesPage.java</a>&#160;<span class="new">(new&#160;3)</span>,
        <a href="http://svn.sourceforge.net/viewvc/statsvn/trunk/statsvn/src/net/sf/statcvs/output/UrlCssHandler.java?rev=5&amp;content-type=text/vnd.viewcvs-markup" class="webrepository">UrlCssHandler.java</a>&#160;<span class="new">(new&#160;1)</span>,
        <a href="http://svn.sourceforge.net/viewvc/statsvn/trunk/statsvn/src/net/sf/statcvs/output/ViewCvsIntegration.java?rev=5&amp;content-type=text/vnd.viewcvs-markup" class="webrepository">ViewCvsIntegration.java</a>&#160;<span class="new">(new&#160;10)</span>,
        <a href="http://svn.sourceforge.net/viewvc/statsvn/trunk/statsvn/src/net/sf/statcvs/output/WebRepositoryIntegration.java?rev=5&amp;content-type=text/vnd.viewcvs-markup" class="webrepository">WebRepositoryIntegration.java</a>&#160;<span class="new">(new&#160;7)</span>
      </li>
      <li>
        <strong>src/net/sf/statcvs/renderer</strong>:
        <a href="http://svn.sourceforge.net/viewvc/statsvn/trunk/statsvn/src/net/sf/statcvs/renderer/BarChart.java?rev=5&amp;content-type=text/vnd.viewcvs-markup" class="webrepository">BarChart.java</a>&#160;<span class="new">(new&#160;8)</span>,
        <a href="http://svn.sourceforge.net/viewvc/statsvn/trunk/statsvn/src/net/sf/statcvs/renderer/Chart.java?rev=5&amp;content-type=text/vnd.viewcvs-markup" class="webrepository">Chart.java</a>&#160;<span class="new">(new&#160;8)</span>,
        <a href="http://svn.sourceforge.net/viewvc/statsvn/trunk/statsvn/src/net/sf/statcvs/renderer/CombinedCommitScatterChart.java?rev=5&amp;content-type=text/vnd.viewcvs-markup" class="webrepository">CombinedCommitScatterChart.java</a>&#160;<span class="new">(new&#160;28)</span>,
        <a href="http://svn.sourceforge.net/viewvc/statsvn/trunk/statsvn/src/net/sf/statcvs/renderer/CommitLogRenderer.java?rev=5&amp;content-type=text/vnd.viewcvs-markup" class="webrepository">CommitLogRenderer.java</a>&#160;<span class="new">(new&#160;64)</span>,
        <a href="http://svn.sourceforge.net/viewvc/statsvn/trunk/statsvn/src/net/sf/statcvs/renderer/FileCollectionFormatter.java?rev=5&amp;content-type=text/vnd.viewcvs-markup" class="webrepository">FileCollectionFormatter.java</a>&#160;<span class="new">(new&#160;28)</span>,
        <a href="http://svn.sourceforge.net/viewvc/statsvn/trunk/statsvn/src/net/sf/statcvs/renderer/HTMLTableCellRenderer.java?rev=5&amp;content-type=text/vnd.viewcvs-markup" class="webrepository">HTMLTableCellRenderer.java</a>&#160;<span class="new">(new&#160;2)</span>,
        <a href="http://svn.sourceforge.net/viewvc/statsvn/trunk/statsvn/src/net/sf/statcvs/renderer/LOCChart.java?rev=5&amp;content-type=text/vnd.viewcvs-markup" class="webrepository">LOCChart.java</a>&#160;<span class="new">(new&#160;18)</span>,
        <a href="http://svn.sourceforge.net/viewvc/statsvn/trunk/statsvn/src/net/sf/statcvs/renderer/PieChart.java?rev=5&amp;content-type=text/vnd.viewcvs-markup" class="webrepository">PieChart.java</a>&#160;<span class="new">(new&#160;14)</span>,
        <a href="http://svn.sourceforge.net/viewvc/statsvn/trunk/statsvn/src/net/sf/statcvs/renderer/PointXYRenderer.java?rev=5&amp;content-type=text/vnd.viewcvs-markup" class="webrepository">PointXYRenderer.java</a>&#160;<span class="new">(new)</span>,
        <a href="http://svn.sourceforge.net/viewvc/statsvn/trunk/statsvn/src/net/sf/statcvs/renderer/StackedBarChart.java?rev=5&amp;content-type=text/vnd.viewcvs-markup" class="webrepository">StackedBarChart.java</a>&#160;<span class="new">(new&#160;17)</span>,
        <a href="http://svn.sourceforge.net/viewvc/statsvn/trunk/statsvn/src/net/sf/statcvs/renderer/SymbolicNameAnnotation.java?rev=5&amp;content-type=text/vnd.viewcvs-markup" class="webrepository">SymbolicNameAnnotation.java</a>&#160;<span class="new">(new&#160;11)</span>,
        <a href="http://svn.sourceforge.net/viewvc/statsvn/trunk/statsvn/src/net/sf/statcvs/renderer/TableCellRenderer.java?rev=5&amp;content-type=text/vnd.viewcvs-markup" class="webrepository">TableCellRenderer.java</a>&#160;<span class="new">(new&#160;2)</span>,
        <a href="http://svn.sourceforge.net/viewvc/statsvn/trunk/statsvn/src/net/sf/statcvs/renderer/TableRenderer.java?rev=5&amp;content-type=text/vnd.viewcvs-markup" class="webrepository">TableRenderer.java</a>&#160;<span class="new">(new&#160;31)</span>,
        <a href="http://svn.sourceforge.net/viewvc/statsvn/trunk/statsvn/src/net/sf/statcvs/renderer/TimeLineChart.java?rev=5&amp;content-type=text/vnd.viewcvs-markup" class="webrepository">TimeLineChart.java</a>&#160;<span class="new">(new&#160;13)</span>
      </li>
      <li>
        <strong>src/net/sf/statcvs/reportmodel</strong>:
        <a href="http://svn.sourceforge.net/viewvc/statsvn/trunk/statsvn/src/net/sf/statcvs/reportmodel/AuthorColumn.java?rev=5&amp;content-type=text/vnd.viewcvs-markup" class="webrepository">AuthorColumn.java</a>&#160;<span class="new">(new&#160;1)</span>,
        <a href="http://svn.sourceforge.net/viewvc/statsvn/trunk/statsvn/src/net/sf/statcvs/reportmodel/Column.java?rev=5&amp;content-type=text/vnd.viewcvs-markup" class="webrepository">Column.java</a>&#160;<span class="new">(new)</span>,
        <a href="http://svn.sourceforge.net/viewvc/statsvn/trunk/statsvn/src/net/sf/statcvs/reportmodel/DirectoryColumn.java?rev=5&amp;content-type=text/vnd.viewcvs-markup" class="webrepository">DirectoryColumn.java</a>&#160;<span class="new">(new&#160;1)</span>,
        <a href="http://svn.sourceforge.net/viewvc/statsvn/trunk/statsvn/src/net/sf/statcvs/reportmodel/FileColumn.java?rev=5&amp;content-type=text/vnd.viewcvs-markup" class="webrepository">FileColumn.java</a>&#160;<span class="new">(new&#160;2)</span>,
        <a href="http://svn.sourceforge.net/viewvc/statsvn/trunk/statsvn/src/net/sf/statcvs/reportmodel/GenericColumn.java?rev=5&amp;content-type=text/vnd.viewcvs-markup" class="webrepository">GenericColumn.java</a>&#160;<span class="new">(new&#160;6)</span>,
        <a href="http://svn.sourceforge.net/viewvc/statsvn/trunk/statsvn/src/net/sf/statcvs/reportmodel/HelperTimePoint.java?rev=5&amp;content-type=text/vnd.viewcvs-markup" class="webrepository">HelperTimePoint.java</a>&#160;<span class="new">(new&#160;5)</span>,
        <a href="http://svn.sourceforge.net/viewvc/statsvn/trunk/statsvn/src/net/sf/statcvs/reportmodel/IntegerColumn.java?rev=5&amp;content-type=text/vnd.viewcvs-markup" class="webrepository">IntegerColumn.java</a>&#160;<span class="new">(new&#160;10)</span>,
        <a href="http://svn.sourceforge.net/viewvc/statsvn/trunk/statsvn/src/net/sf/statcvs/reportmodel/RatioColumn.java?rev=5&amp;content-type=text/vnd.viewcvs-markup" class="webrepository">RatioColumn.java</a>&#160;<span class="new">(new&#160;6)</span>,
        <a href="http://svn.sourceforge.net/viewvc/statsvn/trunk/statsvn/src/net/sf/statcvs/reportmodel/SimpleTextColumn.java?rev=5&amp;content-type=text/vnd.viewcvs-markup" class="webrepository">SimpleTextColumn.java</a>&#160;<span class="new">(new&#160;1)</span>,
        <a href="http://svn.sourceforge.net/viewvc/statsvn/trunk/statsvn/src/net/sf/statcvs/reportmodel/Table.java?rev=5&amp;content-type=text/vnd.viewcvs-markup" class="webrepository">Table.java</a>&#160;<span class="new">(new&#160;6)</span>,
        <a href="http://svn.sourceforge.net/viewvc/statsvn/trunk/statsvn/src/net/sf/statcvs/reportmodel/TimeLine.java?rev=5&amp;content-type=text/vnd.viewcvs-markup" class="webrepository">TimeLine.java</a>&#160;<span class="new">(new&#160;9)</span>,
        <a href="http://svn.sourceforge.net/viewvc/statsvn/trunk/statsvn/src/net/sf/statcvs/reportmodel/TimePoint.java?rev=5&amp;content-type=text/vnd.viewcvs-markup" class="webrepository">TimePoint.java</a>&#160;<span class="new">(new&#160;1)</span>
      </li>
      <li>
        <strong>src/net/sf/statcvs/reports</strong>:
        <a href="http://svn.sourceforge.net/viewvc/statsvn/trunk/statsvn/src/net/sf/statcvs/reports/AbstractLocTableReport.java?rev=5&amp;content-type=text/vnd.viewcvs-markup" class="webrepository">AbstractLocTableReport.java</a>&#160;<span class="new">(new&#160;15)</span>,
        <a href="http://svn.sourceforge.net/viewvc/statsvn/trunk/statsvn/src/net/sf/statcvs/reports/AuthorsForDirectoryTableReport.java?rev=5&amp;content-type=text/vnd.viewcvs-markup" class="webrepository">AuthorsForDirectoryTableReport.java</a>&#160;<span class="new">(new&#160;2)</span>,
        <a href="http://svn.sourceforge.net/viewvc/statsvn/trunk/statsvn/src/net/sf/statcvs/reports/AuthorsTableReport.java?rev=5&amp;content-type=text/vnd.viewcvs-markup" class="webrepository">AuthorsTableReport.java</a>&#160;<span class="new">(new&#160;2)</span>,
        <a href="http://svn.sourceforge.net/viewvc/statsvn/trunk/statsvn/src/net/sf/statcvs/reports/AvgFileSizeTimeLineReport.java?rev=5&amp;content-type=text/vnd.viewcvs-markup" class="webrepository">AvgFileSizeTimeLineReport.java</a>&#160;<span class="new">(new&#160;6)</span>,
        <a href="http://svn.sourceforge.net/viewvc/statsvn/trunk/statsvn/src/net/sf/statcvs/reports/DirectoriesForAuthorTableReport.java?rev=5&amp;content-type=text/vnd.viewcvs-markup" class="webrepository">DirectoriesForAuthorTableReport.java</a>&#160;<span class="new">(new&#160;2)</span>,
        <a href="http://svn.sourceforge.net/viewvc/statsvn/trunk/statsvn/src/net/sf/statcvs/reports/DirectoriesTableReport.java?rev=5&amp;content-type=text/vnd.viewcvs-markup" class="webrepository">DirectoriesTableReport.java</a>&#160;<span class="new">(new&#160;2)</span>,
        <a href="http://svn.sourceforge.net/viewvc/statsvn/trunk/statsvn/src/net/sf/statcvs/reports/FileCountTimeLineReport.java?rev=5&amp;content-type=text/vnd.viewcvs-markup" class="webrepository">FileCountTimeLineReport.java</a>&#160;<span class="new">(new&#160;6)</span>,
        <a href="http://svn.sourceforge.net/viewvc/statsvn/trunk/statsvn/src/net/sf/statcvs/reports/FilesLocComparator.java?rev=5&amp;content-type=text/vnd.viewcvs-markup" class="webrepository">FilesLocComparator.java</a>&#160;<span class="new">(new&#160;3)</span>,
        <a href="http://svn.sourceforge.net/viewvc/statsvn/trunk/statsvn/src/net/sf/statcvs/reports/FilesRevisionCountComparator.java?rev=5&amp;content-type=text/vnd.viewcvs-markup" class="webrepository">FilesRevisionCountComparator.java</a>&#160;<span class="new">(new&#160;6)</span>,
        <a href="http://svn.sourceforge.net/viewvc/statsvn/trunk/statsvn/src/net/sf/statcvs/reports/FilesWithMostRevisionsTableReport.java?rev=5&amp;content-type=text/vnd.viewcvs-markup" class="webrepository">FilesWithMostRevisionsTableReport.java</a>&#160;<span class="new">(new&#160;4)</span>,
        <a href="http://svn.sourceforge.net/viewvc/statsvn/trunk/statsvn/src/net/sf/statcvs/reports/LargestFilesTableReport.java?rev=5&amp;content-type=text/vnd.viewcvs-markup" class="webrepository">LargestFilesTableReport.java</a>&#160;<span class="new">(new&#160;4)</span>,
        <a href="http://svn.sourceforge.net/viewvc/statsvn/trunk/statsvn/src/net/sf/statcvs/reports/TableReport.java?rev=5&amp;content-type=text/vnd.viewcvs-markup" class="webrepository">TableReport.java</a>&#160;<span class="new">(new)</span>,
        <a href="http://svn.sourceforge.net/viewvc/statsvn/trunk/statsvn/src/net/sf/statcvs/reports/TopAuthorsTableReport.java?rev=5&amp;content-type=text/vnd.viewcvs-markup" class="webrepository">TopAuthorsTableReport.java</a>&#160;<span class="new">(new&#160;4)</span>
      </li>
      <li>
        <strong>src/net/sf/statcvs/util</strong>:
        <a href="http://svn.sourceforge.net/viewvc/statsvn/trunk/statsvn/src/net/sf/statcvs/util/ConsoleOutErrHandler.java?rev=5&amp;content-type=text/vnd.viewcvs-markup" class="webrepository">ConsoleOutErrHandler.java</a>&#160;<span class="new">(new&#160;3)</span>,
        <a href="http://svn.sourceforge.net/viewvc/statsvn/trunk/statsvn/src/net/sf/statcvs/util/ConsoleOutHandler.java?rev=5&amp;content-type=text/vnd.viewcvs-markup" class="webrepository">ConsoleOutHandler.java</a>&#160;<span class="new">(new&#160;1)</span>,
        <a href="http://svn.sourceforge.net/viewvc/statsvn/trunk/statsvn/src/net/sf/statcvs/util/CvsLogUtils.java?rev=5&amp;content-type=text/vnd.viewcvs-markup" class="webrepository">CvsLogUtils.java</a>&#160;<span class="new">(new)</span>,
        <a href="http://svn.sourceforge.net/viewvc/statsvn/trunk/statsvn/src/net/sf/statcvs/util/FilePatternMatcher.java?rev=5&amp;content-type=text/vnd.viewcvs-markup" class="webrepository">FilePatternMatcher.java</a>&#160;<span class="new">(new&#160;13)</span>,
        <a href="http://svn.sourceforge.net/viewvc/statsvn/trunk/statsvn/src/net/sf/statcvs/util/FileUtils.java?rev=5&amp;content-type=text/vnd.viewcvs-markup" class="webrepository">FileUtils.java</a>&#160;<span class="new">(new&#160;84)</span>,
        <a href="http://svn.sourceforge.net/viewvc/statsvn/trunk/statsvn/src/net/sf/statcvs/util/IntegerMap.java?rev=5&amp;content-type=text/vnd.viewcvs-markup" class="webrepository">IntegerMap.java</a>&#160;<span class="new">(new&#160;18)</span>,
        <a href="http://svn.sourceforge.net/viewvc/statsvn/trunk/statsvn/src/net/sf/statcvs/util/LogFormatter.java?rev=5&amp;content-type=text/vnd.viewcvs-markup" class="webrepository">LogFormatter.java</a>&#160;<span class="new">(new&#160;7)</span>,
        <a href="http://svn.sourceforge.net/viewvc/statsvn/trunk/statsvn/src/net/sf/statcvs/util/LookaheadReader.java?rev=5&amp;content-type=text/vnd.viewcvs-markup" class="webrepository">LookaheadReader.java</a>&#160;<span class="new">(new&#160;1)</span>,
        <a href="http://svn.sourceforge.net/viewvc/statsvn/trunk/statsvn/src/net/sf/statcvs/util/OutputUtils.java?rev=5&amp;content-type=text/vnd.viewcvs-markup" class="webrepository">OutputUtils.java</a>&#160;<span class="new">(new&#160;2)</span>,
        <a href="http://svn.sourceforge.net/viewvc/statsvn/trunk/statsvn/src/net/sf/statcvs/util/package.html?rev=5&amp;content-type=text/vnd.viewcvs-markup" class="webrepository">package.html</a>&#160;<span class="new">(new)</span>
      </li>
      <li>
        <strong>src/net/sf/statcvs/web-files</strong>:
        <a href="http://svn.sourceforge.net/viewvc/statsvn/trunk/statsvn/src/net/sf/statcvs/web-files/file-deleted.png?rev=5&amp;content-type=text/vnd.viewcvs-markup" class="webrepository">file-deleted.png</a>&#160;<span class="new">(new)</span>,
        <a href="http://svn.sourceforge.net/viewvc/statsvn/trunk/statsvn/src/net/sf/statcvs/web-files/file.png?rev=5&amp;content-type=text/vnd.viewcvs-markup" class="webrepository">file.png</a>&#160;<span class="new">(new)</span>,
        <a href="http://svn.sourceforge.net/viewvc/statsvn/trunk/statsvn/src/net/sf/statcvs/web-files/folder-deleted.png?rev=5&amp;content-type=text/vnd.viewcvs-markup" class="webrepository">folder-deleted.png</a>&#160;<span class="new">(new)</span>,
        <a href="http://svn.sourceforge.net/viewvc/statsvn/trunk/statsvn/src/net/sf/statcvs/web-files/folder.png?rev=5&amp;content-type=text/vnd.viewcvs-markup" class="webrepository">folder.png</a>&#160;<span class="new">(new)</span>,
        <a href="http://svn.sourceforge.net/viewvc/statsvn/trunk/statsvn/src/net/sf/statcvs/web-files/statcvs.css?rev=5&amp;content-type=text/vnd.viewcvs-markup" class="webrepository">statcvs.css</a>&#160;<span class="new">(new)</span>
      </li>
      <li>
        <strong>tests-src/net/sf/statcvs</strong>:
        <a href="http://svn.sourceforge.net/viewvc/statsvn/trunk/statsvn/tests-src/net/sf/statcvs/AllTests.java?rev=5&amp;content-type=text/vnd.viewcvs-markup" class="webrepository">AllTests.java</a>&#160;<span class="new">(new&#160;2)</span>
      </li>
      <li>
        <strong>tests-src/net/sf/statcvs/input</strong>:
        <a href="http://svn.sourceforge.net/viewvc/statsvn/trunk/statsvn/tests-src/net/sf/statcvs/input/AllTests.java?rev=5&amp;content-type=text/vnd.viewcvs-markup" class="webrepository">AllTests.java</a>&#160;<span class="new">(new)</span>,
        <a href="http://svn.sourceforge.net/viewvc/statsvn/trunk/statsvn/tests-src/net/sf/statcvs/input/BuilderTest.java?rev=5&amp;content-type=text/vnd.viewcvs-markup" class="webrepository">BuilderTest.java</a>&#160;<span class="new">(new&#160;38)</span>,
        <a href="http://svn.sourceforge.net/viewvc/statsvn/trunk/statsvn/tests-src/net/sf/statcvs/input/CommitListBuilderTest.java?rev=5&amp;content-type=text/vnd.viewcvs-markup" class="webrepository">CommitListBuilderTest.java</a>&#160;<span class="new">(new&#160;25)</span>,
        <a href="http://svn.sourceforge.net/viewvc/statsvn/trunk/statsvn/tests-src/net/sf/statcvs/input/DummyBuilder.java?rev=5&amp;content-type=text/vnd.viewcvs-markup" class="webrepository">DummyBuilder.java</a>&#160;<span class="new">(new&#160;10)</span>,
        <a href="http://svn.sourceforge.net/viewvc/statsvn/trunk/statsvn/tests-src/net/sf/statcvs/input/DummyRepositoryFileManager.java?rev=5&amp;content-type=text/vnd.viewcvs-markup" class="webrepository">DummyRepositoryFileManager.java</a>&#160;<span class="new">(new&#160;32)</span>,
        <a href="http://svn.sourceforge.net/viewvc/statsvn/trunk/statsvn/tests-src/net/sf/statcvs/input/FileBlockParserTest.java?rev=5&amp;content-type=text/vnd.viewcvs-markup" class="webrepository">FileBlockParserTest.java</a>&#160;<span class="new">(new&#160;12)</span>,
        <a href="http://svn.sourceforge.net/viewvc/statsvn/trunk/statsvn/tests-src/net/sf/statcvs/input/FileBuilderTest.java?rev=5&amp;content-type=text/vnd.viewcvs-markup" class="webrepository">FileBuilderTest.java</a>&#160;<span class="new">(new&#160;20)</span>,
        <a href="http://svn.sourceforge.net/viewvc/statsvn/trunk/statsvn/tests-src/net/sf/statcvs/input/LinesOfCodeTest.java?rev=5&amp;content-type=text/vnd.viewcvs-markup" class="webrepository">LinesOfCodeTest.java</a>&#160;<span class="new">(new&#160;27)</span>,
        <a href="http://svn.sourceforge.net/viewvc/statsvn/trunk/statsvn/tests-src/net/sf/statcvs/input/MockLogBuilder.java?rev=5&amp;content-type=text/vnd.viewcvs-markup" class="webrepository">MockLogBuilder.java</a>&#160;<span class="new">(new&#160;5)</span>,
        <a href="http://svn.sourceforge.net/viewvc/statsvn/trunk/statsvn/tests-src/net/sf/statcvs/input/ParserTest.java?rev=5&amp;content-type=text/vnd.viewcvs-markup" class="webrepository">ParserTest.java</a>&#160;<span class="new">(new&#160;11)</span>,
        <a href="http://svn.sourceforge.net/viewvc/statsvn/trunk/statsvn/tests-src/net/sf/statcvs/input/access-list.log2?rev=5&amp;content-type=text/vnd.viewcvs-markup" class="webrepository">access-list.log2</a>&#160;<span class="new">(new)</span>,
        <a href="http://svn.sourceforge.net/viewvc/statsvn/trunk/statsvn/tests-src/net/sf/statcvs/input/binary.log2?rev=5&amp;content-type=text/vnd.viewcvs-markup" class="webrepository">binary.log2</a>&#160;<span class="new">(new)</span>,
        <a href="http://svn.sourceforge.net/viewvc/statsvn/trunk/statsvn/tests-src/net/sf/statcvs/input/delimiter-in-comment.log?rev=5&amp;content-type=text/vnd.viewcvs-markup" class="webrepository">delimiter-in-comment.log</a>&#160;<span class="new">(new)</span>,
        <a href="http://svn.sourceforge.net/viewvc/statsvn/trunk/statsvn/tests-src/net/sf/statcvs/input/description.log2?rev=5&amp;content-type=text/vnd.viewcvs-markup" class="webrepository">description.log2</a>&#160;<span class="new">(new)</span>,
        <a href="http://svn.sourceforge.net/viewvc/statsvn/trunk/statsvn/tests-src/net/sf/statcvs/input/in-attic.log2?rev=5&amp;content-type=text/vnd.viewcvs-markup" class="webrepository">in-attic.log2</a>&#160;<span class="new">(new)</span>,
        <a href="http://svn.sourceforge.net/viewvc/statsvn/trunk/statsvn/tests-src/net/sf/statcvs/input/locks.log2?rev=5&amp;content-type=text/vnd.viewcvs-markup" class="webrepository">locks.log2</a>&#160;<span class="new">(new)</span>,
        <a href="http://svn.sourceforge.net/viewvc/statsvn/trunk/statsvn/tests-src/net/sf/statcvs/input/newdate.log2?rev=5&amp;content-type=text/vnd.viewcvs-markup" class="webrepository">newdate.log2</a>&#160;<span class="new">(new)</span>,
        <a href="http://svn.sourceforge.net/viewvc/statsvn/trunk/statsvn/tests-src/net/sf/statcvs/input/newlines-after-end.log?rev=5&amp;content-type=text/vnd.viewcvs-markup" class="webrepository">newlines-after-end.log</a>&#160;<span class="new">(new)</span>,
        <a href="http://svn.sourceforge.net/viewvc/statsvn/trunk/statsvn/tests-src/net/sf/statcvs/input/no-revs-selected-w-description.log?rev=5&amp;content-type=text/vnd.viewcvs-markup" class="webrepository">no-revs-selected-w-description.log</a>&#160;<span class="new">(new)</span>,
        <a href="http://svn.sourceforge.net/viewvc/statsvn/trunk/statsvn/tests-src/net/sf/statcvs/input/no-revs-selected.log?rev=5&amp;content-type=text/vnd.viewcvs-markup" class="webrepository">no-revs-selected.log</a>&#160;<span class="new">(new)</span>,
        <a href="http://svn.sourceforge.net/viewvc/statsvn/trunk/statsvn/tests-src/net/sf/statcvs/input/no-symbolic-names.log2?rev=5&amp;content-type=text/vnd.viewcvs-markup" class="webrepository">no-symbolic-names.log2</a>&#160;<span class="new">(new)</span>,
        <a href="http://svn.sourceforge.net/viewvc/statsvn/trunk/statsvn/tests-src/net/sf/statcvs/input/premature-end.log2?rev=5&amp;content-type=text/vnd.viewcvs-markup" class="webrepository">premature-end.log2</a>&#160;<span class="new">(new)</span>,
        <a href="http://svn.sourceforge.net/viewvc/statsvn/trunk/statsvn/tests-src/net/sf/statcvs/input/simple.log?rev=5&amp;content-type=text/vnd.viewcvs-markup" class="webrepository">simple.log</a>&#160;<span class="new">(new)</span>,
        <a href="http://svn.sourceforge.net/viewvc/statsvn/trunk/statsvn/tests-src/net/sf/statcvs/input/simple.log2?rev=5&amp;content-type=text/vnd.viewcvs-markup" class="webrepository">simple.log2</a>&#160;<span class="new">(new)</span>,
        <a href="http://svn.sourceforge.net/viewvc/statsvn/trunk/statsvn/tests-src/net/sf/statcvs/input/two-files.log?rev=5&amp;content-type=text/vnd.viewcvs-markup" class="webrepository">two-files.log</a>&#160;<span class="new">(new)</span>,
        <a href="http://svn.sourceforge.net/viewvc/statsvn/trunk/statsvn/tests-src/net/sf/statcvs/input/two-revisions.log2?rev=5&amp;content-type=text/vnd.viewcvs-markup" class="webrepository">two-revisions.log2</a>&#160;<span class="new">(new)</span>,
        <a href="http://svn.sourceforge.net/viewvc/statsvn/trunk/statsvn/tests-src/net/sf/statcvs/input/uncommitted-files.log?rev=5&amp;content-type=text/vnd.viewcvs-markup" class="webrepository">uncommitted-files.log</a>&#160;<span class="new">(new)</span>
      </li>
      <li>
        <strong>tests-src/net/sf/statcvs/model</strong>:
        <a href="http://svn.sourceforge.net/viewvc/statsvn/trunk/statsvn/tests-src/net/sf/statcvs/model/AllTests.java?rev=5&amp;content-type=text/vnd.viewcvs-markup" class="webrepository">AllTests.java</a>&#160;<span class="new">(new&#160;2)</span>,
        <a href="http://svn.sourceforge.net/viewvc/statsvn/trunk/statsvn/tests-src/net/sf/statcvs/model/AuthorTest.java?rev=5&amp;content-type=text/vnd.viewcvs-markup" class="webrepository">AuthorTest.java</a>&#160;<span class="new">(new&#160;30)</span>,
        <a href="http://svn.sourceforge.net/viewvc/statsvn/trunk/statsvn/tests-src/net/sf/statcvs/model/CommitTest.java?rev=5&amp;content-type=text/vnd.viewcvs-markup" class="webrepository">CommitTest.java</a>&#160;<span class="new">(new&#160;19)</span>,
        <a href="http://svn.sourceforge.net/viewvc/statsvn/trunk/statsvn/tests-src/net/sf/statcvs/model/CvsContentTest.java?rev=5&amp;content-type=text/vnd.viewcvs-markup" class="webrepository">CvsContentTest.java</a>&#160;<span class="new">(new)</span>,
        <a href="http://svn.sourceforge.net/viewvc/statsvn/trunk/statsvn/tests-src/net/sf/statcvs/model/CvsFileTest.java?rev=5&amp;content-type=text/vnd.viewcvs-markup" class="webrepository">CvsFileTest.java</a>&#160;<span class="new">(new)</span>,
        <a href="http://svn.sourceforge.net/viewvc/statsvn/trunk/statsvn/tests-src/net/sf/statcvs/model/DirectoryTest.java?rev=5&amp;content-type=text/vnd.viewcvs-markup" class="webrepository">DirectoryTest.java</a>&#160;<span class="new">(new&#160;24)</span>,
        <a href="http://svn.sourceforge.net/viewvc/statsvn/trunk/statsvn/tests-src/net/sf/statcvs/model/RevisionTest.java?rev=5&amp;content-type=text/vnd.viewcvs-markup" class="webrepository">RevisionTest.java</a>&#160;<span class="new">(new&#160;8)</span>
      </li>
      <li>
        <strong>tests-src/net/sf/statcvs/output</strong>:
        <a href="http://svn.sourceforge.net/viewvc/statsvn/trunk/statsvn/tests-src/net/sf/statcvs/output/AllTests.java?rev=5&amp;content-type=text/vnd.viewcvs-markup" class="webrepository">AllTests.java</a>&#160;<span class="new">(new&#160;1)</span>,
        <a href="http://svn.sourceforge.net/viewvc/statsvn/trunk/statsvn/tests-src/net/sf/statcvs/output/WebRepositoryIntegrationTest.java?rev=5&amp;content-type=text/vnd.viewcvs-markup" class="webrepository">WebRepositoryIntegrationTest.java</a>&#160;<span class="new">(new&#160;129)</span>
      </li>
      <li>
        <strong>tests-src/net/sf/statcvs/renderer</strong>:
        <a href="http://svn.sourceforge.net/viewvc/statsvn/trunk/statsvn/tests-src/net/sf/statcvs/renderer/AllTests.java?rev=5&amp;content-type=text/vnd.viewcvs-markup" class="webrepository">AllTests.java</a>&#160;<span class="new">(new&#160;1)</span>,
        <a href="http://svn.sourceforge.net/viewvc/statsvn/trunk/statsvn/tests-src/net/sf/statcvs/renderer/FileCollectionFormatterTest.java?rev=5&amp;content-type=text/vnd.viewcvs-markup" class="webrepository">FileCollectionFormatterTest.java</a>&#160;<span class="new">(new&#160;12)</span>
      </li>
      <li>
        <strong>tests-src/net/sf/statcvs/reportmodel</strong>:
        <a href="http://svn.sourceforge.net/viewvc/statsvn/trunk/statsvn/tests-src/net/sf/statcvs/reportmodel/AllTests.java?rev=5&amp;content-type=text/vnd.viewcvs-markup" class="webrepository">AllTests.java</a>&#160;<span class="new">(new&#160;1)</span>,
        <a href="http://svn.sourceforge.net/viewvc/statsvn/trunk/statsvn/tests-src/net/sf/statcvs/reportmodel/TimeLineTest.java?rev=5&amp;content-type=text/vnd.viewcvs-markup" class="webrepository">TimeLineTest.java</a>&#160;<span class="new">(new&#160;23)</span>
      </li>
      <li>
        <strong>tests-src/net/sf/statcvs/util</strong>:
        <a href="http://svn.sourceforge.net/viewvc/statsvn/trunk/statsvn/tests-src/net/sf/statcvs/util/AllTests.java?rev=5&amp;content-type=text/vnd.viewcvs-markup" class="webrepository">AllTests.java</a>&#160;<span class="new">(new&#160;22)</span>,
        <a href="http://svn.sourceforge.net/viewvc/statsvn/trunk/statsvn/tests-src/net/sf/statcvs/util/CvsLogUtilsTest.java?rev=5&amp;content-type=text/vnd.viewcvs-markup" class="webrepository">CvsLogUtilsTest.java</a>&#160;<span class="new">(new&#160;16)</span>,
        <a href="http://svn.sourceforge.net/viewvc/statsvn/trunk/statsvn/tests-src/net/sf/statcvs/util/FilePatternMatcherTest.java?rev=5&amp;content-type=text/vnd.viewcvs-markup" class="webrepository">FilePatternMatcherTest.java</a>&#160;<span class="new">(new&#160;15)</span>,
        <a href="http://svn.sourceforge.net/viewvc/statsvn/trunk/statsvn/tests-src/net/sf/statcvs/util/FileUtilsTest.java?rev=5&amp;content-type=text/vnd.viewcvs-markup" class="webrepository">FileUtilsTest.java</a>&#160;<span class="new">(new&#160;3)</span>,
        <a href="http://svn.sourceforge.net/viewvc/statsvn/trunk/statsvn/tests-src/net/sf/statcvs/util/IntegerMapTest.java?rev=5&amp;content-type=text/vnd.viewcvs-markup" class="webrepository">IntegerMapTest.java</a>&#160;<span class="new">(new&#160;7)</span>,
        <a href="http://svn.sourceforge.net/viewvc/statsvn/trunk/statsvn/tests-src/net/sf/statcvs/util/LookaheadReaderTest.java?rev=5&amp;content-type=text/vnd.viewcvs-markup" class="webrepository">LookaheadReaderTest.java</a>&#160;<span class="new">(new&#160;3)</span>,
        <a href="http://svn.sourceforge.net/viewvc/statsvn/trunk/statsvn/tests-src/net/sf/statcvs/util/OutputUtilsTest.java?rev=5&amp;content-type=text/vnd.viewcvs-markup" class="webrepository">OutputUtilsTest.java</a>&#160;<span class="new">(new&#160;2)</span>
      </li>
    </ul>
  </dd>

</dl>

<p>Pages: <a href="commit_log_page_2.html">&#171; Previous</a> <a href="commit_log.html">1</a> <a href="commit_log_page_2.html">2</a> 3 </p>
<div id="generatedby"><p>Generated by <a href="http://www.statsvn.org">StatSVN</a> v0.1.4</p>
</div>
</section></body>
</document>