<?xml version="1.0" encoding="US-ASCII"?>
<document xmlns:lxslt="http://xml.apache.org/xslt">
<properties><title>Commit Log (Page 2 of 3)</title></properties>
<head>
    <meta http-equiv="Content-Type" content="text/html; charset=ISO-8859-1"/>
    <meta name="Generator" content="StatSVN v0.1.4"/>
    <link rel="stylesheet" href="objectlab-statcvs-xdoc.css" type="text/css"/>
  </head>

<body><section name="Commit Log (Page 2 of 3)">
<p><a href="index.html">back to main page</a></p>
<p>Pages: <a href="commit_log.html">&#171; Previous</a> <a href="commit_log.html">1</a> 2 <a href="commit_log_page_3.html">3</a> <a href="commit_log_page_3.html">Next &#187;</a> </p>
<p class="summaryperiod">
  Summary Period:
  <span class="date">2006-03-13</span> to
  <span class="date">2006-02-22</span>  (Commits 13-62 of 112)
</p>
<dl class="commitlist">
  <dt>
    <a href="user_gunterm.html" class="author">gunterm</a>
    <span class="date">2006-03-13 15:02</span>
  </dt>
  <dd>
    <p class="comment">
comments changed
    </p>
    <p class="commitdetails"><strong>3</strong> lines of code changed in:</p>
    <ul class="commitdetails">
      <li>
        <strong>src/net/sf/statcvs/input</strong>:
        <a href="http://svn.sourceforge.net/viewvc/statsvn/trunk/statsvn/src/net/sf/statcvs/input/SvnXmlRepositoriesFileHandler.java?rev=70&amp;content-type=text/vnd.viewcvs-markup" class="webrepository">SvnXmlRepositoriesFileHandler.java</a>&#160;<span class="change">(+3&#160;-2)</span>
      </li>
    </ul>
  </dd>

  <dt>
    <a href="user_gunterm.html" class="author">gunterm</a>
    <span class="date">2006-03-13 14:57</span>
  </dt>
  <dd>
    <p class="comment">
added ID keyword to the last two files added to repository
    </p>
    <p class="commitdetails"><strong>1</strong> lines of code changed in:</p>
    <ul class="commitdetails">
      <li>
        <strong>src/net/sf/statcvs/input</strong>:
        <a href="http://svn.sourceforge.net/viewvc/statsvn/trunk/statsvn/src/net/sf/statcvs/input/RepositoriesBuilder.java?rev=69&amp;content-type=text/vnd.viewcvs-markup" class="webrepository">RepositoriesBuilder.java</a>&#160;<span class="change">(+1&#160;-1)</span>,
        <a href="http://svn.sourceforge.net/viewvc/statsvn/trunk/statsvn/src/net/sf/statcvs/input/SvnXmlRepositoriesFileHandler.java?rev=69&amp;content-type=text/vnd.viewcvs-markup" class="webrepository">SvnXmlRepositoriesFileHandler.java</a>&#160;<span class="change">(-1)</span>
      </li>
    </ul>
  </dd>

  <dt>
    <a href="user_gunterm.html" class="author">gunterm</a>
    <span class="date">2006-03-13 05:31</span>
  </dt>
  <dd>
    <p class="comment">
fixed Bug 10 except for saving xml files (repositories and lineCounts_*) to the statsvn directory
    </p>
    <p class="commitdetails"><strong>68</strong> lines of code changed in:</p>
    <ul class="commitdetails">
      <li>
        <strong>src/net/sf/statcvs/input</strong>:
        <a href="http://svn.sourceforge.net/viewvc/statsvn/trunk/statsvn/src/net/sf/statcvs/input/LineCountsBuilder.java?rev=68&amp;content-type=text/vnd.viewcvs-markup" class="webrepository">LineCountsBuilder.java</a>&#160;<span class="change">(+14&#160;-10)</span>,
        <a href="http://svn.sourceforge.net/viewvc/statsvn/trunk/statsvn/src/net/sf/statcvs/input/RepositoriesBuilder.java?rev=68&amp;content-type=text/vnd.viewcvs-markup" class="webrepository">RepositoriesBuilder.java</a>&#160;<span class="new">(new&#160;20)</span>,
        <a href="http://svn.sourceforge.net/viewvc/statsvn/trunk/statsvn/src/net/sf/statcvs/input/SvnLogfileParser.java?rev=68&amp;content-type=text/vnd.viewcvs-markup" class="webrepository">SvnLogfileParser.java</a>&#160;<span class="change">(+20&#160;-6)</span>,
        <a href="http://svn.sourceforge.net/viewvc/statsvn/trunk/statsvn/src/net/sf/statcvs/input/SvnXmlRepositoriesFileHandler.java?rev=68&amp;content-type=text/vnd.viewcvs-markup" class="webrepository">SvnXmlRepositoriesFileHandler.java</a>&#160;<span class="new">(new&#160;14)</span>
      </li>
    </ul>
  </dd>

  <dt>
    <a href="user_jpdaigle.html" class="author">jpdaigle</a>
    <span class="date">2006-03-13 00:26</span>
  </dt>
  <dd>
    <p class="comment">
Better javadoc for SvnVersionMismatchException.<br/>

    </p>
    <p class="commitdetails"><strong>5</strong> lines of code changed in:</p>
    <ul class="commitdetails">
      <li>
        <strong>src/net/sf/statcvs/util</strong>:
        <a href="http://svn.sourceforge.net/viewvc/statsvn/trunk/statsvn/src/net/sf/statcvs/util/SvnVersionMismatchException.java?rev=67&amp;content-type=text/vnd.viewcvs-markup" class="webrepository">SvnVersionMismatchException.java</a>&#160;<span class="change">(+5&#160;-1)</span>
      </li>
    </ul>
  </dd>

  <dt>
    <a href="user_jpdaigle.html" class="author">jpdaigle</a>
    <span class="date">2006-03-13 00:25</span>
  </dt>
  <dd>
    <p class="comment">
Bug 16: check that "repository root" information is available from the "svn info" command. (A 1.3+ feature.)<br/>
Fail on startup if not available.
    </p>
    <p class="commitdetails"><strong>39</strong> lines of code changed in:</p>
    <ul class="commitdetails">
      <li>
        <strong>src/net/sf/statcvs</strong>:
        <a href="http://svn.sourceforge.net/viewvc/statsvn/trunk/statsvn/src/net/sf/statcvs/Main.java?rev=66&amp;content-type=text/vnd.viewcvs-markup" class="webrepository">Main.java</a>&#160;<span class="change">(+1)</span>
      </li>
      <li>
        <strong>src/net/sf/statcvs/util</strong>:
        <a href="http://svn.sourceforge.net/viewvc/statsvn/trunk/statsvn/src/net/sf/statcvs/util/SvnStartupUtils.java?rev=66&amp;content-type=text/vnd.viewcvs-markup" class="webrepository">SvnStartupUtils.java</a>&#160;<span class="change">(+38&#160;-4)</span>
      </li>
    </ul>
  </dd>

  <dt>
    <a href="user_gunterm.html" class="author">gunterm</a>
    <span class="date">2006-03-12 23:58</span>
  </dt>
  <dd>
    <p class="comment">
now all revisions of a path are saved under the same path in lineCounts.xml; a revision with only property changes is now correctly interpreted as 0 0 instead of -1 -1
    </p>
    <p class="commitdetails"><strong>190</strong> lines of code changed in:</p>
    <ul class="commitdetails">
      <li>
        <strong>src/net/sf/statcvs/input</strong>:
        <a href="http://svn.sourceforge.net/viewvc/statsvn/trunk/statsvn/src/net/sf/statcvs/input/LineCountsBuilder.java?rev=65&amp;content-type=text/vnd.viewcvs-markup" class="webrepository">LineCountsBuilder.java</a>&#160;<span class="change">(+182&#160;-139)</span>
      </li>
      <li>
        <strong>src/net/sf/statcvs/util</strong>:
        <a href="http://svn.sourceforge.net/viewvc/statsvn/trunk/statsvn/src/net/sf/statcvs/util/SvnDiffUtils.java?rev=65&amp;content-type=text/vnd.viewcvs-markup" class="webrepository">SvnDiffUtils.java</a>&#160;<span class="change">(+8&#160;-1)</span>
      </li>
    </ul>
  </dd>

  <dt>
    <a href="user_jkealey.html" class="author">jkealey</a>
    <span class="date">2006-03-12 01:38</span>
  </dt>
  <dd>
    <p class="comment">
bug 27: refactor: Builder.getFileBuilders() - partial work only. <br/>
<br/>

    </p>
    <p class="commitdetails"><strong>77</strong> lines of code changed in:</p>
    <ul class="commitdetails">
      <li>
        <strong>src/net/sf/statcvs/input</strong>:
        <a href="http://svn.sourceforge.net/viewvc/statsvn/trunk/statsvn/src/net/sf/statcvs/input/Builder.java?rev=64&amp;content-type=text/vnd.viewcvs-markup" class="webrepository">Builder.java</a>&#160;<span class="change">(+22)</span>,
        <a href="http://svn.sourceforge.net/viewvc/statsvn/trunk/statsvn/src/net/sf/statcvs/input/FileBuilder.java?rev=64&amp;content-type=text/vnd.viewcvs-markup" class="webrepository">FileBuilder.java</a>&#160;<span class="change">(+19&#160;-3)</span>,
        <a href="http://svn.sourceforge.net/viewvc/statsvn/trunk/statsvn/src/net/sf/statcvs/input/LineCountsBuilder.java?rev=64&amp;content-type=text/vnd.viewcvs-markup" class="webrepository">LineCountsBuilder.java</a>&#160;<span class="change">(+8&#160;-16)</span>,
        <a href="http://svn.sourceforge.net/viewvc/statsvn/trunk/statsvn/src/net/sf/statcvs/input/SvnLogBuilder.java?rev=64&amp;content-type=text/vnd.viewcvs-markup" class="webrepository">SvnLogBuilder.java</a>&#160;<span class="change">(+22&#160;-5)</span>,
        <a href="http://svn.sourceforge.net/viewvc/statsvn/trunk/statsvn/src/net/sf/statcvs/input/SvnLogfileParser.java?rev=64&amp;content-type=text/vnd.viewcvs-markup" class="webrepository">SvnLogfileParser.java</a>&#160;<span class="change">(+1&#160;-6)</span>
      </li>
      <li>
        <strong>tests-src/net/sf/statcvs/input</strong>:
        <a href="http://svn.sourceforge.net/viewvc/statsvn/trunk/statsvn/tests-src/net/sf/statcvs/input/MockLogBuilder.java?rev=64&amp;content-type=text/vnd.viewcvs-markup" class="webrepository">MockLogBuilder.java</a>&#160;<span class="change">(+5)</span>
      </li>
    </ul>
  </dd>

  <dt>
    <a href="user_jkealey.html" class="author">jkealey</a>
    <span class="date">2006-03-12 01:08</span>
  </dt>
  <dd>
    <p class="comment">
bug 30: refactor: SvnLogfileParser casts SvnLogBuilder to Builder
    </p>
    <p class="commitdetails"><strong>100</strong> lines of code changed in:</p>
    <ul class="commitdetails">
      <li>
        <strong>src/net/sf/statcvs/input</strong>:
        <a href="http://svn.sourceforge.net/viewvc/statsvn/trunk/statsvn/src/net/sf/statcvs/input/Builder.java?rev=63&amp;content-type=text/vnd.viewcvs-markup" class="webrepository">Builder.java</a>&#160;<span class="change">(+76&#160;-63)</span>,
        <a href="http://svn.sourceforge.net/viewvc/statsvn/trunk/statsvn/src/net/sf/statcvs/input/SvnLogBuilder.java?rev=63&amp;content-type=text/vnd.viewcvs-markup" class="webrepository">SvnLogBuilder.java</a>&#160;<span class="change">(+12&#160;-1)</span>,
        <a href="http://svn.sourceforge.net/viewvc/statsvn/trunk/statsvn/src/net/sf/statcvs/input/SvnLogfileParser.java?rev=63&amp;content-type=text/vnd.viewcvs-markup" class="webrepository">SvnLogfileParser.java</a>&#160;<span class="change">(+2&#160;-3)</span>
      </li>
      <li>
        <strong>tests-src/net/sf/statcvs/input</strong>:
        <a href="http://svn.sourceforge.net/viewvc/statsvn/trunk/statsvn/tests-src/net/sf/statcvs/input/MockLogBuilder.java?rev=63&amp;content-type=text/vnd.viewcvs-markup" class="webrepository">MockLogBuilder.java</a>&#160;<span class="change">(+10)</span>
      </li>
    </ul>
  </dd>

  <dt>
    <a href="user_jkealey.html" class="author">jkealey</a>
    <span class="date">2006-03-12 00:41</span>
  </dt>
  <dd>
    <p class="comment">
bug 29: refactor: calls to Svn*Utils should pass by RepositoryFileManager
    </p>
    <p class="commitdetails"><strong>202</strong> lines of code changed in:</p>
    <ul class="commitdetails">
      <li>
        <strong>src/net/sf/statcvs</strong>:
        <a href="http://svn.sourceforge.net/viewvc/statsvn/trunk/statsvn/src/net/sf/statcvs/Main.java?rev=62&amp;content-type=text/vnd.viewcvs-markup" class="webrepository">Main.java</a>&#160;<span class="change">(+1&#160;-1)</span>
      </li>
      <li>
        <strong>src/net/sf/statcvs/input</strong>:
        <a href="http://svn.sourceforge.net/viewvc/statsvn/trunk/statsvn/src/net/sf/statcvs/input/RepositoryFileManager.java?rev=62&amp;content-type=text/vnd.viewcvs-markup" class="webrepository">RepositoryFileManager.java</a>&#160;<span class="change">(+173&#160;-7)</span>,
        <a href="http://svn.sourceforge.net/viewvc/statsvn/trunk/statsvn/src/net/sf/statcvs/input/SvnLogfileParser.java?rev=62&amp;content-type=text/vnd.viewcvs-markup" class="webrepository">SvnLogfileParser.java</a>&#160;<span class="change">(+11&#160;-9)</span>,
        <a href="http://svn.sourceforge.net/viewvc/statsvn/trunk/statsvn/src/net/sf/statcvs/input/SvnXmlLogFileHandler.java?rev=62&amp;content-type=text/vnd.viewcvs-markup" class="webrepository">SvnXmlLogFileHandler.java</a>&#160;<span class="change">(+10&#160;-19)</span>
      </li>
      <li>
        <strong>src/net/sf/statcvs/util</strong>:
        <a href="http://svn.sourceforge.net/viewvc/statsvn/trunk/statsvn/src/net/sf/statcvs/util/SvnInfoUtils.java?rev=62&amp;content-type=text/vnd.viewcvs-markup" class="webrepository">SvnInfoUtils.java</a>&#160;<span class="change">(+1&#160;-17)</span>
      </li>
      <li>
        <strong>tests-src/net/sf/statcvs/input</strong>:
        <a href="http://svn.sourceforge.net/viewvc/statsvn/trunk/statsvn/tests-src/net/sf/statcvs/input/ParserTest.java?rev=62&amp;content-type=text/vnd.viewcvs-markup" class="webrepository">ParserTest.java</a>&#160;<span class="change">(+6&#160;-3)</span>
      </li>
    </ul>
  </dd>

  <dt>
    <a href="user_jkealey.html" class="author">jkealey</a>
    <span class="date">2006-03-10 21:25</span>
  </dt>
  <dd>
    <p class="comment">
Added JavaDoc and did a bit of cleaning in the net.sf.statcvs.util package. 
    </p>
    <p class="commitdetails"><strong>629</strong> lines of code changed in:</p>
    <ul class="commitdetails">
      <li>
        <strong>src/net/sf/statcvs/input</strong>:
        <a href="http://svn.sourceforge.net/viewvc/statsvn/trunk/statsvn/src/net/sf/statcvs/input/SvnLogfileParser.java?rev=61&amp;content-type=text/vnd.viewcvs-markup" class="webrepository">SvnLogfileParser.java</a>&#160;<span class="change">(-1)</span>
      </li>
      <li>
        <strong>src/net/sf/statcvs/util</strong>:
        <a href="http://svn.sourceforge.net/viewvc/statsvn/trunk/statsvn/src/net/sf/statcvs/util/SvnDiffUtils.java?rev=61&amp;content-type=text/vnd.viewcvs-markup" class="webrepository">SvnDiffUtils.java</a>&#160;<span class="change">(+92&#160;-68)</span>,
        <a href="http://svn.sourceforge.net/viewvc/statsvn/trunk/statsvn/src/net/sf/statcvs/util/SvnInfoUtils.java?rev=61&amp;content-type=text/vnd.viewcvs-markup" class="webrepository">SvnInfoUtils.java</a>&#160;<span class="change">(+406&#160;-304)</span>,
        <a href="http://svn.sourceforge.net/viewvc/statsvn/trunk/statsvn/src/net/sf/statcvs/util/SvnPropgetUtils.java?rev=61&amp;content-type=text/vnd.viewcvs-markup" class="webrepository">SvnPropgetUtils.java</a>&#160;<span class="change">(+39&#160;-5)</span>,
        <a href="http://svn.sourceforge.net/viewvc/statsvn/trunk/statsvn/src/net/sf/statcvs/util/SvnStartupUtils.java?rev=61&amp;content-type=text/vnd.viewcvs-markup" class="webrepository">SvnStartupUtils.java</a>&#160;<span class="change">(+40&#160;-26)</span>,
        <a href="http://svn.sourceforge.net/viewvc/statsvn/trunk/statsvn/src/net/sf/statcvs/util/SvnVersionMismatchException.java?rev=61&amp;content-type=text/vnd.viewcvs-markup" class="webrepository">SvnVersionMismatchException.java</a>&#160;<span class="change">(+19&#160;-13)</span>,
        <a href="http://svn.sourceforge.net/viewvc/statsvn/trunk/statsvn/src/net/sf/statcvs/util/XMLUtil.java?rev=61&amp;content-type=text/vnd.viewcvs-markup" class="webrepository">XMLUtil.java</a>&#160;<span class="change">(+33&#160;-18)</span>
      </li>
    </ul>
  </dd>

  <dt>
    <a href="user_jkealey.html" class="author">jkealey</a>
    <span class="date">2006-03-10 20:42</span>
  </dt>
  <dd>
    <p class="comment">
reverted back to original state. 
    </p>
    <p class="commitdetails"><strong>2</strong> lines of code changed in:</p>
    <ul class="commitdetails">
      <li>
        <strong>src/net/sf/statcvs</strong>:
        <a href="http://svn.sourceforge.net/viewvc/statsvn/trunk/statsvn/src/net/sf/statcvs/logging.properties?rev=60&amp;content-type=text/vnd.viewcvs-markup" class="webrepository">logging.properties</a>&#160;<span class="change">(+2&#160;-2)</span>
      </li>
    </ul>
  </dd>

  <dt>
    <a href="user_jkealey.html" class="author">jkealey</a>
    <span class="date">2006-03-10 20:13</span>
  </dt>
  <dd>
    <p class="comment">
removed useless instance variable
    </p>
    <p class="commitdetails"><strong>0</strong> lines of code changed in:</p>
    <ul class="commitdetails">
      <li>
        <strong>src/net/sf/statcvs/input</strong>:
        <a href="http://svn.sourceforge.net/viewvc/statsvn/trunk/statsvn/src/net/sf/statcvs/input/FileBuilder.java?rev=59&amp;content-type=text/vnd.viewcvs-markup" class="webrepository">FileBuilder.java</a>&#160;<span class="change">(-2)</span>
      </li>
    </ul>
  </dd>

  <dt>
    <a href="user_jkealey.html" class="author">jkealey</a>
    <span class="date">2006-03-10 19:57</span>
  </dt>
  <dd>
    <p class="comment">
Added JavaDoc and did a bit of cleaning in the net.sf.statcvs.input package. 
    </p>
    <p class="commitdetails"><strong>699</strong> lines of code changed in:</p>
    <ul class="commitdetails">
      <li>
        <strong>src/net/sf/statcvs/input</strong>:
        <a href="http://svn.sourceforge.net/viewvc/statsvn/trunk/statsvn/src/net/sf/statcvs/input/Builder.java?rev=58&amp;content-type=text/vnd.viewcvs-markup" class="webrepository">Builder.java</a>&#160;<span class="change">(+10&#160;-6)</span>,
        <a href="http://svn.sourceforge.net/viewvc/statsvn/trunk/statsvn/src/net/sf/statcvs/input/FileBuilder.java?rev=58&amp;content-type=text/vnd.viewcvs-markup" class="webrepository">FileBuilder.java</a>&#160;<span class="change">(+57&#160;-39)</span>,
        <a href="http://svn.sourceforge.net/viewvc/statsvn/trunk/statsvn/src/net/sf/statcvs/input/LineCountsBuilder.java?rev=58&amp;content-type=text/vnd.viewcvs-markup" class="webrepository">LineCountsBuilder.java</a>&#160;<span class="change">(+116&#160;-36)</span>,
        <a href="http://svn.sourceforge.net/viewvc/statsvn/trunk/statsvn/src/net/sf/statcvs/input/LogSyntaxException.java?rev=58&amp;content-type=text/vnd.viewcvs-markup" class="webrepository">LogSyntaxException.java</a>&#160;<span class="change">(+2)</span>,
        <a href="http://svn.sourceforge.net/viewvc/statsvn/trunk/statsvn/src/net/sf/statcvs/input/RepositoryFileManager.java?rev=58&amp;content-type=text/vnd.viewcvs-markup" class="webrepository">RepositoryFileManager.java</a>&#160;<span class="change">(+3&#160;-1)</span>,
        <a href="http://svn.sourceforge.net/viewvc/statsvn/trunk/statsvn/src/net/sf/statcvs/input/RevisionData.java?rev=58&amp;content-type=text/vnd.viewcvs-markup" class="webrepository">RevisionData.java</a>&#160;<span class="change">(+78&#160;-43)</span>,
        <a href="http://svn.sourceforge.net/viewvc/statsvn/trunk/statsvn/src/net/sf/statcvs/input/RevisionParser.java?rev=57&amp;content-type=text/vnd.viewcvs-markup" class="webrepository">RevisionParser.java</a>&#160;<span class="del">(del)</span>,
        <a href="http://svn.sourceforge.net/viewvc/statsvn/trunk/statsvn/src/net/sf/statcvs/input/SvnLogBuilder.java?rev=58&amp;content-type=text/vnd.viewcvs-markup" class="webrepository">SvnLogBuilder.java</a>&#160;<span class="change">(+8&#160;-1)</span>,
        <a href="http://svn.sourceforge.net/viewvc/statsvn/trunk/statsvn/src/net/sf/statcvs/input/SvnLogfileParser.java?rev=58&amp;content-type=text/vnd.viewcvs-markup" class="webrepository">SvnLogfileParser.java</a>&#160;<span class="change">(+68&#160;-12)</span>,
        <a href="http://svn.sourceforge.net/viewvc/statsvn/trunk/statsvn/src/net/sf/statcvs/input/SvnXmlLineCountsFileHandler.java?rev=58&amp;content-type=text/vnd.viewcvs-markup" class="webrepository">SvnXmlLineCountsFileHandler.java</a>&#160;<span class="change">(+109&#160;-41)</span>,
        <a href="http://svn.sourceforge.net/viewvc/statsvn/trunk/statsvn/src/net/sf/statcvs/input/SvnXmlLogFileHandler.java?rev=58&amp;content-type=text/vnd.viewcvs-markup" class="webrepository">SvnXmlLogFileHandler.java</a>&#160;<span class="change">(+219&#160;-97)</span>,
        <a href="http://svn.sourceforge.net/viewvc/statsvn/trunk/statsvn/src/net/sf/statcvs/input/package.html?rev=58&amp;content-type=text/vnd.viewcvs-markup" class="webrepository">package.html</a>&#160;<span class="change">(+15&#160;-16)</span>
      </li>
      <li>
        <strong>tests-src/net/sf/statcvs/input</strong>:
        <a href="http://svn.sourceforge.net/viewvc/statsvn/trunk/statsvn/tests-src/net/sf/statcvs/input/BuilderTest.java?rev=58&amp;content-type=text/vnd.viewcvs-markup" class="webrepository">BuilderTest.java</a>&#160;<span class="change">(+4&#160;-4)</span>,
        <a href="http://svn.sourceforge.net/viewvc/statsvn/trunk/statsvn/tests-src/net/sf/statcvs/input/FileBuilderTest.java?rev=58&amp;content-type=text/vnd.viewcvs-markup" class="webrepository">FileBuilderTest.java</a>&#160;<span class="change">(+3&#160;-3)</span>,
        <a href="http://svn.sourceforge.net/viewvc/statsvn/trunk/statsvn/tests-src/net/sf/statcvs/input/LinesOfCodeTest.java?rev=58&amp;content-type=text/vnd.viewcvs-markup" class="webrepository">LinesOfCodeTest.java</a>&#160;<span class="change">(+3&#160;-3)</span>,
        <a href="http://svn.sourceforge.net/viewvc/statsvn/trunk/statsvn/tests-src/net/sf/statcvs/input/MockLogBuilder.java?rev=58&amp;content-type=text/vnd.viewcvs-markup" class="webrepository">MockLogBuilder.java</a>&#160;<span class="change">(+3&#160;-3)</span>,
        <a href="http://svn.sourceforge.net/viewvc/statsvn/trunk/statsvn/tests-src/net/sf/statcvs/input/ParserTest.java?rev=58&amp;content-type=text/vnd.viewcvs-markup" class="webrepository">ParserTest.java</a>&#160;<span class="change">(+1&#160;-1)</span>
      </li>
    </ul>
  </dd>

  <dt>
    <a href="user_jkealey.html" class="author">jkealey</a>
    <span class="date">2006-03-10 17:50</span>
  </dt>
  <dd>
    <p class="comment">
Added the SVN $Id$ keyword property.<br/>

    </p>
    <p class="commitdetails"><strong>42</strong> lines of code changed in:</p>
    <ul class="commitdetails">
      <li>
        <strong>src/net/sf/statcvs/input</strong>:
        <a href="http://svn.sourceforge.net/viewvc/statsvn/trunk/statsvn/src/net/sf/statcvs/input/Builder.java?rev=57&amp;content-type=text/vnd.viewcvs-markup" class="webrepository">Builder.java</a>&#160;<span class="change">(+23&#160;-18)</span>,
        <a href="http://svn.sourceforge.net/viewvc/statsvn/trunk/statsvn/src/net/sf/statcvs/input/CommitListBuilder.java?rev=57&amp;content-type=text/vnd.viewcvs-markup" class="webrepository">CommitListBuilder.java</a>&#160;<span class="change">(+1&#160;-1)</span>,
        <a href="http://svn.sourceforge.net/viewvc/statsvn/trunk/statsvn/src/net/sf/statcvs/input/EmptyRepositoryException.java?rev=57&amp;content-type=text/vnd.viewcvs-markup" class="webrepository">EmptyRepositoryException.java</a>&#160;<span class="change">(+1&#160;-1)</span>,
        <a href="http://svn.sourceforge.net/viewvc/statsvn/trunk/statsvn/src/net/sf/statcvs/input/FileBuilder.java?rev=57&amp;content-type=text/vnd.viewcvs-markup" class="webrepository">FileBuilder.java</a>&#160;<span class="change">(+1&#160;-1)</span>,
        <a href="http://svn.sourceforge.net/viewvc/statsvn/trunk/statsvn/src/net/sf/statcvs/input/LineCountsBuilder.java?rev=57&amp;content-type=text/vnd.viewcvs-markup" class="webrepository">LineCountsBuilder.java</a>&#160;<span class="change">(changed)</span>,
        <a href="http://svn.sourceforge.net/viewvc/statsvn/trunk/statsvn/src/net/sf/statcvs/input/LogSyntaxException.java?rev=57&amp;content-type=text/vnd.viewcvs-markup" class="webrepository">LogSyntaxException.java</a>&#160;<span class="change">(+1&#160;-1)</span>,
        <a href="http://svn.sourceforge.net/viewvc/statsvn/trunk/statsvn/src/net/sf/statcvs/input/NoLineCountException.java?rev=57&amp;content-type=text/vnd.viewcvs-markup" class="webrepository">NoLineCountException.java</a>&#160;<span class="change">(+1&#160;-1)</span>,
        <a href="http://svn.sourceforge.net/viewvc/statsvn/trunk/statsvn/src/net/sf/statcvs/input/RepositoryFileManager.java?rev=57&amp;content-type=text/vnd.viewcvs-markup" class="webrepository">RepositoryFileManager.java</a>&#160;<span class="change">(+2&#160;-2)</span>,
        <a href="http://svn.sourceforge.net/viewvc/statsvn/trunk/statsvn/src/net/sf/statcvs/input/RevisionData.java?rev=57&amp;content-type=text/vnd.viewcvs-markup" class="webrepository">RevisionData.java</a>&#160;<span class="change">(+1&#160;-1)</span>,
        <a href="http://svn.sourceforge.net/viewvc/statsvn/trunk/statsvn/src/net/sf/statcvs/input/RevisionParser.java?rev=57&amp;content-type=text/vnd.viewcvs-markup" class="webrepository">RevisionParser.java</a>&#160;<span class="change">(+1&#160;-1)</span>,
        <a href="http://svn.sourceforge.net/viewvc/statsvn/trunk/statsvn/src/net/sf/statcvs/input/SvnLogBuilder.java?rev=57&amp;content-type=text/vnd.viewcvs-markup" class="webrepository">SvnLogBuilder.java</a>&#160;<span class="change">(+1&#160;-1)</span>,
        <a href="http://svn.sourceforge.net/viewvc/statsvn/trunk/statsvn/src/net/sf/statcvs/input/SvnLogfileParser.java?rev=57&amp;content-type=text/vnd.viewcvs-markup" class="webrepository">SvnLogfileParser.java</a>&#160;<span class="change">(+1&#160;-1)</span>,
        <a href="http://svn.sourceforge.net/viewvc/statsvn/trunk/statsvn/src/net/sf/statcvs/input/SvnXmlLineCountsFileHandler.java?rev=57&amp;content-type=text/vnd.viewcvs-markup" class="webrepository">SvnXmlLineCountsFileHandler.java</a>&#160;<span class="change">(changed)</span>,
        <a href="http://svn.sourceforge.net/viewvc/statsvn/trunk/statsvn/src/net/sf/statcvs/input/SvnXmlLogFileHandler.java?rev=57&amp;content-type=text/vnd.viewcvs-markup" class="webrepository">SvnXmlLogFileHandler.java</a>&#160;<span class="change">(changed)</span>
      </li>
      <li>
        <strong>src/net/sf/statcvs/util</strong>:
        <a href="http://svn.sourceforge.net/viewvc/statsvn/trunk/statsvn/src/net/sf/statcvs/util/ConsoleOutErrHandler.java?rev=57&amp;content-type=text/vnd.viewcvs-markup" class="webrepository">ConsoleOutErrHandler.java</a>&#160;<span class="change">(+1&#160;-1)</span>,
        <a href="http://svn.sourceforge.net/viewvc/statsvn/trunk/statsvn/src/net/sf/statcvs/util/ConsoleOutHandler.java?rev=57&amp;content-type=text/vnd.viewcvs-markup" class="webrepository">ConsoleOutHandler.java</a>&#160;<span class="change">(+1&#160;-1)</span>,
        <a href="http://svn.sourceforge.net/viewvc/statsvn/trunk/statsvn/src/net/sf/statcvs/util/FilePatternMatcher.java?rev=57&amp;content-type=text/vnd.viewcvs-markup" class="webrepository">FilePatternMatcher.java</a>&#160;<span class="change">(+1&#160;-1)</span>,
        <a href="http://svn.sourceforge.net/viewvc/statsvn/trunk/statsvn/src/net/sf/statcvs/util/FileUtils.java?rev=57&amp;content-type=text/vnd.viewcvs-markup" class="webrepository">FileUtils.java</a>&#160;<span class="change">(+1&#160;-1)</span>,
        <a href="http://svn.sourceforge.net/viewvc/statsvn/trunk/statsvn/src/net/sf/statcvs/util/FilenameComparator.java?rev=57&amp;content-type=text/vnd.viewcvs-markup" class="webrepository">FilenameComparator.java</a>&#160;<span class="change">(changed)</span>,
        <a href="http://svn.sourceforge.net/viewvc/statsvn/trunk/statsvn/src/net/sf/statcvs/util/IntegerMap.java?rev=57&amp;content-type=text/vnd.viewcvs-markup" class="webrepository">IntegerMap.java</a>&#160;<span class="change">(+1&#160;-1)</span>,
        <a href="http://svn.sourceforge.net/viewvc/statsvn/trunk/statsvn/src/net/sf/statcvs/util/LogFormatter.java?rev=57&amp;content-type=text/vnd.viewcvs-markup" class="webrepository">LogFormatter.java</a>&#160;<span class="change">(+1&#160;-1)</span>,
        <a href="http://svn.sourceforge.net/viewvc/statsvn/trunk/statsvn/src/net/sf/statcvs/util/LookaheadReader.java?rev=57&amp;content-type=text/vnd.viewcvs-markup" class="webrepository">LookaheadReader.java</a>&#160;<span class="change">(+1&#160;-1)</span>,
        <a href="http://svn.sourceforge.net/viewvc/statsvn/trunk/statsvn/src/net/sf/statcvs/util/OutputUtils.java?rev=57&amp;content-type=text/vnd.viewcvs-markup" class="webrepository">OutputUtils.java</a>&#160;<span class="change">(+1&#160;-1)</span>,
        <a href="http://svn.sourceforge.net/viewvc/statsvn/trunk/statsvn/src/net/sf/statcvs/util/SvnDiffUtils.java?rev=57&amp;content-type=text/vnd.viewcvs-markup" class="webrepository">SvnDiffUtils.java</a>&#160;<span class="change">(changed)</span>,
        <a href="http://svn.sourceforge.net/viewvc/statsvn/trunk/statsvn/src/net/sf/statcvs/util/SvnInfoUtils.java?rev=57&amp;content-type=text/vnd.viewcvs-markup" class="webrepository">SvnInfoUtils.java</a>&#160;<span class="change">(changed)</span>,
        <a href="http://svn.sourceforge.net/viewvc/statsvn/trunk/statsvn/src/net/sf/statcvs/util/SvnPropgetUtils.java?rev=57&amp;content-type=text/vnd.viewcvs-markup" class="webrepository">SvnPropgetUtils.java</a>&#160;<span class="change">(changed)</span>,
        <a href="http://svn.sourceforge.net/viewvc/statsvn/trunk/statsvn/src/net/sf/statcvs/util/SvnStartupUtils.java?rev=57&amp;content-type=text/vnd.viewcvs-markup" class="webrepository">SvnStartupUtils.java</a>&#160;<span class="change">(changed)</span>,
        <a href="http://svn.sourceforge.net/viewvc/statsvn/trunk/statsvn/src/net/sf/statcvs/util/SvnVersionMismatchException.java?rev=57&amp;content-type=text/vnd.viewcvs-markup" class="webrepository">SvnVersionMismatchException.java</a>&#160;<span class="change">(changed)</span>,
        <a href="http://svn.sourceforge.net/viewvc/statsvn/trunk/statsvn/src/net/sf/statcvs/util/XMLUtil.java?rev=57&amp;content-type=text/vnd.viewcvs-markup" class="webrepository">XMLUtil.java</a>&#160;<span class="change">(changed)</span>
      </li>
    </ul>
  </dd>

  <dt>
    <a href="user_jkealey.html" class="author">jkealey</a>
    <span class="date">2006-03-10 03:37</span>
  </dt>
  <dd>
    <p class="comment">
Re-formatted input package classes.<br/>
<br/>
Removed the old FileBlockParser now that our alpha works.<br/>
<br/>
Preparing for major code-cleanup and documentation.<br/>
<br/>

    </p>
    <p class="commitdetails"><strong>579</strong> lines of code changed in:</p>
    <ul class="commitdetails">
      <li>
        <strong>src/net/sf/statcvs/input</strong>:
        <a href="http://svn.sourceforge.net/viewvc/statsvn/trunk/statsvn/src/net/sf/statcvs/input/Builder.java?rev=56&amp;content-type=text/vnd.viewcvs-markup" class="webrepository">Builder.java</a>&#160;<span class="change">(-6)</span>,
        <a href="http://svn.sourceforge.net/viewvc/statsvn/trunk/statsvn/src/net/sf/statcvs/input/CommitListBuilder.java?rev=56&amp;content-type=text/vnd.viewcvs-markup" class="webrepository">CommitListBuilder.java</a>&#160;<span class="change">(+100&#160;-106)</span>,
        <a href="http://svn.sourceforge.net/viewvc/statsvn/trunk/statsvn/src/net/sf/statcvs/input/EmptyRepositoryException.java?rev=56&amp;content-type=text/vnd.viewcvs-markup" class="webrepository">EmptyRepositoryException.java</a>&#160;<span class="change">(+21&#160;-23)</span>,
        <a href="http://svn.sourceforge.net/viewvc/statsvn/trunk/statsvn/src/net/sf/statcvs/input/FileBlockParser.java?rev=38&amp;content-type=text/vnd.viewcvs-markup" class="webrepository">FileBlockParser.java</a>&#160;<span class="del">(del)</span>,
        <a href="http://svn.sourceforge.net/viewvc/statsvn/trunk/statsvn/src/net/sf/statcvs/input/LineCountsBuilder.java?rev=56&amp;content-type=text/vnd.viewcvs-markup" class="webrepository">LineCountsBuilder.java</a>&#160;<span class="change">(+75&#160;-75)</span>,
        <a href="http://svn.sourceforge.net/viewvc/statsvn/trunk/statsvn/src/net/sf/statcvs/input/LogSyntaxException.java?rev=56&amp;content-type=text/vnd.viewcvs-markup" class="webrepository">LogSyntaxException.java</a>&#160;<span class="change">(+16&#160;-16)</span>,
        <a href="http://svn.sourceforge.net/viewvc/statsvn/trunk/statsvn/src/net/sf/statcvs/input/NoLineCountException.java?rev=56&amp;content-type=text/vnd.viewcvs-markup" class="webrepository">NoLineCountException.java</a>&#160;<span class="change">(+20&#160;-21)</span>,
        <a href="http://svn.sourceforge.net/viewvc/statsvn/trunk/statsvn/src/net/sf/statcvs/input/RevisionData.java?rev=56&amp;content-type=text/vnd.viewcvs-markup" class="webrepository">RevisionData.java</a>&#160;<span class="change">(+2&#160;-2)</span>,
        <a href="http://svn.sourceforge.net/viewvc/statsvn/trunk/statsvn/src/net/sf/statcvs/input/RevisionParser.java?rev=56&amp;content-type=text/vnd.viewcvs-markup" class="webrepository">RevisionParser.java</a>&#160;<span class="change">(+166&#160;-175)</span>,
        <a href="http://svn.sourceforge.net/viewvc/statsvn/trunk/statsvn/src/net/sf/statcvs/input/SvnLogBuilder.java?rev=56&amp;content-type=text/vnd.viewcvs-markup" class="webrepository">SvnLogBuilder.java</a>&#160;<span class="change">(+58&#160;-56)</span>,
        <a href="http://svn.sourceforge.net/viewvc/statsvn/trunk/statsvn/src/net/sf/statcvs/input/SvnXmlLineCountsFileHandler.java?rev=56&amp;content-type=text/vnd.viewcvs-markup" class="webrepository">SvnXmlLineCountsFileHandler.java</a>&#160;<span class="change">(+101&#160;-107)</span>,
        <a href="http://svn.sourceforge.net/viewvc/statsvn/trunk/statsvn/src/net/sf/statcvs/input/SvnXmlLogFileHandler.java?rev=56&amp;content-type=text/vnd.viewcvs-markup" class="webrepository">SvnXmlLogFileHandler.java</a>&#160;<span class="change">(+14&#160;-16)</span>
      </li>
      <li>
        <strong>src/net/sf/statcvs/util</strong>:
        <a href="http://svn.sourceforge.net/viewvc/statsvn/trunk/statsvn/src/net/sf/statcvs/util/SvnLogUtils.java?rev=38&amp;content-type=text/vnd.viewcvs-markup" class="webrepository">SvnLogUtils.java</a>&#160;<span class="del">(del)</span>
      </li>
      <li>
        <strong>tests-src/net/sf/statcvs/input</strong>:
        <a href="http://svn.sourceforge.net/viewvc/statsvn/trunk/statsvn/tests-src/net/sf/statcvs/input/FileBlockParserTest.java?rev=56&amp;content-type=text/vnd.viewcvs-markup" class="webrepository">FileBlockParserTest.java</a>&#160;<span class="change">(+4&#160;-4)</span>,
        <a href="http://svn.sourceforge.net/viewvc/statsvn/trunk/statsvn/tests-src/net/sf/statcvs/input/ParserTest.java?rev=56&amp;content-type=text/vnd.viewcvs-markup" class="webrepository">ParserTest.java</a>&#160;<span class="change">(+2&#160;-2)</span>
      </li>
    </ul>
  </dd>

  <dt>
    <a href="user_jkealey.html" class="author">jkealey</a>
    <span class="date">2006-03-10 03:15</span>
  </dt>
  <dd>
    <p class="comment">
fixed &amp;raquo; problem
    </p>
    <p class="commitdetails"><strong>2</strong> lines of code changed in:</p>
    <ul class="commitdetails">
      <li>
        <strong>src/net/sf/statcvs</strong>:
        <a href="http://svn.sourceforge.net/viewvc/statsvn/trunk/statsvn/src/net/sf/statcvs/statcvs.properties?rev=55&amp;content-type=text/vnd.viewcvs-markup" class="webrepository">statcvs.properties</a>&#160;<span class="change">(+2&#160;-2)</span>
      </li>
    </ul>
  </dd>

  <dt>
    <a href="user_jkealey.html" class="author">jkealey</a>
    <span class="date">2006-03-10 02:29</span>
  </dt>
  <dd>
    <p class="comment">
Bug 23: Now supporting ViewCVS.<br/>
Removed command line arguments for Chora and CVSweb. Filing new bug for support of Chora, since it supports Subversion. <br/>

    </p>
    <p class="commitdetails"><strong>24</strong> lines of code changed in:</p>
    <ul class="commitdetails">
      <li>
        <strong>src/net/sf/statcvs/output</strong>:
        <a href="http://svn.sourceforge.net/viewvc/statsvn/trunk/statsvn/src/net/sf/statcvs/output/CommandLineParser.java?rev=54&amp;content-type=text/vnd.viewcvs-markup" class="webrepository">CommandLineParser.java</a>&#160;<span class="change">(+12&#160;-8)</span>,
        <a href="http://svn.sourceforge.net/viewvc/statsvn/trunk/statsvn/src/net/sf/statcvs/output/ViewCvsIntegration.java?rev=54&amp;content-type=text/vnd.viewcvs-markup" class="webrepository">ViewCvsIntegration.java</a>&#160;<span class="change">(+12&#160;-7)</span>
      </li>
    </ul>
  </dd>

  <dt>
    <a href="user_jkealey.html" class="author">jkealey</a>
    <span class="date">2006-03-10 02:22</span>
  </dt>
  <dd>
    <p class="comment">
removed dead method
    </p>
    <p class="commitdetails"><strong>1</strong> lines of code changed in:</p>
    <ul class="commitdetails">
      <li>
        <strong>src/net/sf/statcvs/input</strong>:
        <a href="http://svn.sourceforge.net/viewvc/statsvn/trunk/statsvn/src/net/sf/statcvs/input/SvnLogfileParser.java?rev=53&amp;content-type=text/vnd.viewcvs-markup" class="webrepository">SvnLogfileParser.java</a>&#160;<span class="change">(+1&#160;-2)</span>
      </li>
    </ul>
  </dd>

  <dt>
    <a href="user_jkealey.html" class="author">jkealey</a>
    <span class="date">2006-03-10 01:51</span>
  </dt>
  <dd>
    <p class="comment">
removed dead method
    </p>
    <p class="commitdetails"><strong>208</strong> lines of code changed in:</p>
    <ul class="commitdetails">
      <li>
        <strong>src/net/sf/statcvs/input</strong>:
        <a href="http://svn.sourceforge.net/viewvc/statsvn/trunk/statsvn/src/net/sf/statcvs/input/SvnLogfileParser.java?rev=52&amp;content-type=text/vnd.viewcvs-markup" class="webrepository">SvnLogfileParser.java</a>&#160;<span class="change">(+208&#160;-308)</span>
      </li>
    </ul>
  </dd>

  <dt>
    <a href="user_jkealey.html" class="author">jkealey</a>
    <span class="date">2006-03-09 20:01</span>
  </dt>
  <dd>
    <p class="comment">
deletion and addition bugs: major improvement
    </p>
    <p class="commitdetails"><strong>480</strong> lines of code changed in:</p>
    <ul class="commitdetails">
      <li>
        <strong>src/net/sf/statcvs/input</strong>:
        <a href="http://svn.sourceforge.net/viewvc/statsvn/trunk/statsvn/src/net/sf/statcvs/input/Builder.java?rev=51&amp;content-type=text/vnd.viewcvs-markup" class="webrepository">Builder.java</a>&#160;<span class="change">(+2&#160;-2)</span>,
        <a href="http://svn.sourceforge.net/viewvc/statsvn/trunk/statsvn/src/net/sf/statcvs/input/FileBuilder.java?rev=51&amp;content-type=text/vnd.viewcvs-markup" class="webrepository">FileBuilder.java</a>&#160;<span class="change">(+1&#160;-1)</span>,
        <a href="http://svn.sourceforge.net/viewvc/statsvn/trunk/statsvn/src/net/sf/statcvs/input/SvnLogfileParser.java?rev=51&amp;content-type=text/vnd.viewcvs-markup" class="webrepository">SvnLogfileParser.java</a>&#160;<span class="change">(+154&#160;-32)</span>,
        <a href="http://svn.sourceforge.net/viewvc/statsvn/trunk/statsvn/src/net/sf/statcvs/input/SvnXmlLogFileHandler.java?rev=51&amp;content-type=text/vnd.viewcvs-markup" class="webrepository">SvnXmlLogFileHandler.java</a>&#160;<span class="change">(+13&#160;-7)</span>
      </li>
      <li>
        <strong>src/net/sf/statcvs/util</strong>:
        <a href="http://svn.sourceforge.net/viewvc/statsvn/trunk/statsvn/src/net/sf/statcvs/util/FilenameComparator.java?rev=51&amp;content-type=text/vnd.viewcvs-markup" class="webrepository">FilenameComparator.java</a>&#160;<span class="new">(new&#160;4)</span>,
        <a href="http://svn.sourceforge.net/viewvc/statsvn/trunk/statsvn/src/net/sf/statcvs/util/SvnInfoUtils.java?rev=51&amp;content-type=text/vnd.viewcvs-markup" class="webrepository">SvnInfoUtils.java</a>&#160;<span class="change">(+306&#160;-285)</span>
      </li>
    </ul>
  </dd>

  <dt>
    <a href="user_jkealey.html" class="author">jkealey</a>
    <span class="date">2006-03-09 17:07</span>
  </dt>
  <dd>
    <p class="comment">
now using same query for diff and now returns errorstream if it exists.<br/>

    </p>
    <p class="commitdetails"><strong>22</strong> lines of code changed in:</p>
    <ul class="commitdetails">
      <li>
        <strong>src/net/sf/statcvs/util</strong>:
        <a href="http://svn.sourceforge.net/viewvc/statsvn/trunk/statsvn/src/net/sf/statcvs/util/SvnDiffUtils.java?rev=50&amp;content-type=text/vnd.viewcvs-markup" class="webrepository">SvnDiffUtils.java</a>&#160;<span class="change">(+22&#160;-19)</span>
      </li>
    </ul>
  </dd>

  <dt>
    <a href="user_jkealey.html" class="author">jkealey</a>
    <span class="date">2006-03-09 17:04</span>
  </dt>
  <dd>
    <p class="comment">
formatted
    </p>
    <p class="commitdetails"><strong>197</strong> lines of code changed in:</p>
    <ul class="commitdetails">
      <li>
        <strong>src/net/sf/statcvs/input</strong>:
        <a href="http://svn.sourceforge.net/viewvc/statsvn/trunk/statsvn/src/net/sf/statcvs/input/SvnLogfileParser.java?rev=49&amp;content-type=text/vnd.viewcvs-markup" class="webrepository">SvnLogfileParser.java</a>&#160;<span class="change">(+197&#160;-186)</span>
      </li>
    </ul>
  </dd>

  <dt>
    <a href="user_jkealey.html" class="author">jkealey</a>
    <span class="date">2006-03-09 15:56</span>
  </dt>
  <dd>
    <p class="comment">
0 line diffs are legal.<br/>
http://svnbook.red-bean.com/nightly/en/svn.advanced.props.html#svn.advanced.props.special.keywords<br/>

    </p>
    <p class="commitdetails"><strong>12</strong> lines of code changed in:</p>
    <ul class="commitdetails">
      <li>
        <strong>src/net/sf/statcvs/util</strong>:
        <a href="http://svn.sourceforge.net/viewvc/statsvn/trunk/statsvn/src/net/sf/statcvs/util/SvnDiffUtils.java?rev=48&amp;content-type=text/vnd.viewcvs-markup" class="webrepository">SvnDiffUtils.java</a>&#160;<span class="change">(+12&#160;-4)</span>
      </li>
    </ul>
  </dd>

  <dt>
    <a href="user_jkealey.html" class="author">jkealey</a>
    <span class="date">2006-03-09 03:26</span>
  </dt>
  <dd>
    <p class="comment">
Bugs 13, 14, 17, 18, 20, 22: Solved following DevDocDeletionMitigationPlan 
    </p>
    <p class="commitdetails"><strong>728</strong> lines of code changed in:</p>
    <ul class="commitdetails">
      <li>
        <strong>src/net/sf/statcvs/input</strong>:
        <a href="http://svn.sourceforge.net/viewvc/statsvn/trunk/statsvn/src/net/sf/statcvs/input/Builder.java?rev=47&amp;content-type=text/vnd.viewcvs-markup" class="webrepository">Builder.java</a>&#160;<span class="change">(+1&#160;-11)</span>,
        <a href="http://svn.sourceforge.net/viewvc/statsvn/trunk/statsvn/src/net/sf/statcvs/input/FileBuilder.java?rev=47&amp;content-type=text/vnd.viewcvs-markup" class="webrepository">FileBuilder.java</a>&#160;<span class="change">(+14)</span>,
        <a href="http://svn.sourceforge.net/viewvc/statsvn/trunk/statsvn/src/net/sf/statcvs/input/RevisionData.java?rev=47&amp;content-type=text/vnd.viewcvs-markup" class="webrepository">RevisionData.java</a>&#160;<span class="change">(+195&#160;-200)</span>,
        <a href="http://svn.sourceforge.net/viewvc/statsvn/trunk/statsvn/src/net/sf/statcvs/input/SvnLogfileParser.java?rev=47&amp;content-type=text/vnd.viewcvs-markup" class="webrepository">SvnLogfileParser.java</a>&#160;<span class="change">(+212&#160;-86)</span>,
        <a href="http://svn.sourceforge.net/viewvc/statsvn/trunk/statsvn/src/net/sf/statcvs/input/SvnXmlLogFileHandler.java?rev=47&amp;content-type=text/vnd.viewcvs-markup" class="webrepository">SvnXmlLogFileHandler.java</a>&#160;<span class="change">(+17&#160;-13)</span>
      </li>
      <li>
        <strong>src/net/sf/statcvs/util</strong>:
        <a href="http://svn.sourceforge.net/viewvc/statsvn/trunk/statsvn/src/net/sf/statcvs/util/SvnInfoUtils.java?rev=47&amp;content-type=text/vnd.viewcvs-markup" class="webrepository">SvnInfoUtils.java</a>&#160;<span class="change">(+289&#160;-288)</span>
      </li>
    </ul>
  </dd>

  <dt>
    <a href="user_jkealey.html" class="author">jkealey</a>
    <span class="date">2006-03-07 21:47</span>
  </dt>
  <dd>
    <p class="comment">
Made a few things a bit more robust. 
    </p>
    <p class="commitdetails"><strong>40</strong> lines of code changed in:</p>
    <ul class="commitdetails">
      <li>
        <strong>src/net/sf/statcvs/input</strong>:
        <a href="http://svn.sourceforge.net/viewvc/statsvn/trunk/statsvn/src/net/sf/statcvs/input/LineCountsBuilder.java?rev=46&amp;content-type=text/vnd.viewcvs-markup" class="webrepository">LineCountsBuilder.java</a>&#160;<span class="change">(+10&#160;-6)</span>,
        <a href="http://svn.sourceforge.net/viewvc/statsvn/trunk/statsvn/src/net/sf/statcvs/input/SvnLogfileParser.java?rev=46&amp;content-type=text/vnd.viewcvs-markup" class="webrepository">SvnLogfileParser.java</a>&#160;<span class="change">(+24&#160;-33)</span>
      </li>
      <li>
        <strong>src/net/sf/statcvs/util</strong>:
        <a href="http://svn.sourceforge.net/viewvc/statsvn/trunk/statsvn/src/net/sf/statcvs/util/SvnDiffUtils.java?rev=46&amp;content-type=text/vnd.viewcvs-markup" class="webrepository">SvnDiffUtils.java</a>&#160;<span class="change">(+6&#160;-5)</span>
      </li>
    </ul>
  </dd>

  <dt>
    <a href="user_jpdaigle.html" class="author">jpdaigle</a>
    <span class="date">2006-03-06 05:20</span>
  </dt>
  <dd>
    <p class="comment">
Bug 16: check version of svn executable before attempting to generate reports.<br/>

    </p>
    <p class="commitdetails"><strong>49</strong> lines of code changed in:</p>
    <ul class="commitdetails">
      <li>
        <strong>src/net/sf/statcvs</strong>:
        <a href="http://svn.sourceforge.net/viewvc/statsvn/trunk/statsvn/src/net/sf/statcvs/Main.java?rev=45&amp;content-type=text/vnd.viewcvs-markup" class="webrepository">Main.java</a>&#160;<span class="change">(+10)</span>
      </li>
      <li>
        <strong>src/net/sf/statcvs/util</strong>:
        <a href="http://svn.sourceforge.net/viewvc/statsvn/trunk/statsvn/src/net/sf/statcvs/util/SvnStartupUtils.java?rev=45&amp;content-type=text/vnd.viewcvs-markup" class="webrepository">SvnStartupUtils.java</a>&#160;<span class="new">(new&#160;26)</span>,
        <a href="http://svn.sourceforge.net/viewvc/statsvn/trunk/statsvn/src/net/sf/statcvs/util/SvnVersionMismatchException.java?rev=45&amp;content-type=text/vnd.viewcvs-markup" class="webrepository">SvnVersionMismatchException.java</a>&#160;<span class="new">(new&#160;13)</span>
      </li>
    </ul>
  </dd>

  <dt>
    <a href="user_jkealey.html" class="author">jkealey</a>
    <span class="date">2006-03-03 17:50</span>
  </dt>
  <dd>
    <p class="comment">
Bugs 18, 19 and 20: commit requires code-review.<br/>
better support for deleted / binary files. <br/>
<br/>

    </p>
    <p class="commitdetails"><strong>310</strong> lines of code changed in:</p>
    <ul class="commitdetails">
      <li>
        <strong>src/net/sf/statcvs/input</strong>:
        <a href="http://svn.sourceforge.net/viewvc/statsvn/trunk/statsvn/src/net/sf/statcvs/input/Builder.java?rev=43&amp;content-type=text/vnd.viewcvs-markup" class="webrepository">Builder.java</a>&#160;<span class="change">(+245&#160;-250)</span>,
        <a href="http://svn.sourceforge.net/viewvc/statsvn/trunk/statsvn/src/net/sf/statcvs/input/FileBuilder.java?rev=43&amp;content-type=text/vnd.viewcvs-markup" class="webrepository">FileBuilder.java</a>&#160;<span class="change">(+33&#160;-25)</span>,
        <a href="http://svn.sourceforge.net/viewvc/statsvn/trunk/statsvn/src/net/sf/statcvs/input/RevisionData.java?rev=43&amp;content-type=text/vnd.viewcvs-markup" class="webrepository">RevisionData.java</a>&#160;<span class="change">(+6&#160;-1)</span>,
        <a href="http://svn.sourceforge.net/viewvc/statsvn/trunk/statsvn/src/net/sf/statcvs/input/SvnLogfileParser.java?rev=43&amp;content-type=text/vnd.viewcvs-markup" class="webrepository">SvnLogfileParser.java</a>&#160;<span class="change">(+8&#160;-1)</span>,
        <a href="http://svn.sourceforge.net/viewvc/statsvn/trunk/statsvn/src/net/sf/statcvs/input/SvnXmlLogFileHandler.java?rev=43&amp;content-type=text/vnd.viewcvs-markup" class="webrepository">SvnXmlLogFileHandler.java</a>&#160;<span class="change">(+3&#160;-1)</span>
      </li>
      <li>
        <strong>src/net/sf/statcvs/util</strong>:
        <a href="http://svn.sourceforge.net/viewvc/statsvn/trunk/statsvn/src/net/sf/statcvs/util/SvnPropgetUtils.java?rev=43&amp;content-type=text/vnd.viewcvs-markup" class="webrepository">SvnPropgetUtils.java</a>&#160;<span class="change">(+15&#160;-4)</span>
      </li>
    </ul>
  </dd>

  <dt>
    <a href="user_jkealey.html" class="author">jkealey</a>
    <span class="date">2006-03-02 19:33</span>
  </dt>
  <dd>
    <p class="comment">
reverted to previous dist dependencies
    </p>
    <p class="commitdetails"><strong>1</strong> lines of code changed in:</p>
    <ul class="commitdetails">
      <li>
        <a href="http://svn.sourceforge.net/viewvc/statsvn/trunk/statsvn/build.xml.diff?r1=27&amp;r2=42" class="webrepository">build.xml</a>&#160;<span class="change">(+1&#160;-1)</span>
      </li>
    </ul>
  </dd>

  <dt>
    <a href="user_gunterm.html" class="author">gunterm</a>
    <span class="date">2006-03-01 15:07</span>
  </dt>
  <dd>
    <p class="comment">
bug 9: resolved
    </p>
    <p class="commitdetails"><strong>8</strong> lines of code changed in:</p>
    <ul class="commitdetails">
      <li>
        <strong>src/net/sf/statcvs/input</strong>:
        <a href="http://svn.sourceforge.net/viewvc/statsvn/trunk/statsvn/src/net/sf/statcvs/input/SvnLogfileParser.java?rev=41&amp;content-type=text/vnd.viewcvs-markup" class="webrepository">SvnLogfileParser.java</a>&#160;<span class="change">(+1&#160;-1)</span>
      </li>
      <li>
        <strong>src/net/sf/statcvs/util</strong>:
        <a href="http://svn.sourceforge.net/viewvc/statsvn/trunk/statsvn/src/net/sf/statcvs/util/SvnDiffUtils.java?rev=41&amp;content-type=text/vnd.viewcvs-markup" class="webrepository">SvnDiffUtils.java</a>&#160;<span class="change">(+7&#160;-7)</span>
      </li>
    </ul>
  </dd>

  <dt>
    <a href="user_gunterm.html" class="author">gunterm</a>
    <span class="date">2006-02-28 23:04</span>
  </dt>
  <dd>
    <p class="comment">
bug 9: diff on deleted files (not finished yet)
    </p>
    <p class="commitdetails"><strong>69</strong> lines of code changed in:</p>
    <ul class="commitdetails">
      <li>
        <strong>src/net/sf/statcvs/input</strong>:
        <a href="http://svn.sourceforge.net/viewvc/statsvn/trunk/statsvn/src/net/sf/statcvs/input/LineCountsBuilder.java?rev=40&amp;content-type=text/vnd.viewcvs-markup" class="webrepository">LineCountsBuilder.java</a>&#160;<span class="change">(+1&#160;-1)</span>,
        <a href="http://svn.sourceforge.net/viewvc/statsvn/trunk/statsvn/src/net/sf/statcvs/input/SvnLogfileParser.java?rev=40&amp;content-type=text/vnd.viewcvs-markup" class="webrepository">SvnLogfileParser.java</a>&#160;<span class="change">(+6&#160;-20)</span>
      </li>
      <li>
        <strong>src/net/sf/statcvs/util</strong>:
        <a href="http://svn.sourceforge.net/viewvc/statsvn/trunk/statsvn/src/net/sf/statcvs/util/SvnDiffUtils.java?rev=40&amp;content-type=text/vnd.viewcvs-markup" class="webrepository">SvnDiffUtils.java</a>&#160;<span class="change">(+62&#160;-24)</span>
      </li>
    </ul>
  </dd>

  <dt>
    <a href="user_jkealey.html" class="author">jkealey</a>
    <span class="date">2006-02-28 18:46</span>
  </dt>
  <dd>
    <p class="comment">
   * Added some serial ids to serializable classes.<br/>
   * added utility methods to go from [relative, absolute, url] to [relative, absolute, url] <br/>
   * deprecated a few files<br/>
   * Bug 1: added test suite to make sure they work as intended. need to test in the field, but behaviour is now easy to track. 
    </p>
    <p class="commitdetails"><strong>422</strong> lines of code changed in:</p>
    <ul class="commitdetails">
      <li>
        <strong>src/net/sf/statcvs/input</strong>:
        <a href="http://svn.sourceforge.net/viewvc/statsvn/trunk/statsvn/src/net/sf/statcvs/input/EmptyRepositoryException.java?rev=38&amp;content-type=text/vnd.viewcvs-markup" class="webrepository">EmptyRepositoryException.java</a>&#160;<span class="change">(+32&#160;-23)</span>,
        <a href="http://svn.sourceforge.net/viewvc/statsvn/trunk/statsvn/src/net/sf/statcvs/input/FileBlockParser.java?rev=38&amp;content-type=text/vnd.viewcvs-markup" class="webrepository">FileBlockParser.java</a>&#160;<span class="change">(+1)</span>,
        <a href="http://svn.sourceforge.net/viewvc/statsvn/trunk/statsvn/src/net/sf/statcvs/input/LogSyntaxException.java?rev=38&amp;content-type=text/vnd.viewcvs-markup" class="webrepository">LogSyntaxException.java</a>&#160;<span class="change">(+24&#160;-19)</span>,
        <a href="http://svn.sourceforge.net/viewvc/statsvn/trunk/statsvn/src/net/sf/statcvs/input/NoLineCountException.java?rev=38&amp;content-type=text/vnd.viewcvs-markup" class="webrepository">NoLineCountException.java</a>&#160;<span class="change">(+30&#160;-21)</span>,
        <a href="http://svn.sourceforge.net/viewvc/statsvn/trunk/statsvn/src/net/sf/statcvs/input/SvnXmlLogFileHandler.java?rev=38&amp;content-type=text/vnd.viewcvs-markup" class="webrepository">SvnXmlLogFileHandler.java</a>&#160;<span class="change">(-2)</span>
      </li>
      <li>
        <strong>src/net/sf/statcvs/output</strong>:
        <a href="http://svn.sourceforge.net/viewvc/statsvn/trunk/statsvn/src/net/sf/statcvs/output/ConfigurationException.java?rev=38&amp;content-type=text/vnd.viewcvs-markup" class="webrepository">ConfigurationException.java</a>&#160;<span class="change">(+5)</span>
      </li>
      <li>
        <strong>src/net/sf/statcvs/renderer</strong>:
        <a href="http://svn.sourceforge.net/viewvc/statsvn/trunk/statsvn/src/net/sf/statcvs/renderer/PointXYRenderer.java?rev=38&amp;content-type=text/vnd.viewcvs-markup" class="webrepository">PointXYRenderer.java</a>&#160;<span class="change">(+5)</span>
      </li>
      <li>
        <strong>src/net/sf/statcvs/util</strong>:
        <a href="http://svn.sourceforge.net/viewvc/statsvn/trunk/statsvn/src/net/sf/statcvs/util/SvnInfoUtils.java?rev=38&amp;content-type=text/vnd.viewcvs-markup" class="webrepository">SvnInfoUtils.java</a>&#160;<span class="change">(+294&#160;-214)</span>,
        <a href="http://svn.sourceforge.net/viewvc/statsvn/trunk/statsvn/src/net/sf/statcvs/util/SvnLogUtils.java?rev=38&amp;content-type=text/vnd.viewcvs-markup" class="webrepository">SvnLogUtils.java</a>&#160;<span class="change">(-10)</span>,
        <a href="http://svn.sourceforge.net/viewvc/statsvn/trunk/statsvn/src/net/sf/statcvs/util/SvnPropgetUtils.java?rev=38&amp;content-type=text/vnd.viewcvs-markup" class="webrepository">SvnPropgetUtils.java</a>&#160;<span class="change">(-2)</span>
      </li>
      <li>
        <strong>tests-src/net/sf/statcvs/input</strong>:
        <a href="http://svn.sourceforge.net/viewvc/statsvn/trunk/statsvn/tests-src/net/sf/statcvs/input/AllTests.java?rev=38&amp;content-type=text/vnd.viewcvs-markup" class="webrepository">AllTests.java</a>&#160;<span class="change">(+4)</span>
      </li>
      <li>
        <strong>tests-src/net/sf/statcvs/util</strong>:
        <a href="http://svn.sourceforge.net/viewvc/statsvn/trunk/statsvn/tests-src/net/sf/statcvs/util/AllTests.java?rev=38&amp;content-type=text/vnd.viewcvs-markup" class="webrepository">AllTests.java</a>&#160;<span class="change">(+24&#160;-22)</span>,
        <a href="http://svn.sourceforge.net/viewvc/statsvn/trunk/statsvn/tests-src/net/sf/statcvs/util/SvnInfoUtilsTest.java?rev=39&amp;content-type=text/vnd.viewcvs-markup" class="webrepository">SvnInfoUtilsTest.java</a>&#160;<span class="new">(new&#160;3)</span>,
        <a href="http://svn.sourceforge.net/viewvc/statsvn/trunk/statsvn/tests-src/net/sf/statcvs/util/SvnLogUtilsTest.java?rev=20&amp;content-type=text/vnd.viewcvs-markup" class="webrepository">SvnLogUtilsTest.java</a>&#160;<span class="del">(del)</span>
      </li>
    </ul>
  </dd>

  <dt>
    <a href="user_jkealey.html" class="author">jkealey</a>
    <span class="date">2006-02-28 14:00</span>
  </dt>
  <dd>
    <p class="comment">
Used new ConfigurationOptions.getCheckedOutDirectoryAsFile() instead.<br/>

    </p>
    <p class="commitdetails"><strong>3</strong> lines of code changed in:</p>
    <ul class="commitdetails">
      <li>
        <strong>src/net/sf/statcvs/util</strong>:
        <a href="http://svn.sourceforge.net/viewvc/statsvn/trunk/statsvn/src/net/sf/statcvs/util/SvnDiffUtils.java?rev=37&amp;content-type=text/vnd.viewcvs-markup" class="webrepository">SvnDiffUtils.java</a>&#160;<span class="change">(+2&#160;-5)</span>,
        <a href="http://svn.sourceforge.net/viewvc/statsvn/trunk/statsvn/src/net/sf/statcvs/util/SvnPropgetUtils.java?rev=37&amp;content-type=text/vnd.viewcvs-markup" class="webrepository">SvnPropgetUtils.java</a>&#160;<span class="change">(+1&#160;-2)</span>
      </li>
    </ul>
  </dd>

  <dt>
    <a href="user_jkealey.html" class="author">jkealey</a>
    <span class="date">2006-02-28 13:58</span>
  </dt>
  <dd>
    <p class="comment">
removed useless comments
    </p>
    <p class="commitdetails"><strong>26</strong> lines of code changed in:</p>
    <ul class="commitdetails">
      <li>
        <strong>src/net/sf/statcvs/util</strong>:
        <a href="http://svn.sourceforge.net/viewvc/statsvn/trunk/statsvn/src/net/sf/statcvs/util/SvnDiffUtils.java?rev=36&amp;content-type=text/vnd.viewcvs-markup" class="webrepository">SvnDiffUtils.java</a>&#160;<span class="change">(+26&#160;-57)</span>
      </li>
    </ul>
  </dd>

  <dt>
    <a href="user_jkealey.html" class="author">jkealey</a>
    <span class="date">2006-02-28 12:53</span>
  </dt>
  <dd>
    <p class="comment">
bug 2: getRevision(filename): make efficient<br/>

    </p>
    <p class="commitdetails"><strong>281</strong> lines of code changed in:</p>
    <ul class="commitdetails">
      <li>
        <strong>src/net/sf/statcvs/util</strong>:
        <a href="http://svn.sourceforge.net/viewvc/statsvn/trunk/statsvn/src/net/sf/statcvs/util/SvnInfoUtils.java?rev=34&amp;content-type=text/vnd.viewcvs-markup" class="webrepository">SvnInfoUtils.java</a>&#160;<span class="new">(new&#160;281)</span>
      </li>
    </ul>
  </dd>

  <dt>
    <a href="user_jkealey.html" class="author">jkealey</a>
    <span class="date">2006-02-28 05:23</span>
  </dt>
  <dd>
    <p class="comment">
bug 2: getRevision(filename): make efficient<br/>

    </p>
    <p class="commitdetails"><strong>624</strong> lines of code changed in:</p>
    <ul class="commitdetails">
      <li>
        <strong>src/net/sf/statcvs/input</strong>:
        <a href="http://svn.sourceforge.net/viewvc/statsvn/trunk/statsvn/src/net/sf/statcvs/input/Builder.java?rev=33&amp;content-type=text/vnd.viewcvs-markup" class="webrepository">Builder.java</a>&#160;<span class="change">(+1&#160;-2)</span>,
        <a href="http://svn.sourceforge.net/viewvc/statsvn/trunk/statsvn/src/net/sf/statcvs/input/FileBuilder.java?rev=33&amp;content-type=text/vnd.viewcvs-markup" class="webrepository">FileBuilder.java</a>&#160;<span class="change">(-2)</span>,
        <a href="http://svn.sourceforge.net/viewvc/statsvn/trunk/statsvn/src/net/sf/statcvs/input/RepositoryFileManager.java?rev=33&amp;content-type=text/vnd.viewcvs-markup" class="webrepository">RepositoryFileManager.java</a>&#160;<span class="change">(+3&#160;-48)</span>,
        <a href="http://svn.sourceforge.net/viewvc/statsvn/trunk/statsvn/src/net/sf/statcvs/input/SvnXmlLogFileHandler.java?rev=33&amp;content-type=text/vnd.viewcvs-markup" class="webrepository">SvnXmlLogFileHandler.java</a>&#160;<span class="change">(+202&#160;-194)</span>
      </li>
      <li>
        <strong>src/net/sf/statcvs/output</strong>:
        <a href="http://svn.sourceforge.net/viewvc/statsvn/trunk/statsvn/src/net/sf/statcvs/output/ConfigurationOptions.java?rev=33&amp;content-type=text/vnd.viewcvs-markup" class="webrepository">ConfigurationOptions.java</a>&#160;<span class="change">(+305&#160;-292)</span>
      </li>
      <li>
        <strong>src/net/sf/statcvs/util</strong>:
        <a href="http://svn.sourceforge.net/viewvc/statsvn/trunk/statsvn/src/net/sf/statcvs/util/SvnDiffUtils.java?rev=33&amp;content-type=text/vnd.viewcvs-markup" class="webrepository">SvnDiffUtils.java</a>&#160;<span class="change">(+2)</span>,
        <a href="http://svn.sourceforge.net/viewvc/statsvn/trunk/statsvn/src/net/sf/statcvs/util/SvnLogUtils.java?rev=33&amp;content-type=text/vnd.viewcvs-markup" class="webrepository">SvnLogUtils.java</a>&#160;<span class="change">(+110&#160;-111)</span>,
        <a href="http://svn.sourceforge.net/viewvc/statsvn/trunk/statsvn/src/net/sf/statcvs/util/SvnPropgetUtils.java?rev=33&amp;content-type=text/vnd.viewcvs-markup" class="webrepository">SvnPropgetUtils.java</a>&#160;<span class="change">(+1&#160;-1)</span>
      </li>
    </ul>
  </dd>

  <dt>
    <a href="user_jpdaigle.html" class="author">jpdaigle</a>
    <span class="date">2006-02-28 01:33</span>
  </dt>
  <dd>
    <p class="comment">
removed path to svn command - it should always be in your $PATH<br/>

    </p>
    <p class="commitdetails"><strong>2</strong> lines of code changed in:</p>
    <ul class="commitdetails">
      <li>
        <strong>src/net/sf/statcvs/util</strong>:
        <a href="http://svn.sourceforge.net/viewvc/statsvn/trunk/statsvn/src/net/sf/statcvs/util/SvnDiffUtils.java?rev=32&amp;content-type=text/vnd.viewcvs-markup" class="webrepository">SvnDiffUtils.java</a>&#160;<span class="change">(+2&#160;-2)</span>
      </li>
    </ul>
  </dd>

  <dt>
    <a href="user_gunterm.html" class="author">gunterm</a>
    <span class="date">2006-02-27 18:11</span>
  </dt>
  <dd>
    <p class="comment">
refactored file handlers, added LineCountsBuilder, svn diff is now not used if line counts exist in the xml file
    </p>
    <p class="commitdetails"><strong>391</strong> lines of code changed in:</p>
    <ul class="commitdetails">
      <li>
        <strong>src/net/sf/statcvs/input</strong>:
        <a href="http://svn.sourceforge.net/viewvc/statsvn/trunk/statsvn/src/net/sf/statcvs/input/FileBuilder.java?rev=31&amp;content-type=text/vnd.viewcvs-markup" class="webrepository">FileBuilder.java</a>&#160;<span class="change">(+10)</span>,
        <a href="http://svn.sourceforge.net/viewvc/statsvn/trunk/statsvn/src/net/sf/statcvs/input/LineCountsBuilder.java?rev=31&amp;content-type=text/vnd.viewcvs-markup" class="webrepository">LineCountsBuilder.java</a>&#160;<span class="new">(new&#160;71)</span>,
        <a href="http://svn.sourceforge.net/viewvc/statsvn/trunk/statsvn/src/net/sf/statcvs/input/RevisionData.java?rev=31&amp;content-type=text/vnd.viewcvs-markup" class="webrepository">RevisionData.java</a>&#160;<span class="change">(-4)</span>,
        <a href="http://svn.sourceforge.net/viewvc/statsvn/trunk/statsvn/src/net/sf/statcvs/input/SvnLogfileParser.java?rev=31&amp;content-type=text/vnd.viewcvs-markup" class="webrepository">SvnLogfileParser.java</a>&#160;<span class="change">(+23&#160;-144)</span>,
        <a href="http://svn.sourceforge.net/viewvc/statsvn/trunk/statsvn/src/net/sf/statcvs/input/SvnXmlLineCountsFileHandler.java?rev=31&amp;content-type=text/vnd.viewcvs-markup" class="webrepository">SvnXmlLineCountsFileHandler.java</a>&#160;<span class="change">(+62&#160;-88)</span>,
        <a href="http://svn.sourceforge.net/viewvc/statsvn/trunk/statsvn/src/net/sf/statcvs/input/SvnXmlLogFileHandler.java?rev=31&amp;content-type=text/vnd.viewcvs-markup" class="webrepository">SvnXmlLogFileHandler.java</a>&#160;<span class="change">(+194&#160;-190)</span>
      </li>
      <li>
        <strong>src/net/sf/statcvs/util</strong>:
        <a href="http://svn.sourceforge.net/viewvc/statsvn/trunk/statsvn/src/net/sf/statcvs/util/XMLUtil.java?rev=31&amp;content-type=text/vnd.viewcvs-markup" class="webrepository">XMLUtil.java</a>&#160;<span class="change">(+31)</span>
      </li>
    </ul>
  </dd>

  <dt>
    <a href="user_gunterm.html" class="author">gunterm</a>
    <span class="date">2006-02-24 23:09</span>
  </dt>
  <dd>
    <p class="comment">
writing &amp; reading of lineCounts.xml (still following issues: full or relative path for xml entries; saved xml data is not used - data will be duplicated in next xml file; limited svn diff parsing to first 5 files)
    </p>
    <p class="commitdetails"><strong>360</strong> lines of code changed in:</p>
    <ul class="commitdetails">
      <li>
        <strong>src/net/sf/statcvs/input</strong>:
        <a href="http://svn.sourceforge.net/viewvc/statsvn/trunk/statsvn/src/net/sf/statcvs/input/SvnLogfileParser.java?rev=30&amp;content-type=text/vnd.viewcvs-markup" class="webrepository">SvnLogfileParser.java</a>&#160;<span class="change">(+227&#160;-114)</span>,
        <a href="http://svn.sourceforge.net/viewvc/statsvn/trunk/statsvn/src/net/sf/statcvs/input/SvnXmlLineCountsFileHandler.java?rev=30&amp;content-type=text/vnd.viewcvs-markup" class="webrepository">SvnXmlLineCountsFileHandler.java</a>&#160;<span class="new">(new&#160;133)</span>
      </li>
    </ul>
  </dd>

  <dt>
    <a href="user_gunterm.html" class="author">gunterm</a>
    <span class="date">2006-02-24 05:32</span>
  </dt>
  <dd>
    <p class="comment">
fixed display bug on index.html (br is not shown anymore)
    </p>
    <p class="commitdetails"><strong>1</strong> lines of code changed in:</p>
    <ul class="commitdetails">
      <li>
        <strong>src/net/sf/statcvs/output</strong>:
        <a href="http://svn.sourceforge.net/viewvc/statsvn/trunk/statsvn/src/net/sf/statcvs/output/IndexPage.java?rev=29&amp;content-type=text/vnd.viewcvs-markup" class="webrepository">IndexPage.java</a>&#160;<span class="change">(+1&#160;-1)</span>
      </li>
    </ul>
  </dd>

  <dt>
    <a href="user_gunterm.html" class="author">gunterm</a>
    <span class="date">2006-02-24 05:09</span>
  </dt>
  <dd>
    <p class="comment">
finished parsing of svn diff (per file): now assigns added/removed lines to the correct revision
    </p>
    <p class="commitdetails"><strong>13</strong> lines of code changed in:</p>
    <ul class="commitdetails">
      <li>
        <strong>src/net/sf/statcvs</strong>:
        <a href="http://svn.sourceforge.net/viewvc/statsvn/trunk/statsvn/src/net/sf/statcvs/Main.java?rev=28&amp;content-type=text/vnd.viewcvs-markup" class="webrepository">Main.java</a>&#160;<span class="change">(+5&#160;-10)</span>
      </li>
      <li>
        <strong>src/net/sf/statcvs/input</strong>:
        <a href="http://svn.sourceforge.net/viewvc/statsvn/trunk/statsvn/src/net/sf/statcvs/input/SvnLogfileParser.java?rev=28&amp;content-type=text/vnd.viewcvs-markup" class="webrepository">SvnLogfileParser.java</a>&#160;<span class="change">(+5&#160;-3)</span>,
        <a href="http://svn.sourceforge.net/viewvc/statsvn/trunk/statsvn/src/net/sf/statcvs/input/SvnXmlLogFileHandler.java?rev=28&amp;content-type=text/vnd.viewcvs-markup" class="webrepository">SvnXmlLogFileHandler.java</a>&#160;<span class="change">(+3&#160;-3)</span>
      </li>
    </ul>
  </dd>

  <dt>
    <a href="user_jkealey.html" class="author">jkealey</a>
    <span class="date">2006-02-24 03:08</span>
  </dt>
  <dd>
    <p class="comment">
can now know if a file (either deleted or not) is binary<br/>
not 100% tested :)<br/>
<br/>

    </p>
    <p class="commitdetails"><strong>373</strong> lines of code changed in:</p>
    <ul class="commitdetails">
      <li>
        <a href="http://svn.sourceforge.net/viewvc/statsvn/trunk/statsvn/build.xml.diff?r1=22&amp;r2=27" class="webrepository">build.xml</a>&#160;<span class="change">(+1&#160;-1)</span>
      </li>
      <li>
        <strong>src/net/sf/statcvs/input</strong>:
        <a href="http://svn.sourceforge.net/viewvc/statsvn/trunk/statsvn/src/net/sf/statcvs/input/SvnLogfileParser.java?rev=27&amp;content-type=text/vnd.viewcvs-markup" class="webrepository">SvnLogfileParser.java</a>&#160;<span class="change">(+112&#160;-105)</span>,
        <a href="http://svn.sourceforge.net/viewvc/statsvn/trunk/statsvn/src/net/sf/statcvs/input/SvnXmlLogFileHandler.java?rev=27&amp;content-type=text/vnd.viewcvs-markup" class="webrepository">SvnXmlLogFileHandler.java</a>&#160;<span class="change">(+189&#160;-176)</span>
      </li>
      <li>
        <strong>src/net/sf/statcvs/util</strong>:
        <a href="http://svn.sourceforge.net/viewvc/statsvn/trunk/statsvn/src/net/sf/statcvs/util/SvnLogUtils.java?rev=27&amp;content-type=text/vnd.viewcvs-markup" class="webrepository">SvnLogUtils.java</a>&#160;<span class="change">(+2)</span>,
        <a href="http://svn.sourceforge.net/viewvc/statsvn/trunk/statsvn/src/net/sf/statcvs/util/SvnPropgetUtils.java?rev=27&amp;content-type=text/vnd.viewcvs-markup" class="webrepository">SvnPropgetUtils.java</a>&#160;<span class="new">(new&#160;69)</span>
      </li>
    </ul>
  </dd>

  <dt>
    <a href="user_gunterm.html" class="author">gunterm</a>
    <span class="date">2006-02-23 22:50</span>
  </dt>
  <dd>
    <p class="comment">
added parsing of svn diff (per revision is commented out, per file is enabled)
    </p>
    <p class="commitdetails"><strong>264</strong> lines of code changed in:</p>
    <ul class="commitdetails">
      <li>
        <strong>src/net/sf/statcvs</strong>:
        <a href="http://svn.sourceforge.net/viewvc/statsvn/trunk/statsvn/src/net/sf/statcvs/Main.java?rev=26&amp;content-type=text/vnd.viewcvs-markup" class="webrepository">Main.java</a>&#160;<span class="change">(+73&#160;-60)</span>
      </li>
      <li>
        <strong>src/net/sf/statcvs/input</strong>:
        <a href="http://svn.sourceforge.net/viewvc/statsvn/trunk/statsvn/src/net/sf/statcvs/input/Builder.java?rev=26&amp;content-type=text/vnd.viewcvs-markup" class="webrepository">Builder.java</a>&#160;<span class="change">(+4&#160;-11)</span>,
        <a href="http://svn.sourceforge.net/viewvc/statsvn/trunk/statsvn/src/net/sf/statcvs/input/FileBuilder.java?rev=26&amp;content-type=text/vnd.viewcvs-markup" class="webrepository">FileBuilder.java</a>&#160;<span class="change">(+8)</span>,
        <a href="http://svn.sourceforge.net/viewvc/statsvn/trunk/statsvn/src/net/sf/statcvs/input/RevisionData.java?rev=26&amp;content-type=text/vnd.viewcvs-markup" class="webrepository">RevisionData.java</a>&#160;<span class="change">(+4&#160;-14)</span>,
        <a href="http://svn.sourceforge.net/viewvc/statsvn/trunk/statsvn/src/net/sf/statcvs/input/SvnLogBuilder.java?rev=26&amp;content-type=text/vnd.viewcvs-markup" class="webrepository">SvnLogBuilder.java</a>&#160;<span class="change">(+2)</span>,
        <a href="http://svn.sourceforge.net/viewvc/statsvn/trunk/statsvn/src/net/sf/statcvs/input/SvnLogfileParser.java?rev=26&amp;content-type=text/vnd.viewcvs-markup" class="webrepository">SvnLogfileParser.java</a>&#160;<span class="change">(+112&#160;-79)</span>
      </li>
      <li>
        <strong>src/net/sf/statcvs/util</strong>:
        <a href="http://svn.sourceforge.net/viewvc/statsvn/trunk/statsvn/src/net/sf/statcvs/util/SvnDiffUtils.java?rev=26&amp;content-type=text/vnd.viewcvs-markup" class="webrepository">SvnDiffUtils.java</a>&#160;<span class="new">(new&#160;56)</span>
      </li>
      <li>
        <strong>tests-src/net/sf/statcvs/input</strong>:
        <a href="http://svn.sourceforge.net/viewvc/statsvn/trunk/statsvn/tests-src/net/sf/statcvs/input/MockLogBuilder.java?rev=26&amp;content-type=text/vnd.viewcvs-markup" class="webrepository">MockLogBuilder.java</a>&#160;<span class="change">(+5)</span>
      </li>
    </ul>
  </dd>

  <dt>
    <a href="user_gunterm.html" class="author">gunterm</a>
    <span class="date">2006-02-23 19:04</span>
  </dt>
  <dd>
    <p class="comment">
changed CVS to SVN in properties and results page
    </p>
    <p class="commitdetails"><strong>5</strong> lines of code changed in:</p>
    <ul class="commitdetails">
      <li>
        <strong>src/net/sf/statcvs</strong>:
        <a href="http://svn.sourceforge.net/viewvc/statsvn/trunk/statsvn/src/net/sf/statcvs/statcvs.properties?rev=25&amp;content-type=text/vnd.viewcvs-markup" class="webrepository">statcvs.properties</a>&#160;<span class="change">(+4&#160;-4)</span>
      </li>
      <li>
        <strong>src/net/sf/statcvs/output</strong>:
        <a href="http://svn.sourceforge.net/viewvc/statsvn/trunk/statsvn/src/net/sf/statcvs/output/HTMLPage.java?rev=25&amp;content-type=text/vnd.viewcvs-markup" class="webrepository">HTMLPage.java</a>&#160;<span class="change">(+1&#160;-1)</span>
      </li>
    </ul>
  </dd>

  <dt>
    <a href="user_gunterm.html" class="author">gunterm</a>
    <span class="date">2006-02-23 18:57</span>
  </dt>
  <dd>
    <p class="comment">
fixed parsing assumption: now author, date, paths, msg can appear in any order
    </p>
    <p class="commitdetails"><strong>546</strong> lines of code changed in:</p>
    <ul class="commitdetails">
      <li>
        <strong>src/net/sf/statcvs/input</strong>:
        <a href="http://svn.sourceforge.net/viewvc/statsvn/trunk/statsvn/src/net/sf/statcvs/input/Builder.java?rev=24&amp;content-type=text/vnd.viewcvs-markup" class="webrepository">Builder.java</a>&#160;<span class="change">(+256&#160;-223)</span>,
        <a href="http://svn.sourceforge.net/viewvc/statsvn/trunk/statsvn/src/net/sf/statcvs/input/FileBuilder.java?rev=24&amp;content-type=text/vnd.viewcvs-markup" class="webrepository">FileBuilder.java</a>&#160;<span class="change">(+7&#160;-4)</span>,
        <a href="http://svn.sourceforge.net/viewvc/statsvn/trunk/statsvn/src/net/sf/statcvs/input/RevisionData.java?rev=24&amp;content-type=text/vnd.viewcvs-markup" class="webrepository">RevisionData.java</a>&#160;<span class="change">(+106&#160;-55)</span>,
        <a href="http://svn.sourceforge.net/viewvc/statsvn/trunk/statsvn/src/net/sf/statcvs/input/SvnXmlLogFileHandler.java?rev=24&amp;content-type=text/vnd.viewcvs-markup" class="webrepository">SvnXmlLogFileHandler.java</a>&#160;<span class="change">(+177&#160;-168)</span>
      </li>
    </ul>
  </dd>

  <dt>
    <a href="user_jkealey.html" class="author">jkealey</a>
    <span class="date">2006-02-23 05:07</span>
  </dt>
  <dd>
    <p class="comment">
removed another @version@  string
    </p>
    <p class="commitdetails"><strong>1</strong> lines of code changed in:</p>
    <ul class="commitdetails">
      <li>
        <strong>src/net/sf/statcvs/output</strong>:
        <a href="http://svn.sourceforge.net/viewvc/statsvn/trunk/statsvn/src/net/sf/statcvs/output/HTMLPage.java?rev=23&amp;content-type=text/vnd.viewcvs-markup" class="webrepository">HTMLPage.java</a>&#160;<span class="change">(+1&#160;-1)</span>
      </li>
    </ul>
  </dd>

  <dt>
    <a href="user_jkealey.html" class="author">jkealey</a>
    <span class="date">2006-02-23 05:03</span>
  </dt>
  <dd>
    <p class="comment">
Fixed bug with root folder causing problems. All filenames must not be prefixed by /
    </p>
    <p class="commitdetails"><strong>19</strong> lines of code changed in:</p>
    <ul class="commitdetails">
      <li>
        <a href="http://svn.sourceforge.net/viewvc/statsvn/trunk/statsvn/build.xml.diff?r1=10&amp;r2=22" class="webrepository">build.xml</a>&#160;<span class="change">(+1&#160;-1)</span>,
        <a href="http://svn.sourceforge.net/viewvc/statsvn/trunk/statsvn/project.properties.diff?r1=5&amp;r2=22" class="webrepository">project.properties</a>&#160;<span class="change">(+1&#160;-1)</span>,
        <a href="http://svn.sourceforge.net/viewvc/statsvn/trunk/statsvn/project.xml.diff?r1=5&amp;r2=22" class="webrepository">project.xml</a>&#160;<span class="change">(+15&#160;-15)</span>
      </li>
      <li>
        <strong>src/net/sf/statcvs</strong>:
        <a href="http://svn.sourceforge.net/viewvc/statsvn/trunk/statsvn/src/net/sf/statcvs/Main.java?rev=22&amp;content-type=text/vnd.viewcvs-markup" class="webrepository">Main.java</a>&#160;<span class="change">(+1&#160;-1)</span>
      </li>
      <li>
        <strong>src/net/sf/statcvs/output</strong>:
        <a href="http://svn.sourceforge.net/viewvc/statsvn/trunk/statsvn/src/net/sf/statcvs/output/HTMLPage.java?rev=22&amp;content-type=text/vnd.viewcvs-markup" class="webrepository">HTMLPage.java</a>&#160;<span class="change">(+1&#160;-1)</span>
      </li>
    </ul>
  </dd>

  <dt>
    <a href="user_jkealey.html" class="author">jkealey</a>
    <span class="date">2006-02-23 04:57</span>
  </dt>
  <dd>
    <p class="comment">
removed / prefix that corrupted output.
    </p>
    <p class="commitdetails"><strong>4</strong> lines of code changed in:</p>
    <ul class="commitdetails">
      <li>
        <strong>src/net/sf/statcvs/input</strong>:
        <a href="http://svn.sourceforge.net/viewvc/statsvn/trunk/statsvn/src/net/sf/statcvs/input/SvnXmlLogFileHandler.java?rev=21&amp;content-type=text/vnd.viewcvs-markup" class="webrepository">SvnXmlLogFileHandler.java</a>&#160;<span class="change">(+2&#160;-3)</span>
      </li>
      <li>
        <strong>src/net/sf/statcvs/util</strong>:
        <a href="http://svn.sourceforge.net/viewvc/statsvn/trunk/statsvn/src/net/sf/statcvs/util/SvnLogUtils.java?rev=21&amp;content-type=text/vnd.viewcvs-markup" class="webrepository">SvnLogUtils.java</a>&#160;<span class="change">(+2&#160;-2)</span>
      </li>
    </ul>
  </dd>

  <dt>
    <a href="user_jkealey.html" class="author">jkealey</a>
    <span class="date">2006-02-23 04:40</span>
  </dt>
  <dd>
    <p class="comment">
inefficient code to get a working hello world
    </p>
    <p class="commitdetails"><strong>1012</strong> lines of code changed in:</p>
    <ul class="commitdetails">
      <li>
        <strong>etc</strong>:
        <a href="http://svn.sourceforge.net/viewvc/statsvn/trunk/statsvn/etc/report-notes.txt.diff?r1=5&amp;r2=20" class="webrepository">report-notes.txt</a>&#160;<span class="change">(+2&#160;-2)</span>
      </li>
      <li>
        <strong>src/net/sf/statcvs/input</strong>:
        <a href="http://svn.sourceforge.net/viewvc/statsvn/trunk/statsvn/src/net/sf/statcvs/input/Builder.java?rev=20&amp;content-type=text/vnd.viewcvs-markup" class="webrepository">Builder.java</a>&#160;<span class="change">(+248&#160;-256)</span>,
        <a href="http://svn.sourceforge.net/viewvc/statsvn/trunk/statsvn/src/net/sf/statcvs/input/FileBlockParser.java?rev=20&amp;content-type=text/vnd.viewcvs-markup" class="webrepository">FileBlockParser.java</a>&#160;<span class="change">(+3&#160;-3)</span>,
        <a href="http://svn.sourceforge.net/viewvc/statsvn/trunk/statsvn/src/net/sf/statcvs/input/FileBuilder.java?rev=20&amp;content-type=text/vnd.viewcvs-markup" class="webrepository">FileBuilder.java</a>&#160;<span class="change">(+269&#160;-293)</span>,
        <a href="http://svn.sourceforge.net/viewvc/statsvn/trunk/statsvn/src/net/sf/statcvs/input/RepositoryFileManager.java?rev=20&amp;content-type=text/vnd.viewcvs-markup" class="webrepository">RepositoryFileManager.java</a>&#160;<span class="change">(+111&#160;-102)</span>,
        <a href="http://svn.sourceforge.net/viewvc/statsvn/trunk/statsvn/src/net/sf/statcvs/input/RevisionData.java?rev=20&amp;content-type=text/vnd.viewcvs-markup" class="webrepository">RevisionData.java</a>&#160;<span class="change">(+4&#160;-4)</span>,
        <a href="http://svn.sourceforge.net/viewvc/statsvn/trunk/statsvn/src/net/sf/statcvs/input/SvnXmlLogFileHandler.java?rev=20&amp;content-type=text/vnd.viewcvs-markup" class="webrepository">SvnXmlLogFileHandler.java</a>&#160;<span class="change">(+44&#160;-23)</span>
      </li>
      <li>
        <strong>src/net/sf/statcvs/util</strong>:
        <a href="http://svn.sourceforge.net/viewvc/statsvn/trunk/statsvn/src/net/sf/statcvs/util/FileUtils.java?rev=20&amp;content-type=text/vnd.viewcvs-markup" class="webrepository">FileUtils.java</a>&#160;<span class="change">(+97&#160;-84)</span>,
        <a href="http://svn.sourceforge.net/viewvc/statsvn/trunk/statsvn/src/net/sf/statcvs/util/SvnLogUtils.java?rev=20&amp;content-type=text/vnd.viewcvs-markup" class="webrepository">SvnLogUtils.java</a>&#160;<span class="change">(+232&#160;-118)</span>
      </li>
      <li>
        <strong>tests-src/net/sf/statcvs/input</strong>:
        <a href="http://svn.sourceforge.net/viewvc/statsvn/trunk/statsvn/tests-src/net/sf/statcvs/input/ParserTest.java?rev=20&amp;content-type=text/vnd.viewcvs-markup" class="webrepository">ParserTest.java</a>&#160;<span class="change">(+1&#160;-1)</span>
      </li>
      <li>
        <strong>tests-src/net/sf/statcvs/util</strong>:
        <a href="http://svn.sourceforge.net/viewvc/statsvn/trunk/statsvn/tests-src/net/sf/statcvs/util/AllTests.java?rev=20&amp;content-type=text/vnd.viewcvs-markup" class="webrepository">AllTests.java</a>&#160;<span class="change">(+1&#160;-1)</span>,
        <a href="http://svn.sourceforge.net/viewvc/statsvn/trunk/statsvn/tests-src/net/sf/statcvs/util/CvsLogUtilsTest.java?rev=16&amp;content-type=text/vnd.viewcvs-markup" class="webrepository">CvsLogUtilsTest.java</a>&#160;<span class="del">(del)</span>,
        <a href="http://svn.sourceforge.net/viewvc/statsvn/trunk/statsvn/tests-src/net/sf/statcvs/util/SvnLogUtilsTest.java?rev=20&amp;content-type=text/vnd.viewcvs-markup" class="webrepository">SvnLogUtilsTest.java</a>&#160;<span class="new">(new)</span>
      </li>
    </ul>
  </dd>

  <dt>
    <a href="user_gunterm.html" class="author">gunterm</a>
    <span class="date">2006-02-22 23:30</span>
  </dt>
  <dd>
    <p class="comment">
a few minor changes to the builders
    </p>
    <p class="commitdetails"><strong>29</strong> lines of code changed in:</p>
    <ul class="commitdetails">
      <li>
        <strong>src/net/sf/statcvs/input</strong>:
        <a href="http://svn.sourceforge.net/viewvc/statsvn/trunk/statsvn/src/net/sf/statcvs/input/Builder.java?rev=19&amp;content-type=text/vnd.viewcvs-markup" class="webrepository">Builder.java</a>&#160;<span class="change">(+20&#160;-3)</span>,
        <a href="http://svn.sourceforge.net/viewvc/statsvn/trunk/statsvn/src/net/sf/statcvs/input/FileBuilder.java?rev=19&amp;content-type=text/vnd.viewcvs-markup" class="webrepository">FileBuilder.java</a>&#160;<span class="change">(+4)</span>,
        <a href="http://svn.sourceforge.net/viewvc/statsvn/trunk/statsvn/src/net/sf/statcvs/input/SvnXmlLogFileHandler.java?rev=19&amp;content-type=text/vnd.viewcvs-markup" class="webrepository">SvnXmlLogFileHandler.java</a>&#160;<span class="change">(+5&#160;-2)</span>
      </li>
    </ul>
  </dd>

  <dt>
    <a href="user_jkealey.html" class="author">jkealey</a>
    <span class="date">2006-02-22 22:48</span>
  </dt>
  <dd>
    <p class="comment">
added explanation on ADMR
    </p>
    <p class="commitdetails"><strong>1</strong> lines of code changed in:</p>
    <ul class="commitdetails">
      <li>
        <strong>devdoc</strong>:
        <a href="http://svn.sourceforge.net/viewvc/statsvn/trunk/statsvn/devdoc/svnlog.xsd.diff?r1=17&amp;r2=18" class="webrepository">svnlog.xsd</a>&#160;<span class="change">(+1&#160;-1)</span>
      </li>
    </ul>
  </dd>

</dl>

<p>Pages: <a href="commit_log.html">&#171; Previous</a> <a href="commit_log.html">1</a> 2 <a href="commit_log_page_3.html">3</a> <a href="commit_log_page_3.html">Next &#187;</a> </p>
<div id="generatedby"><p>Generated by <a href="http://www.statsvn.org">StatSVN</a> v0.1.4</p>
</div>
</section></body>
</document>