<?xml version="1.0" encoding="US-ASCII"?>
<document xmlns:lxslt="http://xml.apache.org/xslt">
<properties><title>Directory Sizes</title></properties>
<head>
    <meta http-equiv="Content-Type" content="text/html; charset=ISO-8859-1"/>
    <meta name="Generator" content="StatSVN v0.1.4"/>
    <link rel="stylesheet" href="objectlab-statcvs-xdoc.css" type="text/css"/>
  </head>

<body><section name="Directory Sizes">
<p><a href="index.html">back to main page</a></p>
<p><img src="module_sizes.png" width="640" height="480" alt=""/></p>
  <table  class="statCvsTable" rules="groups" summary="Overview of all activity in different directories">
    <colgroup align="left"/>
    <colgroup align="right"/>
    <colgroup align="right"/>
    <colgroup align="right"/>
    <thead>
      <tr>
        <th>Directory</th>
        <th>Changes</th>
        <th>Lines of Code</th>
        <th>Lines per Change</th>
      </tr>
    </thead>
    <tfoot>
      <tr>
        <th>Totals</th>
        <td>877 (100.0%)</td>
        <td>25022 (100.0%)</td>
        <td>28.5</td>
      </tr>
    </tfoot>
    <tbody>
      <tr  class="odd">
        <th><a href="module_src_net_sf_statcvs_input.html" class="directory">src/net/sf/statcvs/input/</a></th>
        <td>204 (23.3%)</td>
        <td>9011 (36.0%)</td>
        <td>44.1</td>
      </tr>
      <tr  class="even">
        <th><a href="module.html" class="directory">/</a></th>
        <td>35 (4.0%)</td>
        <td>4781 (19.1%)</td>
        <td>136.6</td>
      </tr>
      <tr  class="odd">
        <th><a href="module_src_net_sf_statcvs_util.html" class="directory">src/net/sf/statcvs/util/</a></th>
        <td>123 (14.0%)</td>
        <td>4668 (18.7%)</td>
        <td>37.9</td>
      </tr>
      <tr  class="even">
        <th><a href="module_src_net_sf_statcvs_output.html" class="directory">src/net/sf/statcvs/output/</a></th>
        <td>136 (15.5%)</td>
        <td>2268 (9.1%)</td>
        <td>16.6</td>
      </tr>
      <tr  class="odd">
        <th><a href="module_tests-src_net_sf_statcvs_input.html" class="directory">tests-src/net/sf/statcvs/input/</a></th>
        <td>70 (8.0%)</td>
        <td>738 (2.9%)</td>
        <td>10.5</td>
      </tr>
      <tr  class="even">
        <th><a href="module_src_net_sf_statcvs_renderer.html" class="directory">src/net/sf/statcvs/renderer/</a></th>
        <td>61 (7.0%)</td>
        <td>719 (2.9%)</td>
        <td>11.7</td>
      </tr>
      <tr  class="odd">
        <th><a href="module_etc.html" class="directory">etc/</a></th>
        <td>5 (0.6%)</td>
        <td>558 (2.2%)</td>
        <td>111.6</td>
      </tr>
      <tr  class="even">
        <th><a href="module_tests-src_net_sf_statcvs_model.html" class="directory">tests-src/net/sf/statcvs/model/</a></th>
        <td>23 (2.6%)</td>
        <td>307 (1.2%)</td>
        <td>13.3</td>
      </tr>
      <tr  class="odd">
        <th><a href="module_src_net_sf_statcvs.html" class="directory">src/net/sf/statcvs/</a></th>
        <td>33 (3.8%)</td>
        <td>302 (1.2%)</td>
        <td>9.1</td>
      </tr>
      <tr  class="even">
        <th><a href="module_.settings.html" class="directory">.settings/</a></th>
        <td>6 (0.7%)</td>
        <td>271 (1.1%)</td>
        <td>45.1</td>
      </tr>
      <tr  class="odd">
        <th><a href="module_tests-src_net_sf_statcvs_output.html" class="directory">tests-src/net/sf/statcvs/output/</a></th>
        <td>7 (0.8%)</td>
        <td>242 (1.0%)</td>
        <td>34.5</td>
      </tr>
      <tr  class="even">
        <th><a href="module_src_net_sf_statcvs_model.html" class="directory">src/net/sf/statcvs/model/</a></th>
        <td>30 (3.4%)</td>
        <td>198 (0.8%)</td>
        <td>6.6</td>
      </tr>
      <tr  class="odd">
        <th><a href="module_devdoc.html" class="directory">devdoc/</a></th>
        <td>4 (0.5%)</td>
        <td>179 (0.7%)</td>
        <td>44.7</td>
      </tr>
      <tr  class="even">
        <th><a href="module_src_net_sf_statcvs_reports.html" class="directory">src/net/sf/statcvs/reports/</a></th>
        <td>43 (4.9%)</td>
        <td>157 (0.6%)</td>
        <td>3.6</td>
      </tr>
      <tr  class="odd">
        <th><a href="module_tests-src_net_sf_statcvs_util.html" class="directory">tests-src/net/sf/statcvs/util/</a></th>
        <td>22 (2.5%)</td>
        <td>147 (0.6%)</td>
        <td>6.6</td>
      </tr>
      <tr  class="even">
        <th><a href="module_site_style.html" class="directory">site/style/</a></th>
        <td>1 (0.1%)</td>
        <td>146 (0.6%)</td>
        <td>146.0</td>
      </tr>
      <tr  class="odd">
        <th><a href="module_src_net_sf_statcvs_ant.html" class="directory">src/net/sf/statcvs/ant/</a></th>
        <td>6 (0.7%)</td>
        <td>120 (0.5%)</td>
        <td>20.0</td>
      </tr>
      <tr  class="even">
        <th><a href="module_src_net_sf_statcvs_reportmodel.html" class="directory">src/net/sf/statcvs/reportmodel/</a></th>
        <td>31 (3.5%)</td>
        <td>106 (0.4%)</td>
        <td>3.4</td>
      </tr>
      <tr  class="odd">
        <th><a href="module_tests-src_net_sf_statcvs_reportmodel.html" class="directory">tests-src/net/sf/statcvs/reportmodel/</a></th>
        <td>4 (0.5%)</td>
        <td>48 (0.2%)</td>
        <td>12.0</td>
      </tr>
      <tr  class="even">
        <th><a href="module_tests-src_net_sf_statcvs_renderer.html" class="directory">tests-src/net/sf/statcvs/renderer/</a></th>
        <td>4 (0.5%)</td>
        <td>26 (0.1%)</td>
        <td>6.5</td>
      </tr>
      <tr  class="odd">
        <th><a href="module_site.html" class="directory">site/</a></th>
        <td>1 (0.1%)</td>
        <td>26 (0.1%)</td>
        <td>26.0</td>
      </tr>
      <tr  class="even">
        <th><a href="module_tests-src_net_sf_statcvs.html" class="directory">tests-src/net/sf/statcvs/</a></th>
        <td>2 (0.2%)</td>
        <td>4 (0.0%)</td>
        <td>2.0</td>
      </tr>
      <tr  class="odd">
        <th><a href="module_tests-src_net_sf_statcvs_input_samplefiles.html" class="directory">tests-src/net/sf/statcvs/input/samplefiles/</a></th>
        <td>7 (0.8%)</td>
        <td>0 (0.0%)</td>
        <td>0.0</td>
      </tr>
      <tr  class="even">
        <th><a href="module_src_net_sf_statsvn.html" class="directory">src/net/sf/statsvn/</a></th>
        <td>2 (0.2%)</td>
        <td>0 (0.0%)</td>
        <td>0.0</td>
      </tr>
      <tr  class="odd">
        <th><a href="module_src_net_sf_statcvs_web-files.html" class="directory">src/net/sf/statcvs/web-files/</a></th>
        <td>9 (1.0%)</td>
        <td>0 (0.0%)</td>
        <td>0.0</td>
      </tr>
      <tr  class="even">
        <th><a href="module_lib.html" class="directory">lib/</a></th>
        <td>8 (0.9%)</td>
        <td>0 (0.0%)</td>
        <td>0.0</td>
      </tr>
    </tbody>
  </table>

<div id="generatedby"><p>Generated by <a href="http://www.statsvn.org">StatSVN</a> v0.1.4</p>
</div>
</section></body>
</document>