<?xml version="1.0" encoding="US-ASCII"?>
<document xmlns:lxslt="http://xml.apache.org/xslt">
<properties><title>File Sizes and File Counts</title></properties>
<head>
    <meta http-equiv="Content-Type" content="text/html; charset=ISO-8859-1"/>
    <meta name="Generator" content="StatSVN v0.1.4"/>
    <link rel="stylesheet" href="objectlab-statcvs-xdoc.css" type="text/css"/>
  </head>

<body><section name="File Sizes and File Counts">
<p><a href="index.html">back to main page</a></p>

<subsection name ="File Count">
<p><img src="file_count.png" width="640" height="480" alt=""/><br/>
<strong>Total Files: </strong>
206 (<span class="date">2006-11-19 11:40</span>)</p>
</subsection>
<subsection name ="Average File Size">
<p><img src="file_size.png" width="640" height="480" alt=""/></p>
</subsection>
<subsection name ="Largest Files">
  <table  class="statCvsTable" rules="groups" summary="The largest files in the repository">
    <colgroup align="left"/>
    <colgroup align="right"/>
    <thead>
      <tr>
        <th>File</th>
        <th>Lines of Code</th>
      </tr>
    </thead>
    <tbody>
      <tr  class="odd">
        <th><a href="http://svn.sourceforge.net/viewvc/statsvn/trunk/statsvn/qalab.xml?rev=HEAD&amp;content-type=text/vnd.viewcvs-markup">qalab.xml</a></th>
        <td>2845</td>
      </tr>
      <tr  class="even">
        <th><a href="http://svn.sourceforge.net/viewvc/statsvn/trunk/statsvn/src/net/sf/statcvs/util/SvnInfoUtils.java?rev=HEAD&amp;content-type=text/vnd.viewcvs-markup">src/net/sf/statcvs/util/SvnInfoUtils.java</a></th>
        <td>526</td>
      </tr>
      <tr  class="odd">
        <th><a href="http://svn.sourceforge.net/viewvc/statsvn/trunk/statsvn/etc/LICENSE?rev=HEAD&amp;content-type=text/vnd.viewcvs-markup">etc/LICENSE</a></th>
        <td>504</td>
      </tr>
      <tr  class="even">
        <th><a href="http://svn.sourceforge.net/viewvc/statsvn/trunk/statsvn/src/net/sf/statcvs/output/ConfigurationOptions.java?rev=HEAD&amp;content-type=text/vnd.viewcvs-markup">src/net/sf/statcvs/output/ConfigurationOptions.java</a></th>
        <td>402</td>
      </tr>
      <tr  class="odd">
        <th><a href="http://svn.sourceforge.net/viewvc/statsvn/trunk/statsvn/src/net/sf/statcvs/input/SvnXmlLogFileHandler.java?rev=HEAD&amp;content-type=text/vnd.viewcvs-markup">src/net/sf/statcvs/input/SvnXmlLogFileHandler.java</a></th>
        <td>350</td>
      </tr>
      <tr  class="even">
        <th><a href="http://svn.sourceforge.net/viewvc/statsvn/trunk/statsvn/src/net/sf/statcvs/input/SvnLogfileParser.java?rev=HEAD&amp;content-type=text/vnd.viewcvs-markup">src/net/sf/statcvs/input/SvnLogfileParser.java</a></th>
        <td>348</td>
      </tr>
      <tr  class="odd">
        <th><a href="http://svn.sourceforge.net/viewvc/statsvn/trunk/statsvn/src/net/sf/statcvs/input/FileBuilder.java?rev=HEAD&amp;content-type=text/vnd.viewcvs-markup">src/net/sf/statcvs/input/FileBuilder.java</a></th>
        <td>342</td>
      </tr>
      <tr  class="even">
        <th><a href="http://svn.sourceforge.net/viewvc/statsvn/trunk/statsvn/src/net/sf/statcvs/input/Builder.java?rev=HEAD&amp;content-type=text/vnd.viewcvs-markup">src/net/sf/statcvs/input/Builder.java</a></th>
        <td>302</td>
      </tr>
      <tr  class="odd">
        <th><a href="http://svn.sourceforge.net/viewvc/statsvn/trunk/statsvn/src/net/sf/statcvs/input/RepositoryFileManager.java?rev=HEAD&amp;content-type=text/vnd.viewcvs-markup">src/net/sf/statcvs/input/RepositoryFileManager.java</a></th>
        <td>274</td>
      </tr>
      <tr  class="even">
        <th><a href="http://svn.sourceforge.net/viewvc/statsvn/trunk/statsvn/src/net/sf/statcvs/output/HTMLOutput.java?rev=HEAD&amp;content-type=text/vnd.viewcvs-markup">src/net/sf/statcvs/output/HTMLOutput.java</a></th>
        <td>265</td>
      </tr>
      <tr  class="odd">
        <th><a href="http://svn.sourceforge.net/viewvc/statsvn/trunk/statsvn/.settings/org.eclipse.jdt.core.prefs?rev=HEAD&amp;content-type=text/vnd.viewcvs-markup">.settings/org.eclipse.jdt.core.prefs</a></th>
        <td>258</td>
      </tr>
      <tr  class="even">
        <th><a href="http://svn.sourceforge.net/viewvc/statsvn/trunk/statsvn/src/net/sf/statcvs/input/RevisionData.java?rev=HEAD&amp;content-type=text/vnd.viewcvs-markup">src/net/sf/statcvs/input/RevisionData.java</a></th>
        <td>249</td>
      </tr>
      <tr  class="odd">
        <th><a href="http://svn.sourceforge.net/viewvc/statsvn/trunk/statsvn/project.xml?rev=HEAD&amp;content-type=text/vnd.viewcvs-markup">project.xml</a></th>
        <td>218</td>
      </tr>
      <tr  class="even">
        <th><a href="http://svn.sourceforge.net/viewvc/statsvn/trunk/statsvn/build.xml?rev=HEAD&amp;content-type=text/vnd.viewcvs-markup">build.xml</a></th>
        <td>200</td>
      </tr>
      <tr  class="odd">
        <th><a href="http://svn.sourceforge.net/viewvc/statsvn/trunk/statsvn/src/net/sf/statcvs/input/CacheBuilder.java?rev=HEAD&amp;content-type=text/vnd.viewcvs-markup">src/net/sf/statcvs/input/CacheBuilder.java</a></th>
        <td>189</td>
      </tr>
      <tr  class="even">
        <th><a href="http://svn.sourceforge.net/viewvc/statsvn/trunk/statsvn/tests-src/net/sf/statcvs/input/DummyRepositoryFileManager.java?rev=HEAD&amp;content-type=text/vnd.viewcvs-markup">tests-src/net/sf/statcvs/input/DummyRepositoryFileManager.java</a></th>
        <td>149</td>
      </tr>
      <tr  class="odd">
        <th><a href="http://svn.sourceforge.net/viewvc/statsvn/trunk/statsvn/site/style/maven-objectlabkit.css?rev=HEAD&amp;content-type=text/vnd.viewcvs-markup">site/style/maven-objectlabkit.css</a></th>
        <td>146</td>
      </tr>
      <tr  class="even">
        <th><a href="http://svn.sourceforge.net/viewvc/statsvn/trunk/statsvn/src/net/sf/statcvs/util/SvnPropgetUtils.java?rev=HEAD&amp;content-type=text/vnd.viewcvs-markup">src/net/sf/statcvs/util/SvnPropgetUtils.java</a></th>
        <td>140</td>
      </tr>
      <tr  class="odd">
        <th><a href="http://svn.sourceforge.net/viewvc/statsvn/trunk/statsvn/src/net/sf/statcvs/util/SvnDiffUtils.java?rev=HEAD&amp;content-type=text/vnd.viewcvs-markup">src/net/sf/statcvs/util/SvnDiffUtils.java</a></th>
        <td>135</td>
      </tr>
      <tr  class="even">
        <th><a href="http://svn.sourceforge.net/viewvc/statsvn/trunk/statsvn/src/net/sf/statcvs/Main.java?rev=HEAD&amp;content-type=text/vnd.viewcvs-markup">src/net/sf/statcvs/Main.java</a></th>
        <td>108</td>
      </tr>
    </tbody>
  </table>

</subsection>
<subsection name ="Files with Most Revisions">
  <table  class="statCvsTable" rules="groups" summary="The files with most revisions">
    <colgroup align="left"/>
    <colgroup align="right"/>
    <thead>
      <tr>
        <th>File</th>
        <th>Changes</th>
      </tr>
    </thead>
    <tbody>
      <tr  class="odd">
        <th><img src="file.png" width="15" height="13" alt=""/> <a href="http://svn.sourceforge.net/viewvc/statsvn/trunk/statsvn/src/net/sf/statcvs/input/SvnLogfileParser.java?rev=HEAD&amp;content-type=text/vnd.viewcvs-markup">src/net/sf/statcvs/input/SvnLogfileParser.java</a></th>
        <td>33</td>
      </tr>
      <tr  class="even">
        <th><img src="file.png" width="15" height="13" alt=""/> <a href="http://svn.sourceforge.net/viewvc/statsvn/trunk/statsvn/src/net/sf/statcvs/input/SvnXmlLogFileHandler.java?rev=HEAD&amp;content-type=text/vnd.viewcvs-markup">src/net/sf/statcvs/input/SvnXmlLogFileHandler.java</a></th>
        <td>23</td>
      </tr>
      <tr  class="odd">
        <th><img src="file.png" width="15" height="13" alt=""/> <a href="http://svn.sourceforge.net/viewvc/statsvn/trunk/statsvn/src/net/sf/statcvs/Main.java?rev=HEAD&amp;content-type=text/vnd.viewcvs-markup">src/net/sf/statcvs/Main.java</a></th>
        <td>19</td>
      </tr>
      <tr  class="even">
        <th><img src="file.png" width="15" height="13" alt=""/> <a href="http://svn.sourceforge.net/viewvc/statsvn/trunk/statsvn/src/net/sf/statcvs/input/Builder.java?rev=HEAD&amp;content-type=text/vnd.viewcvs-markup">src/net/sf/statcvs/input/Builder.java</a></th>
        <td>18</td>
      </tr>
      <tr  class="odd">
        <th><img src="file.png" width="15" height="13" alt=""/> <a href="http://svn.sourceforge.net/viewvc/statsvn/trunk/statsvn/src/net/sf/statcvs/util/SvnDiffUtils.java?rev=HEAD&amp;content-type=text/vnd.viewcvs-markup">src/net/sf/statcvs/util/SvnDiffUtils.java</a></th>
        <td>18</td>
      </tr>
      <tr  class="even">
        <th><img src="file.png" width="15" height="13" alt=""/> <a href="http://svn.sourceforge.net/viewvc/statsvn/trunk/statsvn/src/net/sf/statcvs/input/FileBuilder.java?rev=HEAD&amp;content-type=text/vnd.viewcvs-markup">src/net/sf/statcvs/input/FileBuilder.java</a></th>
        <td>17</td>
      </tr>
      <tr  class="odd">
        <th><img src="file.png" width="15" height="13" alt=""/> <a href="http://svn.sourceforge.net/viewvc/statsvn/trunk/statsvn/src/net/sf/statcvs/util/SvnInfoUtils.java?rev=HEAD&amp;content-type=text/vnd.viewcvs-markup">src/net/sf/statcvs/util/SvnInfoUtils.java</a></th>
        <td>16</td>
      </tr>
      <tr  class="even">
        <th><img src="file.png" width="15" height="13" alt=""/> <a href="http://svn.sourceforge.net/viewvc/statsvn/trunk/statsvn/src/net/sf/statcvs/output/ConfigurationOptions.java?rev=HEAD&amp;content-type=text/vnd.viewcvs-markup">src/net/sf/statcvs/output/ConfigurationOptions.java</a></th>
        <td>15</td>
      </tr>
      <tr  class="odd">
        <th><img src="file.png" width="15" height="13" alt=""/> <a href="http://svn.sourceforge.net/viewvc/statsvn/trunk/statsvn/src/net/sf/statcvs/input/RevisionData.java?rev=HEAD&amp;content-type=text/vnd.viewcvs-markup">src/net/sf/statcvs/input/RevisionData.java</a></th>
        <td>14</td>
      </tr>
      <tr  class="even">
        <th><img src="file.png" width="15" height="13" alt=""/> <a href="http://svn.sourceforge.net/viewvc/statsvn/trunk/statsvn/src/net/sf/statcvs/input/RepositoryFileManager.java?rev=HEAD&amp;content-type=text/vnd.viewcvs-markup">src/net/sf/statcvs/input/RepositoryFileManager.java</a></th>
        <td>13</td>
      </tr>
      <tr  class="odd">
        <th><img src="file.png" width="15" height="13" alt=""/> <a href="http://svn.sourceforge.net/viewvc/statsvn/trunk/statsvn/src/net/sf/statcvs/util/SvnPropgetUtils.java?rev=HEAD&amp;content-type=text/vnd.viewcvs-markup">src/net/sf/statcvs/util/SvnPropgetUtils.java</a></th>
        <td>13</td>
      </tr>
      <tr  class="even">
        <th><img src="file.png" width="15" height="13" alt=""/> <a href="http://svn.sourceforge.net/viewvc/statsvn/trunk/statsvn/src/net/sf/statcvs/util/SvnStartupUtils.java?rev=HEAD&amp;content-type=text/vnd.viewcvs-markup">src/net/sf/statcvs/util/SvnStartupUtils.java</a></th>
        <td>11</td>
      </tr>
      <tr  class="odd">
        <th><img src="file.png" width="15" height="13" alt=""/> <a href="http://svn.sourceforge.net/viewvc/statsvn/trunk/statsvn/src/net/sf/statcvs/output/CommandLineParser.java?rev=HEAD&amp;content-type=text/vnd.viewcvs-markup">src/net/sf/statcvs/output/CommandLineParser.java</a></th>
        <td>11</td>
      </tr>
      <tr  class="even">
        <th><img src="file-deleted.png" width="15" height="13" alt=""/> <a href="http://svn.sourceforge.net/viewvc/statsvn/trunk/statsvn/src/net/sf/statcvs/input/LineCountsBuilder.java?rev=HEAD&amp;content-type=text/vnd.viewcvs-markup">src/net/sf/statcvs/input/LineCountsBuilder.java</a></th>
        <td>10</td>
      </tr>
      <tr  class="odd">
        <th><img src="file.png" width="15" height="13" alt=""/> <a href="http://svn.sourceforge.net/viewvc/statsvn/trunk/statsvn/src/net/sf/statcvs/output/HTMLPage.java?rev=HEAD&amp;content-type=text/vnd.viewcvs-markup">src/net/sf/statcvs/output/HTMLPage.java</a></th>
        <td>10</td>
      </tr>
      <tr  class="even">
        <th><img src="file.png" width="15" height="13" alt=""/> <a href="http://svn.sourceforge.net/viewvc/statsvn/trunk/statsvn/src/net/sf/statcvs/renderer/CommitLogRenderer.java?rev=HEAD&amp;content-type=text/vnd.viewcvs-markup">src/net/sf/statcvs/renderer/CommitLogRenderer.java</a></th>
        <td>9</td>
      </tr>
      <tr  class="odd">
        <th><img src="file.png" width="15" height="13" alt=""/> <a href="http://svn.sourceforge.net/viewvc/statsvn/trunk/statsvn/project.properties?rev=HEAD&amp;content-type=text/vnd.viewcvs-markup">project.properties</a></th>
        <td>9</td>
      </tr>
      <tr  class="even">
        <th><img src="file.png" width="15" height="13" alt=""/> <a href="http://svn.sourceforge.net/viewvc/statsvn/trunk/statsvn/tests-src/net/sf/statcvs/input/ParserTest.java?rev=HEAD&amp;content-type=text/vnd.viewcvs-markup">tests-src/net/sf/statcvs/input/ParserTest.java</a></th>
        <td>9</td>
      </tr>
      <tr  class="odd">
        <th><img src="file.png" width="15" height="13" alt=""/> <a href="http://svn.sourceforge.net/viewvc/statsvn/trunk/statsvn/build.xml?rev=HEAD&amp;content-type=text/vnd.viewcvs-markup">build.xml</a></th>
        <td>8</td>
      </tr>
      <tr  class="even">
        <th><img src="file.png" width="15" height="13" alt=""/> <a href="http://svn.sourceforge.net/viewvc/statsvn/trunk/statsvn/src/net/sf/statcvs/input/SvnLogBuilder.java?rev=HEAD&amp;content-type=text/vnd.viewcvs-markup">src/net/sf/statcvs/input/SvnLogBuilder.java</a></th>
        <td>8</td>
      </tr>
    </tbody>
  </table>

</subsection><div id="generatedby"><p>Generated by <a href="http://www.statsvn.org">StatSVN</a> v0.1.4</p>
</div>
</section></body>
</document>