<?xml version="1.0" encoding="US-ASCII"?>
<document xmlns:lxslt="http://xml.apache.org/xslt">
<properties><title>Development Statistics for  StatSvn</title></properties>
<head>
    <meta http-equiv="Content-Type" content="text/html; charset=ISO-8859-1"/>
    <meta name="Generator" content="StatSVN v0.1.4"/>
    <link rel="stylesheet" href="objectlab-statcvs-xdoc.css" type="text/css"/>
  </head>

<body><section name="Development Statistics for  StatSvn">
<p class="summaryperiod">
  Summary Period:
  <span class="date">2006-01-19</span> to
  <span class="date">2006-11-19</span><br />
Generated: 2006-11-19
</p>
<ul><li><a href="authors.html">Authors</a></li>
<li><a href="commit_log.html">Commit Log</a></li>
<li><a href="loc.html">Lines of Code</a></li>
<li><a href="file_sizes.html">File Sizes and File Counts</a></li>
<li><a href="dir_sizes.html">Directory Sizes</a></li>
</ul>

<subsection name ="Lines of Code">
<p><a href="loc.html"><img src="loc_small.png" width="400" height="300" alt=""/></a></p>
<br/>
<strong>Total Lines Of Code:</strong>
 10396 (<span class="date">2006-11-19 11:40</span>)</subsection>
<subsection name ="Authors">
  <table  class="statCvsTable" rules="groups" summary="All authors and the number of code lines they wrote or changed">
    <colgroup align="left"/>
    <colgroup align="right"/>
    <thead>
      <tr>
        <th>Author</th>
        <th>Lines of Code</th>
      </tr>
    </thead>
    <tbody>
      <tr  class="odd">
        <th><a href="user_jkealey.html" class="author">jkealey</a></th>
        <td>10153 (40.6%)</td>
      </tr>
      <tr  class="even">
        <th><a href="user_benoitx.html" class="author">benoitx</a></th>
        <td>7349 (29.4%)</td>
      </tr>
      <tr  class="odd">
        <th><a href="user_jpdaigle.html" class="author">jpdaigle</a></th>
        <td>3944 (15.8%)</td>
      </tr>
      <tr  class="even">
        <th><a href="user_gunterm.html" class="author">gunterm</a></th>
        <td>3576 (14.3%)</td>
      </tr>
    </tbody>
  </table>

<p><a href="authors.html">more...</a></p>
</subsection>
<subsection name ="Repository Tree">
<p><img src="folder.png" width="15" height="13" alt=""/> 
<a href="module.html">[root]</a> 
(7 files, 3386 lines)<br/>

&#160;&#160;&#160;&#160;<img src="folder.png" width="15" height="13" alt=""/> 
<a href="module_.settings.html">.settings</a> 
(3 files, 267 lines)<br/>

&#160;&#160;&#160;&#160;<img src="folder.png" width="15" height="13" alt=""/> 
<a href="module_devdoc.html">devdoc</a> 
(2 files, 106 lines)<br/>

&#160;&#160;&#160;&#160;<img src="folder.png" width="15" height="13" alt=""/> 
<a href="module_etc.html">etc</a> 
(3 files, 542 lines)<br/>

&#160;&#160;&#160;&#160;<img src="folder.png" width="15" height="13" alt=""/> 
<a href="module_lib.html">lib</a> 
(4 files, 0 lines)<br/>

&#160;&#160;&#160;&#160;<img src="folder.png" width="15" height="13" alt=""/> 
<a href="module_site.html">site</a> 
(1 files, 26 lines)<br/>

&#160;&#160;&#160;&#160;&#160;&#160;&#160;&#160;<img src="folder.png" width="15" height="13" alt=""/> 
<a href="module_site_style.html">style</a> 
(1 files, 146 lines)<br/>

&#160;&#160;&#160;&#160;<img src="folder.png" width="15" height="13" alt=""/> 
<a href="module_src.html">src</a> 
(0 files, 0 lines)<br/>

&#160;&#160;&#160;&#160;&#160;&#160;&#160;&#160;<img src="folder.png" width="15" height="13" alt=""/> 
<a href="module_src_net.html">net</a> 
(0 files, 0 lines)<br/>

&#160;&#160;&#160;&#160;&#160;&#160;&#160;&#160;&#160;&#160;&#160;&#160;<img src="folder.png" width="15" height="13" alt=""/> 
<a href="module_src_net_sf.html">sf</a> 
(0 files, 0 lines)<br/>

&#160;&#160;&#160;&#160;&#160;&#160;&#160;&#160;&#160;&#160;&#160;&#160;&#160;&#160;&#160;&#160;<img src="folder.png" width="15" height="13" alt=""/> 
<a href="module_src_net_sf_statcvs.html">statcvs</a> 
(7 files, 120 lines)<br/>

&#160;&#160;&#160;&#160;&#160;&#160;&#160;&#160;&#160;&#160;&#160;&#160;&#160;&#160;&#160;&#160;&#160;&#160;&#160;&#160;<img src="folder.png" width="15" height="13" alt=""/> 
<a href="module_src_net_sf_statcvs_ant.html">ant</a> 
(2 files, 54 lines)<br/>

&#160;&#160;&#160;&#160;&#160;&#160;&#160;&#160;&#160;&#160;&#160;&#160;&#160;&#160;&#160;&#160;&#160;&#160;&#160;&#160;<img src="folder.png" width="15" height="13" alt=""/> 
<a href="module_src_net_sf_statcvs_input.html">input</a> 
(17 files, 2426 lines)<br/>

&#160;&#160;&#160;&#160;&#160;&#160;&#160;&#160;&#160;&#160;&#160;&#160;&#160;&#160;&#160;&#160;&#160;&#160;&#160;&#160;<img src="folder.png" width="15" height="13" alt=""/> 
<a href="module_src_net_sf_statcvs_model.html">model</a> 
(10 files, 82 lines)<br/>

&#160;&#160;&#160;&#160;&#160;&#160;&#160;&#160;&#160;&#160;&#160;&#160;&#160;&#160;&#160;&#160;&#160;&#160;&#160;&#160;<img src="folder.png" width="15" height="13" alt=""/> 
<a href="module_src_net_sf_statcvs_output.html">output</a> 
(27 files, 1015 lines)<br/>

&#160;&#160;&#160;&#160;&#160;&#160;&#160;&#160;&#160;&#160;&#160;&#160;&#160;&#160;&#160;&#160;&#160;&#160;&#160;&#160;<img src="folder.png" width="15" height="13" alt=""/> 
<a href="module_src_net_sf_statcvs_renderer.html">renderer</a> 
(14 files, 286 lines)<br/>

&#160;&#160;&#160;&#160;&#160;&#160;&#160;&#160;&#160;&#160;&#160;&#160;&#160;&#160;&#160;&#160;&#160;&#160;&#160;&#160;<img src="folder.png" width="15" height="13" alt=""/> 
<a href="module_src_net_sf_statcvs_reportmodel.html">reportmodel</a> 
(12 files, 48 lines)<br/>

&#160;&#160;&#160;&#160;&#160;&#160;&#160;&#160;&#160;&#160;&#160;&#160;&#160;&#160;&#160;&#160;&#160;&#160;&#160;&#160;<img src="folder.png" width="15" height="13" alt=""/> 
<a href="module_src_net_sf_statcvs_reports.html">reports</a> 
(13 files, 56 lines)<br/>

&#160;&#160;&#160;&#160;&#160;&#160;&#160;&#160;&#160;&#160;&#160;&#160;&#160;&#160;&#160;&#160;&#160;&#160;&#160;&#160;<img src="folder.png" width="15" height="13" alt=""/> 
<a href="module_src_net_sf_statcvs_util.html">util</a> 
(20 files, 1210 lines)<br/>

&#160;&#160;&#160;&#160;&#160;&#160;&#160;&#160;&#160;&#160;&#160;&#160;&#160;&#160;&#160;&#160;&#160;&#160;&#160;&#160;<img src="folder.png" width="15" height="13" alt=""/> 
<a href="module_src_net_sf_statcvs_web-files.html">web-files</a> 
(9 files, 0 lines)<br/>

&#160;&#160;&#160;&#160;&#160;&#160;&#160;&#160;&#160;&#160;&#160;&#160;&#160;&#160;&#160;&#160;<img src="folder.png" width="15" height="13" alt=""/> 
<a href="module_src_net_sf_statsvn.html">statsvn</a> 
(1 files, 30 lines)<br/>

&#160;&#160;&#160;&#160;<img src="folder.png" width="15" height="13" alt=""/> 
<a href="module_tests-src.html">tests-src</a> 
(0 files, 0 lines)<br/>

&#160;&#160;&#160;&#160;&#160;&#160;&#160;&#160;<img src="folder.png" width="15" height="13" alt=""/> 
<a href="module_tests-src_net.html">net</a> 
(0 files, 0 lines)<br/>

&#160;&#160;&#160;&#160;&#160;&#160;&#160;&#160;&#160;&#160;&#160;&#160;<img src="folder.png" width="15" height="13" alt=""/> 
<a href="module_tests-src_net_sf.html">sf</a> 
(0 files, 0 lines)<br/>

&#160;&#160;&#160;&#160;&#160;&#160;&#160;&#160;&#160;&#160;&#160;&#160;&#160;&#160;&#160;&#160;<img src="folder.png" width="15" height="13" alt=""/> 
<a href="module_tests-src_net_sf_statcvs.html">statcvs</a> 
(1 files, 2 lines)<br/>

&#160;&#160;&#160;&#160;&#160;&#160;&#160;&#160;&#160;&#160;&#160;&#160;&#160;&#160;&#160;&#160;&#160;&#160;&#160;&#160;<img src="folder.png" width="15" height="13" alt=""/> 
<a href="module_tests-src_net_sf_statcvs_input.html">input</a> 
(27 files, 335 lines)<br/>

&#160;&#160;&#160;&#160;&#160;&#160;&#160;&#160;&#160;&#160;&#160;&#160;&#160;&#160;&#160;&#160;&#160;&#160;&#160;&#160;&#160;&#160;&#160;&#160;<img src="folder.png" width="15" height="13" alt=""/> 
<a href="module_tests-src_net_sf_statcvs_input_samplefiles.html">samplefiles</a> 
(5 files, 0 lines)<br/>

&#160;&#160;&#160;&#160;&#160;&#160;&#160;&#160;&#160;&#160;&#160;&#160;&#160;&#160;&#160;&#160;&#160;&#160;&#160;&#160;<img src="folder.png" width="15" height="13" alt=""/> 
<a href="module_tests-src_net_sf_statcvs_model.html">model</a> 
(7 files, 131 lines)<br/>

&#160;&#160;&#160;&#160;&#160;&#160;&#160;&#160;&#160;&#160;&#160;&#160;&#160;&#160;&#160;&#160;&#160;&#160;&#160;&#160;<img src="folder.png" width="15" height="13" alt=""/> 
<a href="module_tests-src_net_sf_statcvs_output.html">output</a> 
(2 files, 34 lines)<br/>

&#160;&#160;&#160;&#160;&#160;&#160;&#160;&#160;&#160;&#160;&#160;&#160;&#160;&#160;&#160;&#160;&#160;&#160;&#160;&#160;<img src="folder.png" width="15" height="13" alt=""/> 
<a href="module_tests-src_net_sf_statcvs_renderer.html">renderer</a> 
(2 files, 13 lines)<br/>

&#160;&#160;&#160;&#160;&#160;&#160;&#160;&#160;&#160;&#160;&#160;&#160;&#160;&#160;&#160;&#160;&#160;&#160;&#160;&#160;<img src="folder.png" width="15" height="13" alt=""/> 
<a href="module_tests-src_net_sf_statcvs_reportmodel.html">reportmodel</a> 
(2 files, 24 lines)<br/>

&#160;&#160;&#160;&#160;&#160;&#160;&#160;&#160;&#160;&#160;&#160;&#160;&#160;&#160;&#160;&#160;&#160;&#160;&#160;&#160;<img src="folder.png" width="15" height="13" alt=""/> 
<a href="module_tests-src_net_sf_statcvs_util.html">util</a> 
(7 files, 57 lines)<br/>

</p>
</subsection><div id="generatedby"><p>Generated by <a href="http://www.statsvn.org">StatSVN</a> v0.1.4</p>
</div>
</section></body>
</document>