<?xml version="1.0" encoding="US-ASCII"?>
<document xmlns:lxslt="http://xml.apache.org/xslt">
<properties><title>Module src/net/sf/statcvs/reports/</title></properties>
<head>
    <meta http-equiv="Content-Type" content="text/html; charset=ISO-8859-1"/>
    <meta name="Generator" content="StatSVN v0.1.4"/>
    <link rel="stylesheet" href="objectlab-statcvs-xdoc.css" type="text/css"/>
  </head>

<body><section name="Module src/net/sf/statcvs/reports/">
<p><a href="index.html">back to main page</a></p>
<p class="summaryperiod">
  Summary Period:
  <span class="date">2006-01-19</span> to
  <span class="date">2006-11-18</span></p>
<p><a href="http://svn.sourceforge.net/viewvc/statsvn/trunk/statsvn/src/net/sf/statcvs/reports/">Browse with ViewVC</a></p>

<subsection name ="Modules">
<p><a href="module.html">[root]</a>/<a href="module_src.html">src</a>/<a href="module_src_net.html">net</a>/<a href="module_src_net_sf.html">sf</a>/<a href="module_src_net_sf_statcvs.html">statcvs</a>/<strong>reports</strong>
<br/></p>

<subsection name ="Lines of Code">
<p><img src="loc_module_src_net_sf_statcvs_reports.png" width="640" height="480" alt=""/><br/>
<strong>Total Lines Of Code: </strong>
56 (<span class="date">2006-11-19 11:40</span>)</p>
</subsection>
<subsection name ="Authors">
  <table  class="statCvsTable" rules="groups" summary="All authors and the number of their changes and lines of code in this directory">
    <colgroup align="left"/>
    <colgroup align="right"/>
    <colgroup align="right"/>
    <colgroup align="right"/>
    <thead>
      <tr>
        <th>Author</th>
        <th>Changes</th>
        <th>Lines of Code</th>
        <th>Lines per Change</th>
      </tr>
    </thead>
    <tfoot>
      <tr>
        <th>Totals</th>
        <td>43 (100.0%)</td>
        <td>157 (100.0%)</td>
        <td>3.6</td>
      </tr>
    </tfoot>
    <tbody>
      <tr  class="odd">
        <th><a href="user_benoitx.html" class="author">benoitx</a></th>
        <td>18 (41.9%)</td>
        <td>58 (36.9%)</td>
        <td>3.2</td>
      </tr>
      <tr  class="even">
        <th><a href="user_jpdaigle.html" class="author">jpdaigle</a></th>
        <td>13 (30.2%)</td>
        <td>56 (35.7%)</td>
        <td>4.3</td>
      </tr>
      <tr  class="odd">
        <th><a href="user_gunterm.html" class="author">gunterm</a></th>
        <td>12 (27.9%)</td>
        <td>43 (27.4%)</td>
        <td>3.5</td>
      </tr>
    </tbody>
  </table>

</subsection>
<subsection name ="Most Recent Commits">
<dl class="commitlist">
  <dt>
    <a href="user_benoitx.html" class="author">benoitx</a>
    <span class="date">2006-11-18 01:14</span>
  </dt>
  <dd>
    <p class="comment">
Fixed some checkstyle issues (using final wherever possible, hence a few changes...)<br/>
Introduced constants and rename final static method in upper case (was inconsistent).<br/>
Also there were a few inconsistencies in the use of { on the same line as for or if.<br/>
Re-ordered private/static/final keywords to follow java standard (e.g. private static final...)<br/>
I hope this is ok.
    </p>
    <p class="commitdetails"><strong>46</strong> lines of code changed in:</p>
    <ul class="commitdetails">
      <li>
        <strong>src/net/sf/statcvs/reports</strong>:
        <a href="http://svn.sourceforge.net/viewvc/statsvn/trunk/statsvn/src/net/sf/statcvs/reports/AbstractLocTableReport.java?rev=141&amp;content-type=text/vnd.viewcvs-markup" class="webrepository">AbstractLocTableReport.java</a>&#160;<span class="change">(+15&#160;-15)</span>,
        <a href="http://svn.sourceforge.net/viewvc/statsvn/trunk/statsvn/src/net/sf/statcvs/reports/AvgFileSizeTimeLineReport.java?rev=141&amp;content-type=text/vnd.viewcvs-markup" class="webrepository">AvgFileSizeTimeLineReport.java</a>&#160;<span class="change">(+6&#160;-6)</span>,
        <a href="http://svn.sourceforge.net/viewvc/statsvn/trunk/statsvn/src/net/sf/statcvs/reports/FileCountTimeLineReport.java?rev=141&amp;content-type=text/vnd.viewcvs-markup" class="webrepository">FileCountTimeLineReport.java</a>&#160;<span class="change">(+5&#160;-5)</span>,
        <a href="http://svn.sourceforge.net/viewvc/statsvn/trunk/statsvn/src/net/sf/statcvs/reports/FilesLocComparator.java?rev=141&amp;content-type=text/vnd.viewcvs-markup" class="webrepository">FilesLocComparator.java</a>&#160;<span class="change">(+3&#160;-3)</span>,
        <a href="http://svn.sourceforge.net/viewvc/statsvn/trunk/statsvn/src/net/sf/statcvs/reports/FilesRevisionCountComparator.java?rev=141&amp;content-type=text/vnd.viewcvs-markup" class="webrepository">FilesRevisionCountComparator.java</a>&#160;<span class="change">(+5&#160;-5)</span>,
        <a href="http://svn.sourceforge.net/viewvc/statsvn/trunk/statsvn/src/net/sf/statcvs/reports/FilesWithMostRevisionsTableReport.java?rev=141&amp;content-type=text/vnd.viewcvs-markup" class="webrepository">FilesWithMostRevisionsTableReport.java</a>&#160;<span class="change">(+4&#160;-4)</span>,
        <a href="http://svn.sourceforge.net/viewvc/statsvn/trunk/statsvn/src/net/sf/statcvs/reports/LargestFilesTableReport.java?rev=141&amp;content-type=text/vnd.viewcvs-markup" class="webrepository">LargestFilesTableReport.java</a>&#160;<span class="change">(+4&#160;-4)</span>,
        <a href="http://svn.sourceforge.net/viewvc/statsvn/trunk/statsvn/src/net/sf/statcvs/reports/TopAuthorsTableReport.java?rev=141&amp;content-type=text/vnd.viewcvs-markup" class="webrepository">TopAuthorsTableReport.java</a>&#160;<span class="change">(+4&#160;-4)</span>
      </li>
    </ul>
  </dd>

  <dt>
    <a href="user_benoitx.html" class="author">benoitx</a>
    <span class="date">2006-11-17 00:39</span>
  </dt>
  <dd>
    <p class="comment">
Replaced string concatenation with StringBuffer<br/>
Added a few final on constructor parameters.<br/>
Fixed a few FindBugs/PMD/Checkstyle.<br/>
Added a site navigation file for Maven.
    </p>
    <p class="commitdetails"><strong>12</strong> lines of code changed in:</p>
    <ul class="commitdetails">
      <li>
        <strong>src/net/sf/statcvs/reports</strong>:
        <a href="http://svn.sourceforge.net/viewvc/statsvn/trunk/statsvn/src/net/sf/statcvs/reports/AbstractLocTableReport.java?rev=138&amp;content-type=text/vnd.viewcvs-markup" class="webrepository">AbstractLocTableReport.java</a>&#160;<span class="change">(+1&#160;-1)</span>,
        <a href="http://svn.sourceforge.net/viewvc/statsvn/trunk/statsvn/src/net/sf/statcvs/reports/AuthorsForDirectoryTableReport.java?rev=138&amp;content-type=text/vnd.viewcvs-markup" class="webrepository">AuthorsForDirectoryTableReport.java</a>&#160;<span class="change">(+2&#160;-2)</span>,
        <a href="http://svn.sourceforge.net/viewvc/statsvn/trunk/statsvn/src/net/sf/statcvs/reports/AuthorsTableReport.java?rev=138&amp;content-type=text/vnd.viewcvs-markup" class="webrepository">AuthorsTableReport.java</a>&#160;<span class="change">(+1&#160;-1)</span>,
        <a href="http://svn.sourceforge.net/viewvc/statsvn/trunk/statsvn/src/net/sf/statcvs/reports/AvgFileSizeTimeLineReport.java?rev=138&amp;content-type=text/vnd.viewcvs-markup" class="webrepository">AvgFileSizeTimeLineReport.java</a>&#160;<span class="change">(+1&#160;-1)</span>,
        <a href="http://svn.sourceforge.net/viewvc/statsvn/trunk/statsvn/src/net/sf/statcvs/reports/DirectoriesForAuthorTableReport.java?rev=138&amp;content-type=text/vnd.viewcvs-markup" class="webrepository">DirectoriesForAuthorTableReport.java</a>&#160;<span class="change">(+2&#160;-2)</span>,
        <a href="http://svn.sourceforge.net/viewvc/statsvn/trunk/statsvn/src/net/sf/statcvs/reports/DirectoriesTableReport.java?rev=138&amp;content-type=text/vnd.viewcvs-markup" class="webrepository">DirectoriesTableReport.java</a>&#160;<span class="change">(+1&#160;-1)</span>,
        <a href="http://svn.sourceforge.net/viewvc/statsvn/trunk/statsvn/src/net/sf/statcvs/reports/FileCountTimeLineReport.java?rev=138&amp;content-type=text/vnd.viewcvs-markup" class="webrepository">FileCountTimeLineReport.java</a>&#160;<span class="change">(+1&#160;-1)</span>,
        <a href="http://svn.sourceforge.net/viewvc/statsvn/trunk/statsvn/src/net/sf/statcvs/reports/FilesWithMostRevisionsTableReport.java?rev=138&amp;content-type=text/vnd.viewcvs-markup" class="webrepository">FilesWithMostRevisionsTableReport.java</a>&#160;<span class="change">(+1&#160;-1)</span>,
        <a href="http://svn.sourceforge.net/viewvc/statsvn/trunk/statsvn/src/net/sf/statcvs/reports/LargestFilesTableReport.java?rev=138&amp;content-type=text/vnd.viewcvs-markup" class="webrepository">LargestFilesTableReport.java</a>&#160;<span class="change">(+1&#160;-1)</span>,
        <a href="http://svn.sourceforge.net/viewvc/statsvn/trunk/statsvn/src/net/sf/statcvs/reports/TopAuthorsTableReport.java?rev=138&amp;content-type=text/vnd.viewcvs-markup" class="webrepository">TopAuthorsTableReport.java</a>&#160;<span class="change">(+1&#160;-1)</span>
      </li>
    </ul>
  </dd>

  <dt>
    <a href="user_gunterm.html" class="author">gunterm</a>
    <span class="date">2006-02-21 20:23</span>
  </dt>
  <dd>
    <p class="comment">
renaming from CVS to abstract names or SVN; followed StatsCVS recommedations
    </p>
    <p class="commitdetails"><strong>43</strong> lines of code changed in:</p>
    <ul class="commitdetails">
      <li>
        <strong>src/net/sf/statcvs/reports</strong>:
        <a href="http://svn.sourceforge.net/viewvc/statsvn/trunk/statsvn/src/net/sf/statcvs/reports/AbstractLocTableReport.java?rev=13&amp;content-type=text/vnd.viewcvs-markup" class="webrepository">AbstractLocTableReport.java</a>&#160;<span class="change">(+7&#160;-7)</span>,
        <a href="http://svn.sourceforge.net/viewvc/statsvn/trunk/statsvn/src/net/sf/statcvs/reports/AuthorsForDirectoryTableReport.java?rev=13&amp;content-type=text/vnd.viewcvs-markup" class="webrepository">AuthorsForDirectoryTableReport.java</a>&#160;<span class="change">(+2&#160;-2)</span>,
        <a href="http://svn.sourceforge.net/viewvc/statsvn/trunk/statsvn/src/net/sf/statcvs/reports/AuthorsTableReport.java?rev=13&amp;content-type=text/vnd.viewcvs-markup" class="webrepository">AuthorsTableReport.java</a>&#160;<span class="change">(+2&#160;-2)</span>,
        <a href="http://svn.sourceforge.net/viewvc/statsvn/trunk/statsvn/src/net/sf/statcvs/reports/AvgFileSizeTimeLineReport.java?rev=13&amp;content-type=text/vnd.viewcvs-markup" class="webrepository">AvgFileSizeTimeLineReport.java</a>&#160;<span class="change">(+5&#160;-5)</span>,
        <a href="http://svn.sourceforge.net/viewvc/statsvn/trunk/statsvn/src/net/sf/statcvs/reports/DirectoriesForAuthorTableReport.java?rev=13&amp;content-type=text/vnd.viewcvs-markup" class="webrepository">DirectoriesForAuthorTableReport.java</a>&#160;<span class="change">(+2&#160;-2)</span>,
        <a href="http://svn.sourceforge.net/viewvc/statsvn/trunk/statsvn/src/net/sf/statcvs/reports/DirectoriesTableReport.java?rev=13&amp;content-type=text/vnd.viewcvs-markup" class="webrepository">DirectoriesTableReport.java</a>&#160;<span class="change">(+2&#160;-2)</span>,
        <a href="http://svn.sourceforge.net/viewvc/statsvn/trunk/statsvn/src/net/sf/statcvs/reports/FileCountTimeLineReport.java?rev=13&amp;content-type=text/vnd.viewcvs-markup" class="webrepository">FileCountTimeLineReport.java</a>&#160;<span class="change">(+6&#160;-6)</span>,
        <a href="http://svn.sourceforge.net/viewvc/statsvn/trunk/statsvn/src/net/sf/statcvs/reports/FilesLocComparator.java?rev=13&amp;content-type=text/vnd.viewcvs-markup" class="webrepository">FilesLocComparator.java</a>&#160;<span class="change">(+3&#160;-3)</span>,
        <a href="http://svn.sourceforge.net/viewvc/statsvn/trunk/statsvn/src/net/sf/statcvs/reports/FilesRevisionCountComparator.java?rev=13&amp;content-type=text/vnd.viewcvs-markup" class="webrepository">FilesRevisionCountComparator.java</a>&#160;<span class="change">(+6&#160;-6)</span>,
        <a href="http://svn.sourceforge.net/viewvc/statsvn/trunk/statsvn/src/net/sf/statcvs/reports/FilesWithMostRevisionsTableReport.java?rev=13&amp;content-type=text/vnd.viewcvs-markup" class="webrepository">FilesWithMostRevisionsTableReport.java</a>&#160;<span class="change">(+3&#160;-3)</span>,
        <a href="http://svn.sourceforge.net/viewvc/statsvn/trunk/statsvn/src/net/sf/statcvs/reports/LargestFilesTableReport.java?rev=13&amp;content-type=text/vnd.viewcvs-markup" class="webrepository">LargestFilesTableReport.java</a>&#160;<span class="change">(+3&#160;-3)</span>,
        <a href="http://svn.sourceforge.net/viewvc/statsvn/trunk/statsvn/src/net/sf/statcvs/reports/TopAuthorsTableReport.java?rev=13&amp;content-type=text/vnd.viewcvs-markup" class="webrepository">TopAuthorsTableReport.java</a>&#160;<span class="change">(+2&#160;-2)</span>
      </li>
    </ul>
  </dd>

  <dt>
    <a href="user_jpdaigle.html" class="author">jpdaigle</a>
    <span class="date">2006-01-19 07:13</span>
  </dt>
  <dd>
    <p class="comment">
Initial statcvs project import
    </p>
    <p class="commitdetails"><strong>56</strong> lines of code changed in:</p>
    <ul class="commitdetails">
      <li>
        <strong>src/net/sf/statcvs/reports</strong>:
        <a href="http://svn.sourceforge.net/viewvc/statsvn/trunk/statsvn/src/net/sf/statcvs/reports/AbstractLocTableReport.java?rev=5&amp;content-type=text/vnd.viewcvs-markup" class="webrepository">AbstractLocTableReport.java</a>&#160;<span class="new">(new&#160;15)</span>,
        <a href="http://svn.sourceforge.net/viewvc/statsvn/trunk/statsvn/src/net/sf/statcvs/reports/AuthorsForDirectoryTableReport.java?rev=5&amp;content-type=text/vnd.viewcvs-markup" class="webrepository">AuthorsForDirectoryTableReport.java</a>&#160;<span class="new">(new&#160;2)</span>,
        <a href="http://svn.sourceforge.net/viewvc/statsvn/trunk/statsvn/src/net/sf/statcvs/reports/AuthorsTableReport.java?rev=5&amp;content-type=text/vnd.viewcvs-markup" class="webrepository">AuthorsTableReport.java</a>&#160;<span class="new">(new&#160;2)</span>,
        <a href="http://svn.sourceforge.net/viewvc/statsvn/trunk/statsvn/src/net/sf/statcvs/reports/AvgFileSizeTimeLineReport.java?rev=5&amp;content-type=text/vnd.viewcvs-markup" class="webrepository">AvgFileSizeTimeLineReport.java</a>&#160;<span class="new">(new&#160;6)</span>,
        <a href="http://svn.sourceforge.net/viewvc/statsvn/trunk/statsvn/src/net/sf/statcvs/reports/DirectoriesForAuthorTableReport.java?rev=5&amp;content-type=text/vnd.viewcvs-markup" class="webrepository">DirectoriesForAuthorTableReport.java</a>&#160;<span class="new">(new&#160;2)</span>,
        <a href="http://svn.sourceforge.net/viewvc/statsvn/trunk/statsvn/src/net/sf/statcvs/reports/DirectoriesTableReport.java?rev=5&amp;content-type=text/vnd.viewcvs-markup" class="webrepository">DirectoriesTableReport.java</a>&#160;<span class="new">(new&#160;2)</span>,
        <a href="http://svn.sourceforge.net/viewvc/statsvn/trunk/statsvn/src/net/sf/statcvs/reports/FileCountTimeLineReport.java?rev=5&amp;content-type=text/vnd.viewcvs-markup" class="webrepository">FileCountTimeLineReport.java</a>&#160;<span class="new">(new&#160;6)</span>,
        <a href="http://svn.sourceforge.net/viewvc/statsvn/trunk/statsvn/src/net/sf/statcvs/reports/FilesLocComparator.java?rev=5&amp;content-type=text/vnd.viewcvs-markup" class="webrepository">FilesLocComparator.java</a>&#160;<span class="new">(new&#160;3)</span>,
        <a href="http://svn.sourceforge.net/viewvc/statsvn/trunk/statsvn/src/net/sf/statcvs/reports/FilesRevisionCountComparator.java?rev=5&amp;content-type=text/vnd.viewcvs-markup" class="webrepository">FilesRevisionCountComparator.java</a>&#160;<span class="new">(new&#160;6)</span>,
        <a href="http://svn.sourceforge.net/viewvc/statsvn/trunk/statsvn/src/net/sf/statcvs/reports/FilesWithMostRevisionsTableReport.java?rev=5&amp;content-type=text/vnd.viewcvs-markup" class="webrepository">FilesWithMostRevisionsTableReport.java</a>&#160;<span class="new">(new&#160;4)</span>,
        <a href="http://svn.sourceforge.net/viewvc/statsvn/trunk/statsvn/src/net/sf/statcvs/reports/LargestFilesTableReport.java?rev=5&amp;content-type=text/vnd.viewcvs-markup" class="webrepository">LargestFilesTableReport.java</a>&#160;<span class="new">(new&#160;4)</span>,
        <a href="http://svn.sourceforge.net/viewvc/statsvn/trunk/statsvn/src/net/sf/statcvs/reports/TableReport.java?rev=5&amp;content-type=text/vnd.viewcvs-markup" class="webrepository">TableReport.java</a>&#160;<span class="new">(new)</span>,
        <a href="http://svn.sourceforge.net/viewvc/statsvn/trunk/statsvn/src/net/sf/statcvs/reports/TopAuthorsTableReport.java?rev=5&amp;content-type=text/vnd.viewcvs-markup" class="webrepository">TopAuthorsTableReport.java</a>&#160;<span class="new">(new&#160;4)</span>
      </li>
    </ul>
  </dd>

</dl>

</subsection></subsection><div id="generatedby"><p>Generated by <a href="http://www.statsvn.org">StatSVN</a> v0.1.4</p>
</div>
</section></body>
</document>