<?xml version="1.0" encoding="US-ASCII"?>
<document xmlns:lxslt="http://xml.apache.org/xslt">
<properties><title>Module </title></properties>
<head>
    <meta http-equiv="Content-Type" content="text/html; charset=ISO-8859-1"/>
    <meta name="Generator" content="StatSVN v0.1.4"/>
    <link rel="stylesheet" href="objectlab-statcvs-xdoc.css" type="text/css"/>
  </head>

<body><section name="Module ">
<p><a href="index.html">back to main page</a></p>
<p class="summaryperiod">
  Summary Period:
  <span class="date">2006-01-19</span> to
  <span class="date">2006-11-18</span></p>
<p><a href="http://svn.sourceforge.net/viewvc/statsvn/trunk/statsvn/">Browse with ViewVC</a></p>

<subsection name ="Modules">
<p><strong>[root]</strong>
<br/>&#160;&#160;&#160;&#160;<img src="folder.png" width="15" height="13" alt=""/> 
<a href="module_.settings.html">.settings</a> 
(3 files, 267 lines)<br/>

&#160;&#160;&#160;&#160;<img src="folder.png" width="15" height="13" alt=""/> 
<a href="module_devdoc.html">devdoc</a> 
(2 files, 106 lines)<br/>

&#160;&#160;&#160;&#160;<img src="folder.png" width="15" height="13" alt=""/> 
<a href="module_etc.html">etc</a> 
(3 files, 542 lines)<br/>

&#160;&#160;&#160;&#160;<img src="folder.png" width="15" height="13" alt=""/> 
<a href="module_lib.html">lib</a> 
(4 files, 0 lines)<br/>

&#160;&#160;&#160;&#160;<img src="folder.png" width="15" height="13" alt=""/> 
<a href="module_site.html">site</a> 
(1 files, 26 lines)<br/>

&#160;&#160;&#160;&#160;&#160;&#160;&#160;&#160;<img src="folder.png" width="15" height="13" alt=""/> 
<a href="module_site_style.html">style</a> 
(1 files, 146 lines)<br/>

&#160;&#160;&#160;&#160;<img src="folder.png" width="15" height="13" alt=""/> 
<a href="module_src.html">src</a> 
(0 files, 0 lines)<br/>

&#160;&#160;&#160;&#160;&#160;&#160;&#160;&#160;<img src="folder.png" width="15" height="13" alt=""/> 
<a href="module_src_net.html">net</a> 
(0 files, 0 lines)<br/>

&#160;&#160;&#160;&#160;&#160;&#160;&#160;&#160;&#160;&#160;&#160;&#160;<img src="folder.png" width="15" height="13" alt=""/> 
<a href="module_src_net_sf.html">sf</a> 
(0 files, 0 lines)<br/>

&#160;&#160;&#160;&#160;&#160;&#160;&#160;&#160;&#160;&#160;&#160;&#160;&#160;&#160;&#160;&#160;<img src="folder.png" width="15" height="13" alt=""/> 
<a href="module_src_net_sf_statcvs.html">statcvs</a> 
(7 files, 120 lines)<br/>

&#160;&#160;&#160;&#160;&#160;&#160;&#160;&#160;&#160;&#160;&#160;&#160;&#160;&#160;&#160;&#160;&#160;&#160;&#160;&#160;<img src="folder.png" width="15" height="13" alt=""/> 
<a href="module_src_net_sf_statcvs_ant.html">ant</a> 
(2 files, 54 lines)<br/>

&#160;&#160;&#160;&#160;&#160;&#160;&#160;&#160;&#160;&#160;&#160;&#160;&#160;&#160;&#160;&#160;&#160;&#160;&#160;&#160;<img src="folder.png" width="15" height="13" alt=""/> 
<a href="module_src_net_sf_statcvs_input.html">input</a> 
(17 files, 2426 lines)<br/>

&#160;&#160;&#160;&#160;&#160;&#160;&#160;&#160;&#160;&#160;&#160;&#160;&#160;&#160;&#160;&#160;&#160;&#160;&#160;&#160;<img src="folder.png" width="15" height="13" alt=""/> 
<a href="module_src_net_sf_statcvs_model.html">model</a> 
(10 files, 82 lines)<br/>

&#160;&#160;&#160;&#160;&#160;&#160;&#160;&#160;&#160;&#160;&#160;&#160;&#160;&#160;&#160;&#160;&#160;&#160;&#160;&#160;<img src="folder.png" width="15" height="13" alt=""/> 
<a href="module_src_net_sf_statcvs_output.html">output</a> 
(27 files, 1015 lines)<br/>

&#160;&#160;&#160;&#160;&#160;&#160;&#160;&#160;&#160;&#160;&#160;&#160;&#160;&#160;&#160;&#160;&#160;&#160;&#160;&#160;<img src="folder.png" width="15" height="13" alt=""/> 
<a href="module_src_net_sf_statcvs_renderer.html">renderer</a> 
(14 files, 286 lines)<br/>

&#160;&#160;&#160;&#160;&#160;&#160;&#160;&#160;&#160;&#160;&#160;&#160;&#160;&#160;&#160;&#160;&#160;&#160;&#160;&#160;<img src="folder.png" width="15" height="13" alt=""/> 
<a href="module_src_net_sf_statcvs_reportmodel.html">reportmodel</a> 
(12 files, 48 lines)<br/>

&#160;&#160;&#160;&#160;&#160;&#160;&#160;&#160;&#160;&#160;&#160;&#160;&#160;&#160;&#160;&#160;&#160;&#160;&#160;&#160;<img src="folder.png" width="15" height="13" alt=""/> 
<a href="module_src_net_sf_statcvs_reports.html">reports</a> 
(13 files, 56 lines)<br/>

&#160;&#160;&#160;&#160;&#160;&#160;&#160;&#160;&#160;&#160;&#160;&#160;&#160;&#160;&#160;&#160;&#160;&#160;&#160;&#160;<img src="folder.png" width="15" height="13" alt=""/> 
<a href="module_src_net_sf_statcvs_util.html">util</a> 
(20 files, 1210 lines)<br/>

&#160;&#160;&#160;&#160;&#160;&#160;&#160;&#160;&#160;&#160;&#160;&#160;&#160;&#160;&#160;&#160;&#160;&#160;&#160;&#160;<img src="folder.png" width="15" height="13" alt=""/> 
<a href="module_src_net_sf_statcvs_web-files.html">web-files</a> 
(9 files, 0 lines)<br/>

&#160;&#160;&#160;&#160;&#160;&#160;&#160;&#160;&#160;&#160;&#160;&#160;&#160;&#160;&#160;&#160;<img src="folder.png" width="15" height="13" alt=""/> 
<a href="module_src_net_sf_statsvn.html">statsvn</a> 
(1 files, 30 lines)<br/>

&#160;&#160;&#160;&#160;<img src="folder.png" width="15" height="13" alt=""/> 
<a href="module_tests-src.html">tests-src</a> 
(0 files, 0 lines)<br/>

&#160;&#160;&#160;&#160;&#160;&#160;&#160;&#160;<img src="folder.png" width="15" height="13" alt=""/> 
<a href="module_tests-src_net.html">net</a> 
(0 files, 0 lines)<br/>

&#160;&#160;&#160;&#160;&#160;&#160;&#160;&#160;&#160;&#160;&#160;&#160;<img src="folder.png" width="15" height="13" alt=""/> 
<a href="module_tests-src_net_sf.html">sf</a> 
(0 files, 0 lines)<br/>

&#160;&#160;&#160;&#160;&#160;&#160;&#160;&#160;&#160;&#160;&#160;&#160;&#160;&#160;&#160;&#160;<img src="folder.png" width="15" height="13" alt=""/> 
<a href="module_tests-src_net_sf_statcvs.html">statcvs</a> 
(1 files, 2 lines)<br/>

&#160;&#160;&#160;&#160;&#160;&#160;&#160;&#160;&#160;&#160;&#160;&#160;&#160;&#160;&#160;&#160;&#160;&#160;&#160;&#160;<img src="folder.png" width="15" height="13" alt=""/> 
<a href="module_tests-src_net_sf_statcvs_input.html">input</a> 
(27 files, 335 lines)<br/>

&#160;&#160;&#160;&#160;&#160;&#160;&#160;&#160;&#160;&#160;&#160;&#160;&#160;&#160;&#160;&#160;&#160;&#160;&#160;&#160;&#160;&#160;&#160;&#160;<img src="folder.png" width="15" height="13" alt=""/> 
<a href="module_tests-src_net_sf_statcvs_input_samplefiles.html">samplefiles</a> 
(5 files, 0 lines)<br/>

&#160;&#160;&#160;&#160;&#160;&#160;&#160;&#160;&#160;&#160;&#160;&#160;&#160;&#160;&#160;&#160;&#160;&#160;&#160;&#160;<img src="folder.png" width="15" height="13" alt=""/> 
<a href="module_tests-src_net_sf_statcvs_model.html">model</a> 
(7 files, 131 lines)<br/>

&#160;&#160;&#160;&#160;&#160;&#160;&#160;&#160;&#160;&#160;&#160;&#160;&#160;&#160;&#160;&#160;&#160;&#160;&#160;&#160;<img src="folder.png" width="15" height="13" alt=""/> 
<a href="module_tests-src_net_sf_statcvs_output.html">output</a> 
(2 files, 34 lines)<br/>

&#160;&#160;&#160;&#160;&#160;&#160;&#160;&#160;&#160;&#160;&#160;&#160;&#160;&#160;&#160;&#160;&#160;&#160;&#160;&#160;<img src="folder.png" width="15" height="13" alt=""/> 
<a href="module_tests-src_net_sf_statcvs_renderer.html">renderer</a> 
(2 files, 13 lines)<br/>

&#160;&#160;&#160;&#160;&#160;&#160;&#160;&#160;&#160;&#160;&#160;&#160;&#160;&#160;&#160;&#160;&#160;&#160;&#160;&#160;<img src="folder.png" width="15" height="13" alt=""/> 
<a href="module_tests-src_net_sf_statcvs_reportmodel.html">reportmodel</a> 
(2 files, 24 lines)<br/>

&#160;&#160;&#160;&#160;&#160;&#160;&#160;&#160;&#160;&#160;&#160;&#160;&#160;&#160;&#160;&#160;&#160;&#160;&#160;&#160;<img src="folder.png" width="15" height="13" alt=""/> 
<a href="module_tests-src_net_sf_statcvs_util.html">util</a> 
(7 files, 57 lines)<br/>

</p>

<subsection name ="Lines of Code">
<p><img src="loc_module.png" width="640" height="480" alt=""/><br/>
<strong>Total Lines Of Code: </strong>
3386 (<span class="date">2006-11-19 11:40</span>)</p>
</subsection>
<subsection name ="Authors">
  <table  class="statCvsTable" rules="groups" summary="All authors and the number of their changes and lines of code in this directory">
    <colgroup align="left"/>
    <colgroup align="right"/>
    <colgroup align="right"/>
    <colgroup align="right"/>
    <thead>
      <tr>
        <th>Author</th>
        <th>Changes</th>
        <th>Lines of Code</th>
        <th>Lines per Change</th>
      </tr>
    </thead>
    <tfoot>
      <tr>
        <th>Totals</th>
        <td>35 (100.0%)</td>
        <td>4781 (100.0%)</td>
        <td>136.6</td>
      </tr>
    </tfoot>
    <tbody>
      <tr  class="odd">
        <th><a href="user_benoitx.html" class="author">benoitx</a></th>
        <td>12 (34.3%)</td>
        <td>4138 (86.6%)</td>
        <td>344.8</td>
      </tr>
      <tr  class="even">
        <th><a href="user_jpdaigle.html" class="author">jpdaigle</a></th>
        <td>5 (14.3%)</td>
        <td>447 (9.3%)</td>
        <td>89.4</td>
      </tr>
      <tr  class="odd">
        <th><a href="user_jkealey.html" class="author">jkealey</a></th>
        <td>16 (45.7%)</td>
        <td>195 (4.1%)</td>
        <td>12.1</td>
      </tr>
      <tr  class="even">
        <th><a href="user_gunterm.html" class="author">gunterm</a></th>
        <td>2 (5.7%)</td>
        <td>1 (0.0%)</td>
        <td>0.5</td>
      </tr>
    </tbody>
  </table>

</subsection>
<subsection name ="Most Recent Commits">
<dl class="commitlist">
  <dt>
    <a href="user_benoitx.html" class="author">benoitx</a>
    <span class="date">2006-11-18 01:14</span>
  </dt>
  <dd>
    <p class="comment">
Fixed some checkstyle issues (using final wherever possible, hence a few changes...)<br/>
Introduced constants and rename final static method in upper case (was inconsistent).<br/>
Also there were a few inconsistencies in the use of { on the same line as for or if.<br/>
Re-ordered private/static/final keywords to follow java standard (e.g. private static final...)<br/>
I hope this is ok.
    </p>
    <p class="commitdetails"><strong>301</strong> lines of code changed in:</p>
    <ul class="commitdetails">
      <li>
        <a href="http://svn.sourceforge.net/viewvc/statsvn/trunk/statsvn/qalab.xml.diff?r1=138&amp;r2=141" class="webrepository">qalab.xml</a>&#160;<span class="change">(+301&#160;-11)</span>
      </li>
    </ul>
  </dd>

  <dt>
    <a href="user_benoitx.html" class="author">benoitx</a>
    <span class="date">2006-11-17 00:58</span>
  </dt>
  <dd>
    <p class="comment">
Adding consistent style for Maven build.
    </p>
    <p class="commitdetails"><strong>2</strong> lines of code changed in:</p>
    <ul class="commitdetails">
      <li>
        <a href="http://svn.sourceforge.net/viewvc/statsvn/trunk/statsvn/project.properties.diff?r1=138&amp;r2=140" class="webrepository">project.properties</a>&#160;<span class="change">(+2)</span>
      </li>
    </ul>
  </dd>

  <dt>
    <a href="user_benoitx.html" class="author">benoitx</a>
    <span class="date">2006-11-17 00:39</span>
  </dt>
  <dd>
    <p class="comment">
Replaced string concatenation with StringBuffer<br/>
Added a few final on constructor parameters.<br/>
Fixed a few FindBugs/PMD/Checkstyle.<br/>
Added a site navigation file for Maven.
    </p>
    <p class="commitdetails"><strong>1002</strong> lines of code changed in:</p>
    <ul class="commitdetails">
      <li>
        <a href="http://svn.sourceforge.net/viewvc/statsvn/trunk/statsvn/project.properties.diff?r1=137&amp;r2=138" class="webrepository">project.properties</a>&#160;<span class="change">(+2)</span>,
        <a href="http://svn.sourceforge.net/viewvc/statsvn/trunk/statsvn/qalab.xml.diff?r1=137&amp;r2=138" class="webrepository">qalab.xml</a>&#160;<span class="change">(+1000&#160;-92)</span>
      </li>
    </ul>
  </dd>

  <dt>
    <a href="user_benoitx.html" class="author">benoitx</a>
    <span class="date">2006-11-16 11:10</span>
  </dt>
  <dd>
    <p class="comment">
First cut for the refactored html/xdoc generation.<br/>
Use the new command line parameter -format xdoc|html (html by default).<br/>
When xdoc is used and NO css is provided, it will use the objectlab-statcvs-xdoc.css which is now part of StatSvn.<br/>
This checkin also resurrect the Maven build.
    </p>
    <p class="commitdetails"><strong>446</strong> lines of code changed in:</p>
    <ul class="commitdetails">
      <li>
        <a href="http://svn.sourceforge.net/viewvc/statsvn/trunk/statsvn/project.properties.diff?r1=135&amp;r2=137" class="webrepository">project.properties</a>&#160;<span class="change">(+7&#160;-1)</span>,
        <a href="http://svn.sourceforge.net/viewvc/statsvn/trunk/statsvn/qalab.xml.diff?r1=134&amp;r2=137" class="webrepository">qalab.xml</a>&#160;<span class="change">(+439&#160;-941)</span>
      </li>
    </ul>
  </dd>

  <dt>
    <a href="user_benoitx.html" class="author">benoitx</a>
    <span class="date">2006-11-15 22:58</span>
  </dt>
  <dd>
    <p class="comment">
restrict the tests to the ones run by AllTests in ant.
    </p>
    <p class="commitdetails"><strong>19</strong> lines of code changed in:</p>
    <ul class="commitdetails">
      <li>
        <a href="http://svn.sourceforge.net/viewvc/statsvn/trunk/statsvn/project.xml.diff?r1=134&amp;r2=136" class="webrepository">project.xml</a>&#160;<span class="change">(+19&#160;-14)</span>
      </li>
    </ul>
  </dd>

  <dt>
    <a href="user_benoitx.html" class="author">benoitx</a>
    <span class="date">2006-11-15 20:10</span>
  </dt>
  <dd>
    <p class="comment">
Change the date format.
    </p>
    <p class="commitdetails"><strong>3</strong> lines of code changed in:</p>
    <ul class="commitdetails">
      <li>
        <a href="http://svn.sourceforge.net/viewvc/statsvn/trunk/statsvn/project.properties.diff?r1=132&amp;r2=135" class="webrepository">project.properties</a>&#160;<span class="change">(+3&#160;-1)</span>
      </li>
    </ul>
  </dd>

  <dt>
    <a href="user_benoitx.html" class="author">benoitx</a>
    <span class="date">2006-11-15 18:05</span>
  </dt>
  <dd>
    <p class="comment">
Resurrect the Maven build. Added qalab to it... of course!
    </p>
    <p class="commitdetails"><strong>2355</strong> lines of code changed in:</p>
    <ul class="commitdetails">
      <li>
        <a href="http://svn.sourceforge.net/viewvc/statsvn/trunk/statsvn/maven.xml.diff?r1=5&amp;r2=134" class="webrepository">maven.xml</a>&#160;<span class="change">(+31&#160;-34)</span>,
        <a href="http://svn.sourceforge.net/viewvc/statsvn/trunk/statsvn/project.xml.diff?r1=121&amp;r2=134" class="webrepository">project.xml</a>&#160;<span class="change">(+175&#160;-139)</span>,
        <a href="http://svn.sourceforge.net/viewvc/statsvn/trunk/statsvn/qalab.xml?rev=134&amp;content-type=text/vnd.viewcvs-markup" class="webrepository">qalab.xml</a>&#160;<span class="new">(new&#160;2149)</span>
      </li>
    </ul>
  </dd>

  <dt>
    <a href="user_benoitx.html" class="author">benoitx</a>
    <span class="date">2006-11-15 09:42</span>
  </dt>
  <dd>
    <p class="comment">
Well, I had to test if I really have commit rights.. ;-)
    </p>
    <p class="commitdetails"><strong>10</strong> lines of code changed in:</p>
    <ul class="commitdetails">
      <li>
        <a href="http://svn.sourceforge.net/viewvc/statsvn/trunk/statsvn/project.properties.diff?r1=131&amp;r2=132" class="webrepository">project.properties</a>&#160;<span class="change">(+10&#160;-1)</span>
      </li>
    </ul>
  </dd>

  <dt>
    <a href="user_jkealey.html" class="author">jkealey</a>
    <span class="date">2006-11-14 14:05</span>
  </dt>
  <dd>
    <p class="comment">
0.1.2
    </p>
    <p class="commitdetails"><strong>1</strong> lines of code changed in:</p>
    <ul class="commitdetails">
      <li>
        <a href="http://svn.sourceforge.net/viewvc/statsvn/trunk/statsvn/project.properties.diff?r1=120&amp;r2=131" class="webrepository">project.properties</a>&#160;<span class="change">(+1&#160;-1)</span>
      </li>
    </ul>
  </dd>

  <dt>
    <a href="user_jkealey.html" class="author">jkealey</a>
    <span class="date">2006-11-07 02:25</span>
  </dt>
  <dd>
    <p class="comment">
changes to sourceforge information
    </p>
    <p class="commitdetails"><strong>3</strong> lines of code changed in:</p>
    <ul class="commitdetails">
      <li>
        <a href="http://svn.sourceforge.net/viewvc/statsvn/trunk/statsvn/project.xml.diff?r1=120&amp;r2=121" class="webrepository">project.xml</a>&#160;<span class="change">(+3&#160;-16)</span>
      </li>
    </ul>
  </dd>

  <dt>
    <a href="user_jkealey.html" class="author">jkealey</a>
    <span class="date">2006-11-07 02:10</span>
  </dt>
  <dd>
    <p class="comment">
Merged in changes from StatCVS 0.2.3. Creating StatSVN 0.1.1
    </p>
    <p class="commitdetails"><strong>37</strong> lines of code changed in:</p>
    <ul class="commitdetails">
      <li>
        <a href="http://svn.sourceforge.net/viewvc/statsvn/trunk/statsvn/.classpath.diff?r1=14&amp;r2=120" class="webrepository">.classpath</a>&#160;<span class="change">(+2&#160;-2)</span>,
        <a href="http://svn.sourceforge.net/viewvc/statsvn/trunk/statsvn/build.xml.diff?r1=82&amp;r2=120" class="webrepository">build.xml</a>&#160;<span class="change">(+10&#160;-10)</span>,
        <a href="http://svn.sourceforge.net/viewvc/statsvn/trunk/statsvn/project.properties.diff?r1=22&amp;r2=120" class="webrepository">project.properties</a>&#160;<span class="change">(+3&#160;-3)</span>,
        <a href="http://svn.sourceforge.net/viewvc/statsvn/trunk/statsvn/project.xml.diff?r1=22&amp;r2=120" class="webrepository">project.xml</a>&#160;<span class="change">(+22&#160;-7)</span>
      </li>
    </ul>
  </dd>

  <dt>
    <a href="user_jpdaigle.html" class="author">jpdaigle</a>
    <span class="date">2006-03-25 08:31</span>
  </dt>
  <dd>
    <p class="comment">
Adding support for -bugzilla option
    </p>
    <p class="commitdetails"><strong>1</strong> lines of code changed in:</p>
    <ul class="commitdetails">
      <li>
        <a href="http://svn.sourceforge.net/viewvc/statsvn/trunk/statsvn/build.xml.diff?r1=42&amp;r2=82" class="webrepository">build.xml</a>&#160;<span class="change">(+1&#160;-1)</span>
      </li>
    </ul>
  </dd>

  <dt>
    <a href="user_jkealey.html" class="author">jkealey</a>
    <span class="date">2006-03-02 19:33</span>
  </dt>
  <dd>
    <p class="comment">
reverted to previous dist dependencies
    </p>
    <p class="commitdetails"><strong>1</strong> lines of code changed in:</p>
    <ul class="commitdetails">
      <li>
        <a href="http://svn.sourceforge.net/viewvc/statsvn/trunk/statsvn/build.xml.diff?r1=27&amp;r2=42" class="webrepository">build.xml</a>&#160;<span class="change">(+1&#160;-1)</span>
      </li>
    </ul>
  </dd>

  <dt>
    <a href="user_jkealey.html" class="author">jkealey</a>
    <span class="date">2006-02-24 03:08</span>
  </dt>
  <dd>
    <p class="comment">
can now know if a file (either deleted or not) is binary<br/>
not 100% tested :)<br/>
<br/>

    </p>
    <p class="commitdetails"><strong>1</strong> lines of code changed in:</p>
    <ul class="commitdetails">
      <li>
        <a href="http://svn.sourceforge.net/viewvc/statsvn/trunk/statsvn/build.xml.diff?r1=22&amp;r2=27" class="webrepository">build.xml</a>&#160;<span class="change">(+1&#160;-1)</span>
      </li>
    </ul>
  </dd>

  <dt>
    <a href="user_jkealey.html" class="author">jkealey</a>
    <span class="date">2006-02-23 05:03</span>
  </dt>
  <dd>
    <p class="comment">
Fixed bug with root folder causing problems. All filenames must not be prefixed by /
    </p>
    <p class="commitdetails"><strong>17</strong> lines of code changed in:</p>
    <ul class="commitdetails">
      <li>
        <a href="http://svn.sourceforge.net/viewvc/statsvn/trunk/statsvn/build.xml.diff?r1=10&amp;r2=22" class="webrepository">build.xml</a>&#160;<span class="change">(+1&#160;-1)</span>,
        <a href="http://svn.sourceforge.net/viewvc/statsvn/trunk/statsvn/project.properties.diff?r1=5&amp;r2=22" class="webrepository">project.properties</a>&#160;<span class="change">(+1&#160;-1)</span>,
        <a href="http://svn.sourceforge.net/viewvc/statsvn/trunk/statsvn/project.xml.diff?r1=5&amp;r2=22" class="webrepository">project.xml</a>&#160;<span class="change">(+15&#160;-15)</span>
      </li>
    </ul>
  </dd>

  <dt>
    <a href="user_gunterm.html" class="author">gunterm</a>
    <span class="date">2006-02-21 22:58</span>
  </dt>
  <dd>
    <p class="comment">
first attempts at the XML parser
    </p>
    <p class="commitdetails"><strong>0</strong> lines of code changed in:</p>
    <ul class="commitdetails">
      <li>
        <a href="http://svn.sourceforge.net/viewvc/statsvn/trunk/statsvn/.classpath.diff?r1=13&amp;r2=14" class="webrepository">.classpath</a>&#160;<span class="change">(-1)</span>
      </li>
    </ul>
  </dd>

  <dt>
    <a href="user_gunterm.html" class="author">gunterm</a>
    <span class="date">2006-02-21 20:23</span>
  </dt>
  <dd>
    <p class="comment">
renaming from CVS to abstract names or SVN; followed StatsCVS recommedations
    </p>
    <p class="commitdetails"><strong>1</strong> lines of code changed in:</p>
    <ul class="commitdetails">
      <li>
        <a href="http://svn.sourceforge.net/viewvc/statsvn/trunk/statsvn/.classpath.diff?r1=7&amp;r2=13" class="webrepository">.classpath</a>&#160;<span class="change">(+1)</span>
      </li>
    </ul>
  </dd>

  <dt>
    <a href="user_jkealey.html" class="author">jkealey</a>
    <span class="date">2006-02-13 15:34</span>
  </dt>
  <dd>
    <p class="comment">
changed a few strings; added svn update/log to the build script.
    </p>
    <p class="commitdetails"><strong>104</strong> lines of code changed in:</p>
    <ul class="commitdetails">
      <li>
        <a href="http://svn.sourceforge.net/viewvc/statsvn/trunk/statsvn/build.xml.diff?r1=9&amp;r2=10" class="webrepository">build.xml</a>&#160;<span class="change">(+104&#160;-98)</span>
      </li>
    </ul>
  </dd>

  <dt>
    <a href="user_jkealey.html" class="author">jkealey</a>
    <span class="date">2006-02-13 15:18</span>
  </dt>
  <dd>
    <p class="comment">
changed archive name to statsvn
    </p>
    <p class="commitdetails"><strong>2</strong> lines of code changed in:</p>
    <ul class="commitdetails">
      <li>
        <a href="http://svn.sourceforge.net/viewvc/statsvn/trunk/statsvn/build.xml.diff?r1=5&amp;r2=9" class="webrepository">build.xml</a>&#160;<span class="change">(+2&#160;-2)</span>
      </li>
    </ul>
  </dd>

  <dt>
    <a href="user_jkealey.html" class="author">jkealey</a>
    <span class="date">2006-02-13 14:24</span>
  </dt>
  <dd>
    <p class="comment">
statsvn wasn't named properly in eclipse project
    </p>
    <p class="commitdetails"><strong>1</strong> lines of code changed in:</p>
    <ul class="commitdetails">
      <li>
        <a href="http://svn.sourceforge.net/viewvc/statsvn/trunk/statsvn/.project.diff?r1=7&amp;r2=8" class="webrepository">.project</a>&#160;<span class="change">(+1&#160;-1)</span>
      </li>
    </ul>
  </dd>

</dl>

<p>(2 more)</p>
</subsection></subsection><div id="generatedby"><p>Generated by <a href="http://www.statsvn.org">StatSVN</a> v0.1.4</p>
</div>
</section></body>
</document>