<?xml version="1.0" encoding="US-ASCII"?>
<document xmlns:lxslt="http://xml.apache.org/xslt">
<properties><title>Module lib/</title></properties>
<head>
    <meta http-equiv="Content-Type" content="text/html; charset=ISO-8859-1"/>
    <meta name="Generator" content="StatSVN v0.1.4"/>
    <link rel="stylesheet" href="objectlab-statcvs-xdoc.css" type="text/css"/>
  </head>

<body><section name="Module lib/">
<p><a href="index.html">back to main page</a></p>
<p class="summaryperiod">
  Summary Period:
  <span class="date">2006-01-19</span> to
  <span class="date">2006-11-07</span></p>
<p><a href="http://svn.sourceforge.net/viewvc/statsvn/trunk/statsvn/lib/">Browse with ViewVC</a></p>

<subsection name ="Modules">
<p><a href="module.html">[root]</a>/<strong>lib</strong>
<br/></p>

<subsection name ="Lines of Code">
<p><img src="loc_module_lib.png" width="640" height="480" alt=""/><br/>
<strong>Total Lines Of Code: </strong>
0 (<span class="date">2006-11-19 11:40</span>)</p>
</subsection>
<subsection name ="Authors">
  <table  class="statCvsTable" rules="groups" summary="All authors and the number of their changes and lines of code in this directory">
    <colgroup align="left"/>
    <colgroup align="right"/>
    <colgroup align="right"/>
    <colgroup align="right"/>
    <thead>
      <tr>
        <th>Author</th>
        <th>Changes</th>
        <th>Lines of Code</th>
        <th>Lines per Change</th>
      </tr>
    </thead>
    <tfoot>
      <tr>
        <th>Totals</th>
        <td>8 (100.0%)</td>
        <td>0 (-)</td>
        <td>0.0</td>
      </tr>
    </tfoot>
    <tbody>
      <tr  class="odd">
        <th><a href="user_jpdaigle.html" class="author">jpdaigle</a></th>
        <td>4 (50.0%)</td>
        <td>0 (-)</td>
        <td>0.0</td>
      </tr>
      <tr  class="even">
        <th><a href="user_jkealey.html" class="author">jkealey</a></th>
        <td>4 (50.0%)</td>
        <td>0 (-)</td>
        <td>0.0</td>
      </tr>
    </tbody>
  </table>

</subsection>
<subsection name ="Most Recent Commits">
<dl class="commitlist">
  <dt>
    <a href="user_jkealey.html" class="author">jkealey</a>
    <span class="date">2006-11-07 02:10</span>
  </dt>
  <dd>
    <p class="comment">
Merged in changes from StatCVS 0.2.3. Creating StatSVN 0.1.1
    </p>
    <p class="commitdetails"><strong>0</strong> lines of code changed in:</p>
    <ul class="commitdetails">
      <li>
        <strong>lib</strong>:
        <a href="http://svn.sourceforge.net/viewvc/statsvn/trunk/statsvn/lib/jcommon-0.9.6.jar?rev=5&amp;content-type=text/vnd.viewcvs-markup" class="webrepository">jcommon-0.9.6.jar</a>&#160;<span class="del">(del)</span>,
        <a href="http://svn.sourceforge.net/viewvc/statsvn/trunk/statsvn/lib/jcommon-1.0.0.jar?rev=120&amp;content-type=text/vnd.viewcvs-markup" class="webrepository">jcommon-1.0.0.jar</a>&#160;<span class="new">(new)</span>,
        <a href="http://svn.sourceforge.net/viewvc/statsvn/trunk/statsvn/lib/jfreechart-0.9.21.jar?rev=5&amp;content-type=text/vnd.viewcvs-markup" class="webrepository">jfreechart-0.9.21.jar</a>&#160;<span class="del">(del)</span>,
        <a href="http://svn.sourceforge.net/viewvc/statsvn/trunk/statsvn/lib/jfreechart-1.0.1.jar?rev=120&amp;content-type=text/vnd.viewcvs-markup" class="webrepository">jfreechart-1.0.1.jar</a>&#160;<span class="new">(new)</span>
      </li>
    </ul>
  </dd>

  <dt>
    <a href="user_jpdaigle.html" class="author">jpdaigle</a>
    <span class="date">2006-01-19 07:13</span>
  </dt>
  <dd>
    <p class="comment">
Initial statcvs project import
    </p>
    <p class="commitdetails"><strong>0</strong> lines of code changed in:</p>
    <ul class="commitdetails">
      <li>
        <strong>lib</strong>:
        <a href="http://svn.sourceforge.net/viewvc/statsvn/trunk/statsvn/lib/ant.jar?rev=5&amp;content-type=text/vnd.viewcvs-markup" class="webrepository">ant.jar</a>&#160;<span class="new">(new)</span>,
        <a href="http://svn.sourceforge.net/viewvc/statsvn/trunk/statsvn/lib/jcommon-0.9.6.jar?rev=5&amp;content-type=text/vnd.viewcvs-markup" class="webrepository">jcommon-0.9.6.jar</a>&#160;<span class="new">(new)</span>,
        <a href="http://svn.sourceforge.net/viewvc/statsvn/trunk/statsvn/lib/jfreechart-0.9.21.jar?rev=5&amp;content-type=text/vnd.viewcvs-markup" class="webrepository">jfreechart-0.9.21.jar</a>&#160;<span class="new">(new)</span>,
        <a href="http://svn.sourceforge.net/viewvc/statsvn/trunk/statsvn/lib/junit.jar?rev=5&amp;content-type=text/vnd.viewcvs-markup" class="webrepository">junit.jar</a>&#160;<span class="new">(new)</span>
      </li>
    </ul>
  </dd>

</dl>

</subsection></subsection><div id="generatedby"><p>Generated by <a href="http://www.statsvn.org">StatSVN</a> v0.1.4</p>
</div>
</section></body>
</document>