<?xml version="1.0" encoding="US-ASCII"?>
<document xmlns:lxslt="http://xml.apache.org/xslt">
<properties><title>Module devdoc/</title></properties>
<head>
    <meta http-equiv="Content-Type" content="text/html; charset=ISO-8859-1"/>
    <meta name="Generator" content="StatSVN v0.1.4"/>
    <link rel="stylesheet" href="objectlab-statcvs-xdoc.css" type="text/css"/>
  </head>

<body><section name="Module devdoc/">
<p><a href="index.html">back to main page</a></p>
<p class="summaryperiod">
  Summary Period:
  <span class="date">2006-02-21</span> to
  <span class="date">2006-02-22</span></p>
<p><a href="http://svn.sourceforge.net/viewvc/statsvn/trunk/statsvn/devdoc/">Browse with ViewVC</a></p>

<subsection name ="Modules">
<p><a href="module.html">[root]</a>/<strong>devdoc</strong>
<br/></p>

<subsection name ="Lines of Code">
<p><img src="loc_module_devdoc.png" width="640" height="480" alt=""/><br/>
<strong>Total Lines Of Code: </strong>
106 (<span class="date">2006-11-19 11:40</span>)</p>
</subsection>
<subsection name ="Authors">
  <table  class="statCvsTable" rules="groups" summary="All authors and the number of their changes and lines of code in this directory">
    <colgroup align="left"/>
    <colgroup align="right"/>
    <colgroup align="right"/>
    <colgroup align="right"/>
    <thead>
      <tr>
        <th>Author</th>
        <th>Changes</th>
        <th>Lines of Code</th>
        <th>Lines per Change</th>
      </tr>
    </thead>
    <tfoot>
      <tr>
        <th>Totals</th>
        <td>4 (100.0%)</td>
        <td>179 (100.0%)</td>
        <td>44.7</td>
      </tr>
    </tfoot>
    <tbody>
      <tr  class="odd">
        <th><a href="user_jkealey.html" class="author">jkealey</a></th>
        <td>3 (75.0%)</td>
        <td>98 (54.7%)</td>
        <td>32.6</td>
      </tr>
      <tr  class="even">
        <th><a href="user_gunterm.html" class="author">gunterm</a></th>
        <td>1 (25.0%)</td>
        <td>81 (45.3%)</td>
        <td>81.0</td>
      </tr>
    </tbody>
  </table>

</subsection>
<subsection name ="Most Recent Commits">
<dl class="commitlist">
  <dt>
    <a href="user_jkealey.html" class="author">jkealey</a>
    <span class="date">2006-02-22 22:48</span>
  </dt>
  <dd>
    <p class="comment">
added explanation on ADMR
    </p>
    <p class="commitdetails"><strong>1</strong> lines of code changed in:</p>
    <ul class="commitdetails">
      <li>
        <strong>devdoc</strong>:
        <a href="http://svn.sourceforge.net/viewvc/statsvn/trunk/statsvn/devdoc/svnlog.xsd.diff?r1=17&amp;r2=18" class="webrepository">svnlog.xsd</a>&#160;<span class="change">(+1&#160;-1)</span>
      </li>
    </ul>
  </dd>

  <dt>
    <a href="user_jkealey.html" class="author">jkealey</a>
    <span class="date">2006-02-22 22:35</span>
  </dt>
  <dd>
    <p class="comment">
added explanation on ADMR
    </p>
    <p class="commitdetails"><strong>81</strong> lines of code changed in:</p>
    <ul class="commitdetails">
      <li>
        <strong>devdoc</strong>:
        <a href="http://svn.sourceforge.net/viewvc/statsvn/trunk/statsvn/devdoc/svnlog.xsd.diff?r1=11&amp;r2=17" class="webrepository">svnlog.xsd</a>&#160;<span class="change">(+81&#160;-72)</span>
      </li>
    </ul>
  </dd>

  <dt>
    <a href="user_jkealey.html" class="author">jkealey</a>
    <span class="date">2006-02-21 18:46</span>
  </dt>
  <dd>
    <p class="comment">
svn log dtd from subversion distribution
    </p>
    <p class="commitdetails"><strong>16</strong> lines of code changed in:</p>
    <ul class="commitdetails">
      <li>
        <strong>devdoc</strong>:
        <a href="http://svn.sourceforge.net/viewvc/statsvn/trunk/statsvn/devdoc/log.dtd?rev=12&amp;content-type=text/vnd.viewcvs-markup" class="webrepository">log.dtd</a>&#160;<span class="new">(new&#160;16)</span>
      </li>
    </ul>
  </dd>

  <dt>
    <a href="user_gunterm.html" class="author">gunterm</a>
    <span class="date">2006-02-21 18:43</span>
  </dt>
  <dd>
    <p class="comment">
added xsd file for svn-log
    </p>
    <p class="commitdetails"><strong>81</strong> lines of code changed in:</p>
    <ul class="commitdetails">
      <li>
        <strong>devdoc</strong>:
        <a href="http://svn.sourceforge.net/viewvc/statsvn/trunk/statsvn/devdoc/svnlog.xsd?rev=11&amp;content-type=text/vnd.viewcvs-markup" class="webrepository">svnlog.xsd</a>&#160;<span class="new">(new&#160;81)</span>
      </li>
    </ul>
  </dd>

</dl>

</subsection></subsection><div id="generatedby"><p>Generated by <a href="http://www.statsvn.org">StatSVN</a> v0.1.4</p>
</div>
</section></body>
</document>