<?xml version="1.0" encoding="US-ASCII"?>
<document xmlns:lxslt="http://xml.apache.org/xslt">
<properties><title>Module src/net/sf/statcvs/renderer/</title></properties>
<head>
    <meta http-equiv="Content-Type" content="text/html; charset=ISO-8859-1"/>
    <meta name="Generator" content="StatSVN v0.1.4"/>
    <link rel="stylesheet" href="objectlab-statcvs-xdoc.css" type="text/css"/>
  </head>

<body><section name="Module src/net/sf/statcvs/renderer/">
<p><a href="index.html">back to main page</a></p>
<p class="summaryperiod">
  Summary Period:
  <span class="date">2006-01-19</span> to
  <span class="date">2006-11-18</span></p>
<p><a href="http://svn.sourceforge.net/viewvc/statsvn/trunk/statsvn/src/net/sf/statcvs/renderer/">Browse with ViewVC</a></p>

<subsection name ="Modules">
<p><a href="module.html">[root]</a>/<a href="module_src.html">src</a>/<a href="module_src_net.html">net</a>/<a href="module_src_net_sf.html">sf</a>/<a href="module_src_net_sf_statcvs.html">statcvs</a>/<strong>renderer</strong>
<br/></p>

<subsection name ="Lines of Code">
<p><img src="loc_module_src_net_sf_statcvs_renderer.png" width="640" height="480" alt=""/><br/>
<strong>Total Lines Of Code: </strong>
286 (<span class="date">2006-11-19 11:40</span>)</p>
</subsection>
<subsection name ="Authors">
  <table  class="statCvsTable" rules="groups" summary="All authors and the number of their changes and lines of code in this directory">
    <colgroup align="left"/>
    <colgroup align="right"/>
    <colgroup align="right"/>
    <colgroup align="right"/>
    <thead>
      <tr>
        <th>Author</th>
        <th>Changes</th>
        <th>Lines of Code</th>
        <th>Lines per Change</th>
      </tr>
    </thead>
    <tfoot>
      <tr>
        <th>Totals</th>
        <td>61 (100.0%)</td>
        <td>719 (100.0%)</td>
        <td>11.7</td>
      </tr>
    </tfoot>
    <tbody>
      <tr  class="odd">
        <th><a href="user_benoitx.html" class="author">benoitx</a></th>
        <td>27 (44.3%)</td>
        <td>400 (55.6%)</td>
        <td>14.8</td>
      </tr>
      <tr  class="even">
        <th><a href="user_jpdaigle.html" class="author">jpdaigle</a></th>
        <td>20 (32.8%)</td>
        <td>251 (34.9%)</td>
        <td>12.5</td>
      </tr>
      <tr  class="odd">
        <th><a href="user_jkealey.html" class="author">jkealey</a></th>
        <td>8 (13.1%)</td>
        <td>41 (5.7%)</td>
        <td>5.1</td>
      </tr>
      <tr  class="even">
        <th><a href="user_gunterm.html" class="author">gunterm</a></th>
        <td>6 (9.8%)</td>
        <td>27 (3.8%)</td>
        <td>4.5</td>
      </tr>
    </tbody>
  </table>

</subsection>
<subsection name ="Most Recent Commits">
<dl class="commitlist">
  <dt>
    <a href="user_benoitx.html" class="author">benoitx</a>
    <span class="date">2006-11-18 01:14</span>
  </dt>
  <dd>
    <p class="comment">
Fixed some checkstyle issues (using final wherever possible, hence a few changes...)<br/>
Introduced constants and rename final static method in upper case (was inconsistent).<br/>
Also there were a few inconsistencies in the use of { on the same line as for or if.<br/>
Re-ordered private/static/final keywords to follow java standard (e.g. private static final...)<br/>
I hope this is ok.
    </p>
    <p class="commitdetails"><strong>219</strong> lines of code changed in:</p>
    <ul class="commitdetails">
      <li>
        <strong>src/net/sf/statcvs/renderer</strong>:
        <a href="http://svn.sourceforge.net/viewvc/statsvn/trunk/statsvn/src/net/sf/statcvs/renderer/BarChart.java?rev=141&amp;content-type=text/vnd.viewcvs-markup" class="webrepository">BarChart.java</a>&#160;<span class="change">(+8&#160;-8)</span>,
        <a href="http://svn.sourceforge.net/viewvc/statsvn/trunk/statsvn/src/net/sf/statcvs/renderer/Chart.java?rev=141&amp;content-type=text/vnd.viewcvs-markup" class="webrepository">Chart.java</a>&#160;<span class="change">(+10&#160;-10)</span>,
        <a href="http://svn.sourceforge.net/viewvc/statsvn/trunk/statsvn/src/net/sf/statcvs/renderer/CombinedCommitScatterChart.java?rev=141&amp;content-type=text/vnd.viewcvs-markup" class="webrepository">CombinedCommitScatterChart.java</a>&#160;<span class="change">(+28&#160;-28)</span>,
        <a href="http://svn.sourceforge.net/viewvc/statsvn/trunk/statsvn/src/net/sf/statcvs/renderer/CommitLogRenderer.java?rev=141&amp;content-type=text/vnd.viewcvs-markup" class="webrepository">CommitLogRenderer.java</a>&#160;<span class="change">(+41&#160;-41)</span>,
        <a href="http://svn.sourceforge.net/viewvc/statsvn/trunk/statsvn/src/net/sf/statcvs/renderer/FileCollectionFormatter.java?rev=141&amp;content-type=text/vnd.viewcvs-markup" class="webrepository">FileCollectionFormatter.java</a>&#160;<span class="change">(+28&#160;-28)</span>,
        <a href="http://svn.sourceforge.net/viewvc/statsvn/trunk/statsvn/src/net/sf/statcvs/renderer/HTMLTableCellRenderer.java?rev=141&amp;content-type=text/vnd.viewcvs-markup" class="webrepository">HTMLTableCellRenderer.java</a>&#160;<span class="change">(+12&#160;-12)</span>,
        <a href="http://svn.sourceforge.net/viewvc/statsvn/trunk/statsvn/src/net/sf/statcvs/renderer/LOCChart.java?rev=141&amp;content-type=text/vnd.viewcvs-markup" class="webrepository">LOCChart.java</a>&#160;<span class="change">(+18&#160;-18)</span>,
        <a href="http://svn.sourceforge.net/viewvc/statsvn/trunk/statsvn/src/net/sf/statcvs/renderer/PieChart.java?rev=141&amp;content-type=text/vnd.viewcvs-markup" class="webrepository">PieChart.java</a>&#160;<span class="change">(+14&#160;-14)</span>,
        <a href="http://svn.sourceforge.net/viewvc/statsvn/trunk/statsvn/src/net/sf/statcvs/renderer/PointXYRenderer.java?rev=141&amp;content-type=text/vnd.viewcvs-markup" class="webrepository">PointXYRenderer.java</a>&#160;<span class="change">(+1&#160;-1)</span>,
        <a href="http://svn.sourceforge.net/viewvc/statsvn/trunk/statsvn/src/net/sf/statcvs/renderer/StackedBarChart.java?rev=141&amp;content-type=text/vnd.viewcvs-markup" class="webrepository">StackedBarChart.java</a>&#160;<span class="change">(+18&#160;-18)</span>,
        <a href="http://svn.sourceforge.net/viewvc/statsvn/trunk/statsvn/src/net/sf/statcvs/renderer/SymbolicNameAnnotation.java?rev=141&amp;content-type=text/vnd.viewcvs-markup" class="webrepository">SymbolicNameAnnotation.java</a>&#160;<span class="change">(+13&#160;-11)</span>,
        <a href="http://svn.sourceforge.net/viewvc/statsvn/trunk/statsvn/src/net/sf/statcvs/renderer/TableRenderer.java?rev=141&amp;content-type=text/vnd.viewcvs-markup" class="webrepository">TableRenderer.java</a>&#160;<span class="change">(+15&#160;-15)</span>,
        <a href="http://svn.sourceforge.net/viewvc/statsvn/trunk/statsvn/src/net/sf/statcvs/renderer/TimeLineChart.java?rev=141&amp;content-type=text/vnd.viewcvs-markup" class="webrepository">TimeLineChart.java</a>&#160;<span class="change">(+13&#160;-13)</span>
      </li>
    </ul>
  </dd>

  <dt>
    <a href="user_benoitx.html" class="author">benoitx</a>
    <span class="date">2006-11-17 00:39</span>
  </dt>
  <dd>
    <p class="comment">
Replaced string concatenation with StringBuffer<br/>
Added a few final on constructor parameters.<br/>
Fixed a few FindBugs/PMD/Checkstyle.<br/>
Added a site navigation file for Maven.
    </p>
    <p class="commitdetails"><strong>125</strong> lines of code changed in:</p>
    <ul class="commitdetails">
      <li>
        <strong>src/net/sf/statcvs/renderer</strong>:
        <a href="http://svn.sourceforge.net/viewvc/statsvn/trunk/statsvn/src/net/sf/statcvs/renderer/BarChart.java?rev=138&amp;content-type=text/vnd.viewcvs-markup" class="webrepository">BarChart.java</a>&#160;<span class="change">(+5&#160;-5)</span>,
        <a href="http://svn.sourceforge.net/viewvc/statsvn/trunk/statsvn/src/net/sf/statcvs/renderer/Chart.java?rev=138&amp;content-type=text/vnd.viewcvs-markup" class="webrepository">Chart.java</a>&#160;<span class="change">(+2&#160;-2)</span>,
        <a href="http://svn.sourceforge.net/viewvc/statsvn/trunk/statsvn/src/net/sf/statcvs/renderer/CombinedCommitScatterChart.java?rev=138&amp;content-type=text/vnd.viewcvs-markup" class="webrepository">CombinedCommitScatterChart.java</a>&#160;<span class="change">(+2&#160;-2)</span>,
        <a href="http://svn.sourceforge.net/viewvc/statsvn/trunk/statsvn/src/net/sf/statcvs/renderer/CommitLogRenderer.java?rev=138&amp;content-type=text/vnd.viewcvs-markup" class="webrepository">CommitLogRenderer.java</a>&#160;<span class="change">(+68&#160;-69)</span>,
        <a href="http://svn.sourceforge.net/viewvc/statsvn/trunk/statsvn/src/net/sf/statcvs/renderer/FileCollectionFormatter.java?rev=138&amp;content-type=text/vnd.viewcvs-markup" class="webrepository">FileCollectionFormatter.java</a>&#160;<span class="change">(+1&#160;-1)</span>,
        <a href="http://svn.sourceforge.net/viewvc/statsvn/trunk/statsvn/src/net/sf/statcvs/renderer/LOCChart.java?rev=138&amp;content-type=text/vnd.viewcvs-markup" class="webrepository">LOCChart.java</a>&#160;<span class="change">(+4&#160;-4)</span>,
        <a href="http://svn.sourceforge.net/viewvc/statsvn/trunk/statsvn/src/net/sf/statcvs/renderer/PieChart.java?rev=138&amp;content-type=text/vnd.viewcvs-markup" class="webrepository">PieChart.java</a>&#160;<span class="change">(+5&#160;-5)</span>,
        <a href="http://svn.sourceforge.net/viewvc/statsvn/trunk/statsvn/src/net/sf/statcvs/renderer/PointXYRenderer.java?rev=138&amp;content-type=text/vnd.viewcvs-markup" class="webrepository">PointXYRenderer.java</a>&#160;<span class="change">(+1&#160;-1)</span>,
        <a href="http://svn.sourceforge.net/viewvc/statsvn/trunk/statsvn/src/net/sf/statcvs/renderer/SymbolicNameAnnotation.java?rev=138&amp;content-type=text/vnd.viewcvs-markup" class="webrepository">SymbolicNameAnnotation.java</a>&#160;<span class="change">(+1&#160;-2)</span>,
        <a href="http://svn.sourceforge.net/viewvc/statsvn/trunk/statsvn/src/net/sf/statcvs/renderer/TableRenderer.java?rev=138&amp;content-type=text/vnd.viewcvs-markup" class="webrepository">TableRenderer.java</a>&#160;<span class="change">(+34&#160;-33)</span>,
        <a href="http://svn.sourceforge.net/viewvc/statsvn/trunk/statsvn/src/net/sf/statcvs/renderer/TimeLineChart.java?rev=138&amp;content-type=text/vnd.viewcvs-markup" class="webrepository">TimeLineChart.java</a>&#160;<span class="change">(+2&#160;-2)</span>
      </li>
    </ul>
  </dd>

  <dt>
    <a href="user_benoitx.html" class="author">benoitx</a>
    <span class="date">2006-11-16 11:10</span>
  </dt>
  <dd>
    <p class="comment">
First cut for the refactored html/xdoc generation.<br/>
Use the new command line parameter -format xdoc|html (html by default).<br/>
When xdoc is used and NO css is provided, it will use the objectlab-statcvs-xdoc.css which is now part of StatSvn.<br/>
This checkin also resurrect the Maven build.
    </p>
    <p class="commitdetails"><strong>56</strong> lines of code changed in:</p>
    <ul class="commitdetails">
      <li>
        <strong>src/net/sf/statcvs/renderer</strong>:
        <a href="http://svn.sourceforge.net/viewvc/statsvn/trunk/statsvn/src/net/sf/statcvs/renderer/CommitLogRenderer.java?rev=137&amp;content-type=text/vnd.viewcvs-markup" class="webrepository">CommitLogRenderer.java</a>&#160;<span class="change">(+23&#160;-22)</span>,
        <a href="http://svn.sourceforge.net/viewvc/statsvn/trunk/statsvn/src/net/sf/statcvs/renderer/HTMLTableCellRenderer.java?rev=137&amp;content-type=text/vnd.viewcvs-markup" class="webrepository">HTMLTableCellRenderer.java</a>&#160;<span class="change">(+27&#160;-2)</span>,
        <a href="http://svn.sourceforge.net/viewvc/statsvn/trunk/statsvn/src/net/sf/statcvs/renderer/TableRenderer.java?rev=137&amp;content-type=text/vnd.viewcvs-markup" class="webrepository">TableRenderer.java</a>&#160;<span class="change">(+6&#160;-4)</span>
      </li>
    </ul>
  </dd>

  <dt>
    <a href="user_jkealey.html" class="author">jkealey</a>
    <span class="date">2006-11-14 02:34</span>
  </dt>
  <dd>
    <p class="comment">
- version 0.1.2<br/>
- patch to be XHTML compliant. <br/>

    </p>
    <p class="commitdetails"><strong>7</strong> lines of code changed in:</p>
    <ul class="commitdetails">
      <li>
        <strong>src/net/sf/statcvs/renderer</strong>:
        <a href="http://svn.sourceforge.net/viewvc/statsvn/trunk/statsvn/src/net/sf/statcvs/renderer/CommitLogRenderer.java?rev=126&amp;content-type=text/vnd.viewcvs-markup" class="webrepository">CommitLogRenderer.java</a>&#160;<span class="change">(+5&#160;-5)</span>,
        <a href="http://svn.sourceforge.net/viewvc/statsvn/trunk/statsvn/src/net/sf/statcvs/renderer/TableRenderer.java?rev=126&amp;content-type=text/vnd.viewcvs-markup" class="webrepository">TableRenderer.java</a>&#160;<span class="change">(+2&#160;-2)</span>
      </li>
    </ul>
  </dd>

  <dt>
    <a href="user_jkealey.html" class="author">jkealey</a>
    <span class="date">2006-11-07 02:10</span>
  </dt>
  <dd>
    <p class="comment">
Merged in changes from StatCVS 0.2.3. Creating StatSVN 0.1.1
    </p>
    <p class="commitdetails"><strong>29</strong> lines of code changed in:</p>
    <ul class="commitdetails">
      <li>
        <strong>src/net/sf/statcvs/renderer</strong>:
        <a href="http://svn.sourceforge.net/viewvc/statsvn/trunk/statsvn/src/net/sf/statcvs/renderer/Chart.java?rev=120&amp;content-type=text/vnd.viewcvs-markup" class="webrepository">Chart.java</a>&#160;<span class="change">(+5&#160;-3)</span>,
        <a href="http://svn.sourceforge.net/viewvc/statsvn/trunk/statsvn/src/net/sf/statcvs/renderer/CommitLogRenderer.java?rev=120&amp;content-type=text/vnd.viewcvs-markup" class="webrepository">CommitLogRenderer.java</a>&#160;<span class="change">(+5&#160;-6)</span>,
        <a href="http://svn.sourceforge.net/viewvc/statsvn/trunk/statsvn/src/net/sf/statcvs/renderer/LOCChart.java?rev=120&amp;content-type=text/vnd.viewcvs-markup" class="webrepository">LOCChart.java</a>&#160;<span class="change">(+3&#160;-3)</span>,
        <a href="http://svn.sourceforge.net/viewvc/statsvn/trunk/statsvn/src/net/sf/statcvs/renderer/StackedBarChart.java?rev=120&amp;content-type=text/vnd.viewcvs-markup" class="webrepository">StackedBarChart.java</a>&#160;<span class="change">(+6&#160;-5)</span>,
        <a href="http://svn.sourceforge.net/viewvc/statsvn/trunk/statsvn/src/net/sf/statcvs/renderer/SymbolicNameAnnotation.java?rev=120&amp;content-type=text/vnd.viewcvs-markup" class="webrepository">SymbolicNameAnnotation.java</a>&#160;<span class="change">(+10&#160;-9)</span>
      </li>
    </ul>
  </dd>

  <dt>
    <a href="user_jpdaigle.html" class="author">jpdaigle</a>
    <span class="date">2006-04-18 03:14</span>
  </dt>
  <dd>
    <p class="comment">
Bug 34: refactoring the bugzilla integration a bit to implement the new WebBugtrackerIntegration interface. No functional change.<br/>

    </p>
    <p class="commitdetails"><strong>5</strong> lines of code changed in:</p>
    <ul class="commitdetails">
      <li>
        <strong>src/net/sf/statcvs/renderer</strong>:
        <a href="http://svn.sourceforge.net/viewvc/statsvn/trunk/statsvn/src/net/sf/statcvs/renderer/BugzillaTextFilter.java?rev=82&amp;content-type=text/vnd.viewcvs-markup" class="webrepository">BugzillaTextFilter.java</a>&#160;<span class="del">(del)</span>,
        <a href="http://svn.sourceforge.net/viewvc/statsvn/trunk/statsvn/src/net/sf/statcvs/renderer/CommitLogRenderer.java?rev=116&amp;content-type=text/vnd.viewcvs-markup" class="webrepository">CommitLogRenderer.java</a>&#160;<span class="change">(+5&#160;-2)</span>,
        <a href="http://svn.sourceforge.net/viewvc/statsvn/trunk/statsvn/src/net/sf/statcvs/renderer/TextFilter.java?rev=82&amp;content-type=text/vnd.viewcvs-markup" class="webrepository">TextFilter.java</a>&#160;<span class="del">(del)</span>
      </li>
    </ul>
  </dd>

  <dt>
    <a href="user_jpdaigle.html" class="author">jpdaigle</a>
    <span class="date">2006-03-25 08:31</span>
  </dt>
  <dd>
    <p class="comment">
Adding support for -bugzilla option
    </p>
    <p class="commitdetails"><strong>2</strong> lines of code changed in:</p>
    <ul class="commitdetails">
      <li>
        <strong>src/net/sf/statcvs/renderer</strong>:
        <a href="http://svn.sourceforge.net/viewvc/statsvn/trunk/statsvn/src/net/sf/statcvs/renderer/BugzillaTextFilter.java?rev=82&amp;content-type=text/vnd.viewcvs-markup" class="webrepository">BugzillaTextFilter.java</a>&#160;<span class="new">(new)</span>,
        <a href="http://svn.sourceforge.net/viewvc/statsvn/trunk/statsvn/src/net/sf/statcvs/renderer/CommitLogRenderer.java?rev=82&amp;content-type=text/vnd.viewcvs-markup" class="webrepository">CommitLogRenderer.java</a>&#160;<span class="change">(+2)</span>,
        <a href="http://svn.sourceforge.net/viewvc/statsvn/trunk/statsvn/src/net/sf/statcvs/renderer/TextFilter.java?rev=82&amp;content-type=text/vnd.viewcvs-markup" class="webrepository">TextFilter.java</a>&#160;<span class="new">(new)</span>
      </li>
    </ul>
  </dd>

  <dt>
    <a href="user_jkealey.html" class="author">jkealey</a>
    <span class="date">2006-02-28 18:46</span>
  </dt>
  <dd>
    <p class="comment">
   * Added some serial ids to serializable classes.<br/>
   * added utility methods to go from [relative, absolute, url] to [relative, absolute, url] <br/>
   * deprecated a few files<br/>
   * Bug 1: added test suite to make sure they work as intended. need to test in the field, but behaviour is now easy to track. 
    </p>
    <p class="commitdetails"><strong>5</strong> lines of code changed in:</p>
    <ul class="commitdetails">
      <li>
        <strong>src/net/sf/statcvs/renderer</strong>:
        <a href="http://svn.sourceforge.net/viewvc/statsvn/trunk/statsvn/src/net/sf/statcvs/renderer/PointXYRenderer.java?rev=38&amp;content-type=text/vnd.viewcvs-markup" class="webrepository">PointXYRenderer.java</a>&#160;<span class="change">(+5)</span>
      </li>
    </ul>
  </dd>

  <dt>
    <a href="user_gunterm.html" class="author">gunterm</a>
    <span class="date">2006-02-21 20:23</span>
  </dt>
  <dd>
    <p class="comment">
renaming from CVS to abstract names or SVN; followed StatsCVS recommedations
    </p>
    <p class="commitdetails"><strong>27</strong> lines of code changed in:</p>
    <ul class="commitdetails">
      <li>
        <strong>src/net/sf/statcvs/renderer</strong>:
        <a href="http://svn.sourceforge.net/viewvc/statsvn/trunk/statsvn/src/net/sf/statcvs/renderer/BarChart.java?rev=13&amp;content-type=text/vnd.viewcvs-markup" class="webrepository">BarChart.java</a>&#160;<span class="change">(+3&#160;-3)</span>,
        <a href="http://svn.sourceforge.net/viewvc/statsvn/trunk/statsvn/src/net/sf/statcvs/renderer/CommitLogRenderer.java?rev=13&amp;content-type=text/vnd.viewcvs-markup" class="webrepository">CommitLogRenderer.java</a>&#160;<span class="change">(+7&#160;-7)</span>,
        <a href="http://svn.sourceforge.net/viewvc/statsvn/trunk/statsvn/src/net/sf/statcvs/renderer/HTMLTableCellRenderer.java?rev=13&amp;content-type=text/vnd.viewcvs-markup" class="webrepository">HTMLTableCellRenderer.java</a>&#160;<span class="change">(+2&#160;-2)</span>,
        <a href="http://svn.sourceforge.net/viewvc/statsvn/trunk/statsvn/src/net/sf/statcvs/renderer/PieChart.java?rev=13&amp;content-type=text/vnd.viewcvs-markup" class="webrepository">PieChart.java</a>&#160;<span class="change">(+7&#160;-7)</span>,
        <a href="http://svn.sourceforge.net/viewvc/statsvn/trunk/statsvn/src/net/sf/statcvs/renderer/StackedBarChart.java?rev=13&amp;content-type=text/vnd.viewcvs-markup" class="webrepository">StackedBarChart.java</a>&#160;<span class="change">(+6&#160;-6)</span>,
        <a href="http://svn.sourceforge.net/viewvc/statsvn/trunk/statsvn/src/net/sf/statcvs/renderer/TableCellRenderer.java?rev=13&amp;content-type=text/vnd.viewcvs-markup" class="webrepository">TableCellRenderer.java</a>&#160;<span class="change">(+2&#160;-2)</span>
      </li>
    </ul>
  </dd>

  <dt>
    <a href="user_jpdaigle.html" class="author">jpdaigle</a>
    <span class="date">2006-01-19 07:13</span>
  </dt>
  <dd>
    <p class="comment">
Initial statcvs project import
    </p>
    <p class="commitdetails"><strong>244</strong> lines of code changed in:</p>
    <ul class="commitdetails">
      <li>
        <strong>src/net/sf/statcvs/renderer</strong>:
        <a href="http://svn.sourceforge.net/viewvc/statsvn/trunk/statsvn/src/net/sf/statcvs/renderer/BarChart.java?rev=5&amp;content-type=text/vnd.viewcvs-markup" class="webrepository">BarChart.java</a>&#160;<span class="new">(new&#160;8)</span>,
        <a href="http://svn.sourceforge.net/viewvc/statsvn/trunk/statsvn/src/net/sf/statcvs/renderer/Chart.java?rev=5&amp;content-type=text/vnd.viewcvs-markup" class="webrepository">Chart.java</a>&#160;<span class="new">(new&#160;8)</span>,
        <a href="http://svn.sourceforge.net/viewvc/statsvn/trunk/statsvn/src/net/sf/statcvs/renderer/CombinedCommitScatterChart.java?rev=5&amp;content-type=text/vnd.viewcvs-markup" class="webrepository">CombinedCommitScatterChart.java</a>&#160;<span class="new">(new&#160;28)</span>,
        <a href="http://svn.sourceforge.net/viewvc/statsvn/trunk/statsvn/src/net/sf/statcvs/renderer/CommitLogRenderer.java?rev=5&amp;content-type=text/vnd.viewcvs-markup" class="webrepository">CommitLogRenderer.java</a>&#160;<span class="new">(new&#160;64)</span>,
        <a href="http://svn.sourceforge.net/viewvc/statsvn/trunk/statsvn/src/net/sf/statcvs/renderer/FileCollectionFormatter.java?rev=5&amp;content-type=text/vnd.viewcvs-markup" class="webrepository">FileCollectionFormatter.java</a>&#160;<span class="new">(new&#160;28)</span>,
        <a href="http://svn.sourceforge.net/viewvc/statsvn/trunk/statsvn/src/net/sf/statcvs/renderer/HTMLTableCellRenderer.java?rev=5&amp;content-type=text/vnd.viewcvs-markup" class="webrepository">HTMLTableCellRenderer.java</a>&#160;<span class="new">(new&#160;2)</span>,
        <a href="http://svn.sourceforge.net/viewvc/statsvn/trunk/statsvn/src/net/sf/statcvs/renderer/LOCChart.java?rev=5&amp;content-type=text/vnd.viewcvs-markup" class="webrepository">LOCChart.java</a>&#160;<span class="new">(new&#160;18)</span>,
        <a href="http://svn.sourceforge.net/viewvc/statsvn/trunk/statsvn/src/net/sf/statcvs/renderer/PieChart.java?rev=5&amp;content-type=text/vnd.viewcvs-markup" class="webrepository">PieChart.java</a>&#160;<span class="new">(new&#160;14)</span>,
        <a href="http://svn.sourceforge.net/viewvc/statsvn/trunk/statsvn/src/net/sf/statcvs/renderer/PointXYRenderer.java?rev=5&amp;content-type=text/vnd.viewcvs-markup" class="webrepository">PointXYRenderer.java</a>&#160;<span class="new">(new)</span>,
        <a href="http://svn.sourceforge.net/viewvc/statsvn/trunk/statsvn/src/net/sf/statcvs/renderer/StackedBarChart.java?rev=5&amp;content-type=text/vnd.viewcvs-markup" class="webrepository">StackedBarChart.java</a>&#160;<span class="new">(new&#160;17)</span>,
        <a href="http://svn.sourceforge.net/viewvc/statsvn/trunk/statsvn/src/net/sf/statcvs/renderer/SymbolicNameAnnotation.java?rev=5&amp;content-type=text/vnd.viewcvs-markup" class="webrepository">SymbolicNameAnnotation.java</a>&#160;<span class="new">(new&#160;11)</span>,
        <a href="http://svn.sourceforge.net/viewvc/statsvn/trunk/statsvn/src/net/sf/statcvs/renderer/TableCellRenderer.java?rev=5&amp;content-type=text/vnd.viewcvs-markup" class="webrepository">TableCellRenderer.java</a>&#160;<span class="new">(new&#160;2)</span>,
        <a href="http://svn.sourceforge.net/viewvc/statsvn/trunk/statsvn/src/net/sf/statcvs/renderer/TableRenderer.java?rev=5&amp;content-type=text/vnd.viewcvs-markup" class="webrepository">TableRenderer.java</a>&#160;<span class="new">(new&#160;31)</span>,
        <a href="http://svn.sourceforge.net/viewvc/statsvn/trunk/statsvn/src/net/sf/statcvs/renderer/TimeLineChart.java?rev=5&amp;content-type=text/vnd.viewcvs-markup" class="webrepository">TimeLineChart.java</a>&#160;<span class="new">(new&#160;13)</span>
      </li>
    </ul>
  </dd>

</dl>

</subsection></subsection><div id="generatedby"><p>Generated by <a href="http://www.statsvn.org">StatSVN</a> v0.1.4</p>
</div>
</section></body>
</document>