<?xml version="1.0" encoding="US-ASCII"?>
<document xmlns:lxslt="http://xml.apache.org/xslt">
<properties><title>Module src/</title></properties>
<head>
    <meta http-equiv="Content-Type" content="text/html; charset=ISO-8859-1"/>
    <meta name="Generator" content="StatSVN v0.1.4"/>
    <link rel="stylesheet" href="objectlab-statcvs-xdoc.css" type="text/css"/>
  </head>

<body><section name="Module src/">
<p><a href="index.html">back to main page</a></p>
<p><a href="http://svn.sourceforge.net/viewvc/statsvn/trunk/statsvn/src/">Browse with ViewVC</a></p>

<subsection name ="Modules">
<p><a href="module.html">[root]</a>/<strong>src</strong>
<br/>&#160;&#160;&#160;&#160;<img src="folder.png" width="15" height="13" alt=""/> 
<a href="module_src_net.html">net</a> 
(0 files, 0 lines)<br/>

&#160;&#160;&#160;&#160;&#160;&#160;&#160;&#160;<img src="folder.png" width="15" height="13" alt=""/> 
<a href="module_src_net_sf.html">sf</a> 
(0 files, 0 lines)<br/>

&#160;&#160;&#160;&#160;&#160;&#160;&#160;&#160;&#160;&#160;&#160;&#160;<img src="folder.png" width="15" height="13" alt=""/> 
<a href="module_src_net_sf_statcvs.html">statcvs</a> 
(7 files, 120 lines)<br/>

&#160;&#160;&#160;&#160;&#160;&#160;&#160;&#160;&#160;&#160;&#160;&#160;&#160;&#160;&#160;&#160;<img src="folder.png" width="15" height="13" alt=""/> 
<a href="module_src_net_sf_statcvs_ant.html">ant</a> 
(2 files, 54 lines)<br/>

&#160;&#160;&#160;&#160;&#160;&#160;&#160;&#160;&#160;&#160;&#160;&#160;&#160;&#160;&#160;&#160;<img src="folder.png" width="15" height="13" alt=""/> 
<a href="module_src_net_sf_statcvs_input.html">input</a> 
(17 files, 2426 lines)<br/>

&#160;&#160;&#160;&#160;&#160;&#160;&#160;&#160;&#160;&#160;&#160;&#160;&#160;&#160;&#160;&#160;<img src="folder.png" width="15" height="13" alt=""/> 
<a href="module_src_net_sf_statcvs_model.html">model</a> 
(10 files, 82 lines)<br/>

&#160;&#160;&#160;&#160;&#160;&#160;&#160;&#160;&#160;&#160;&#160;&#160;&#160;&#160;&#160;&#160;<img src="folder.png" width="15" height="13" alt=""/> 
<a href="module_src_net_sf_statcvs_output.html">output</a> 
(27 files, 1015 lines)<br/>

&#160;&#160;&#160;&#160;&#160;&#160;&#160;&#160;&#160;&#160;&#160;&#160;&#160;&#160;&#160;&#160;<img src="folder.png" width="15" height="13" alt=""/> 
<a href="module_src_net_sf_statcvs_renderer.html">renderer</a> 
(14 files, 286 lines)<br/>

&#160;&#160;&#160;&#160;&#160;&#160;&#160;&#160;&#160;&#160;&#160;&#160;&#160;&#160;&#160;&#160;<img src="folder.png" width="15" height="13" alt=""/> 
<a href="module_src_net_sf_statcvs_reportmodel.html">reportmodel</a> 
(12 files, 48 lines)<br/>

&#160;&#160;&#160;&#160;&#160;&#160;&#160;&#160;&#160;&#160;&#160;&#160;&#160;&#160;&#160;&#160;<img src="folder.png" width="15" height="13" alt=""/> 
<a href="module_src_net_sf_statcvs_reports.html">reports</a> 
(13 files, 56 lines)<br/>

&#160;&#160;&#160;&#160;&#160;&#160;&#160;&#160;&#160;&#160;&#160;&#160;&#160;&#160;&#160;&#160;<img src="folder.png" width="15" height="13" alt=""/> 
<a href="module_src_net_sf_statcvs_util.html">util</a> 
(20 files, 1210 lines)<br/>

&#160;&#160;&#160;&#160;&#160;&#160;&#160;&#160;&#160;&#160;&#160;&#160;&#160;&#160;&#160;&#160;<img src="folder.png" width="15" height="13" alt=""/> 
<a href="module_src_net_sf_statcvs_web-files.html">web-files</a> 
(9 files, 0 lines)<br/>

&#160;&#160;&#160;&#160;&#160;&#160;&#160;&#160;&#160;&#160;&#160;&#160;<img src="folder.png" width="15" height="13" alt=""/> 
<a href="module_src_net_sf_statsvn.html">statsvn</a> 
(1 files, 30 lines)<br/>

</p>
</subsection><div id="generatedby"><p>Generated by <a href="http://www.statsvn.org">StatSVN</a> v0.1.4</p>
</div>
</section></body>
</document>