<?xml version="1.0" encoding="US-ASCII"?>
<document xmlns:lxslt="http://xml.apache.org/xslt">
<properties><title>Module .settings/</title></properties>
<head>
    <meta http-equiv="Content-Type" content="text/html; charset=ISO-8859-1"/>
    <meta name="Generator" content="StatSVN v0.1.4"/>
    <link rel="stylesheet" href="objectlab-statcvs-xdoc.css" type="text/css"/>
  </head>

<body><section name="Module .settings/">
<p><a href="index.html">back to main page</a></p>
<p class="summaryperiod">
  Summary Period:
  <span class="date">2006-11-07</span> to
  <span class="date">2006-11-17</span></p>
<p><a href="http://svn.sourceforge.net/viewvc/statsvn/trunk/statsvn/.settings/">Browse with ViewVC</a></p>

<subsection name ="Modules">
<p><a href="module.html">[root]</a>/<strong>.settings</strong>
<br/></p>

<subsection name ="Lines of Code">
<p><img src="loc_module_.settings.png" width="640" height="480" alt=""/><br/>
<strong>Total Lines Of Code: </strong>
267 (<span class="date">2006-11-19 11:40</span>)</p>
</subsection>
<subsection name ="Authors">
  <table  class="statCvsTable" rules="groups" summary="All authors and the number of their changes and lines of code in this directory">
    <colgroup align="left"/>
    <colgroup align="right"/>
    <colgroup align="right"/>
    <colgroup align="right"/>
    <thead>
      <tr>
        <th>Author</th>
        <th>Changes</th>
        <th>Lines of Code</th>
        <th>Lines per Change</th>
      </tr>
    </thead>
    <tfoot>
      <tr>
        <th>Totals</th>
        <td>6 (100.0%)</td>
        <td>271 (100.0%)</td>
        <td>45.1</td>
      </tr>
    </tfoot>
    <tbody>
      <tr  class="odd">
        <th><a href="user_benoitx.html" class="author">benoitx</a></th>
        <td>3 (50.0%)</td>
        <td>252 (93.0%)</td>
        <td>84.0</td>
      </tr>
      <tr  class="even">
        <th><a href="user_jkealey.html" class="author">jkealey</a></th>
        <td>3 (50.0%)</td>
        <td>19 (7.0%)</td>
        <td>6.3</td>
      </tr>
    </tbody>
  </table>

</subsection>
<subsection name ="Most Recent Commits">
<dl class="commitlist">
  <dt>
    <a href="user_benoitx.html" class="author">benoitx</a>
    <span class="date">2006-11-17 00:58</span>
  </dt>
  <dd>
    <p class="comment">
Adding consistent style for Maven build.
    </p>
    <p class="commitdetails"><strong>2</strong> lines of code changed in:</p>
    <ul class="commitdetails">
      <li>
        <strong>.settings</strong>:
        <a href="http://svn.sourceforge.net/viewvc/statsvn/trunk/statsvn/.settings/org.eclipse.jdt.core.prefs.diff?r1=137&amp;r2=140" class="webrepository">org.eclipse.jdt.core.prefs</a>&#160;<span class="change">(+2&#160;-2)</span>
      </li>
    </ul>
  </dd>

  <dt>
    <a href="user_benoitx.html" class="author">benoitx</a>
    <span class="date">2006-11-16 11:10</span>
  </dt>
  <dd>
    <p class="comment">
First cut for the refactored html/xdoc generation.<br/>
Use the new command line parameter -format xdoc|html (html by default).<br/>
When xdoc is used and NO css is provided, it will use the objectlab-statcvs-xdoc.css which is now part of StatSvn.<br/>
This checkin also resurrect the Maven build.
    </p>
    <p class="commitdetails"><strong>250</strong> lines of code changed in:</p>
    <ul class="commitdetails">
      <li>
        <strong>.settings</strong>:
        <a href="http://svn.sourceforge.net/viewvc/statsvn/trunk/statsvn/.settings/org.eclipse.jdt.core.prefs.diff?r1=120&amp;r2=137" class="webrepository">org.eclipse.jdt.core.prefs</a>&#160;<span class="change">(+247&#160;-1)</span>,
        <a href="http://svn.sourceforge.net/viewvc/statsvn/trunk/statsvn/.settings/org.eclipse.jdt.ui.prefs.diff?r1=120&amp;r2=137" class="webrepository">org.eclipse.jdt.ui.prefs</a>&#160;<span class="change">(+3&#160;-1)</span>
      </li>
    </ul>
  </dd>

  <dt>
    <a href="user_jkealey.html" class="author">jkealey</a>
    <span class="date">2006-11-07 02:10</span>
  </dt>
  <dd>
    <p class="comment">
Merged in changes from StatCVS 0.2.3. Creating StatSVN 0.1.1
    </p>
    <p class="commitdetails"><strong>19</strong> lines of code changed in:</p>
    <ul class="commitdetails">
      <li>
        <strong>.settings</strong>:
        <a href="http://svn.sourceforge.net/viewvc/statsvn/trunk/statsvn/.settings/org.eclipse.jdt.core.prefs?rev=120&amp;content-type=text/vnd.viewcvs-markup" class="webrepository">org.eclipse.jdt.core.prefs</a>&#160;<span class="new">(new&#160;12)</span>,
        <a href="http://svn.sourceforge.net/viewvc/statsvn/trunk/statsvn/.settings/org.eclipse.jdt.ui.prefs?rev=120&amp;content-type=text/vnd.viewcvs-markup" class="webrepository">org.eclipse.jdt.ui.prefs</a>&#160;<span class="new">(new&#160;4)</span>,
        <a href="http://svn.sourceforge.net/viewvc/statsvn/trunk/statsvn/.settings/org.eclipse.ltk.core.refactoring.prefs?rev=120&amp;content-type=text/vnd.viewcvs-markup" class="webrepository">org.eclipse.ltk.core.refactoring.prefs</a>&#160;<span class="new">(new&#160;3)</span>
      </li>
    </ul>
  </dd>

</dl>

</subsection></subsection><div id="generatedby"><p>Generated by <a href="http://www.statsvn.org">StatSVN</a> v0.1.4</p>
</div>
</section></body>
</document>