<?xml version="1.0" encoding="US-ASCII"?>
<document xmlns:lxslt="http://xml.apache.org/xslt">
<properties><title>Module src/net/sf/statcvs/input/</title></properties>
<head>
    <meta http-equiv="Content-Type" content="text/html; charset=ISO-8859-1"/>
    <meta name="Generator" content="StatSVN v0.1.4"/>
    <link rel="stylesheet" href="objectlab-statcvs-xdoc.css" type="text/css"/>
  </head>

<body><section name="Module src/net/sf/statcvs/input/">
<p><a href="index.html">back to main page</a></p>
<p class="summaryperiod">
  Summary Period:
  <span class="date">2006-01-19</span> to
  <span class="date">2006-11-18</span></p>
<p><a href="http://svn.sourceforge.net/viewvc/statsvn/trunk/statsvn/src/net/sf/statcvs/input/">Browse with ViewVC</a></p>

<subsection name ="Modules">
<p><a href="module.html">[root]</a>/<a href="module_src.html">src</a>/<a href="module_src_net.html">net</a>/<a href="module_src_net_sf.html">sf</a>/<a href="module_src_net_sf_statcvs.html">statcvs</a>/<strong>input</strong>
<br/></p>

<subsection name ="Lines of Code">
<p><img src="loc_module_src_net_sf_statcvs_input.png" width="640" height="480" alt=""/><br/>
<strong>Total Lines Of Code: </strong>
2426 (<span class="date">2006-11-19 11:40</span>)</p>
</subsection>
<subsection name ="Authors">
  <table  class="statCvsTable" rules="groups" summary="All authors and the number of their changes and lines of code in this directory">
    <colgroup align="left"/>
    <colgroup align="right"/>
    <colgroup align="right"/>
    <colgroup align="right"/>
    <thead>
      <tr>
        <th>Author</th>
        <th>Changes</th>
        <th>Lines of Code</th>
        <th>Lines per Change</th>
      </tr>
    </thead>
    <tfoot>
      <tr>
        <th>Totals</th>
        <td>204 (100.0%)</td>
        <td>9011 (100.0%)</td>
        <td>44.1</td>
      </tr>
    </tfoot>
    <tbody>
      <tr  class="odd">
        <th><a href="user_jkealey.html" class="author">jkealey</a></th>
        <td>103 (50.5%)</td>
        <td>5042 (56.0%)</td>
        <td>48.9</td>
      </tr>
      <tr  class="even">
        <th><a href="user_gunterm.html" class="author">gunterm</a></th>
        <td>68 (33.3%)</td>
        <td>2566 (28.5%)</td>
        <td>37.7</td>
      </tr>
      <tr  class="odd">
        <th><a href="user_jpdaigle.html" class="author">jpdaigle</a></th>
        <td>13 (6.4%)</td>
        <td>973 (10.8%)</td>
        <td>74.8</td>
      </tr>
      <tr  class="even">
        <th><a href="user_benoitx.html" class="author">benoitx</a></th>
        <td>20 (9.8%)</td>
        <td>430 (4.8%)</td>
        <td>21.5</td>
      </tr>
    </tbody>
  </table>

</subsection>
<subsection name ="Most Recent Commits">
<dl class="commitlist">
  <dt>
    <a href="user_benoitx.html" class="author">benoitx</a>
    <span class="date">2006-11-18 01:14</span>
  </dt>
  <dd>
    <p class="comment">
Fixed some checkstyle issues (using final wherever possible, hence a few changes...)<br/>
Introduced constants and rename final static method in upper case (was inconsistent).<br/>
Also there were a few inconsistencies in the use of { on the same line as for or if.<br/>
Re-ordered private/static/final keywords to follow java standard (e.g. private static final...)<br/>
I hope this is ok.
    </p>
    <p class="commitdetails"><strong>283</strong> lines of code changed in:</p>
    <ul class="commitdetails">
      <li>
        <strong>src/net/sf/statcvs/input</strong>:
        <a href="http://svn.sourceforge.net/viewvc/statsvn/trunk/statsvn/src/net/sf/statcvs/input/Builder.java?rev=141&amp;content-type=text/vnd.viewcvs-markup" class="webrepository">Builder.java</a>&#160;<span class="change">(+34&#160;-31)</span>,
        <a href="http://svn.sourceforge.net/viewvc/statsvn/trunk/statsvn/src/net/sf/statcvs/input/CommitListBuilder.java?rev=141&amp;content-type=text/vnd.viewcvs-markup" class="webrepository">CommitListBuilder.java</a>&#160;<span class="change">(+10&#160;-10)</span>,
        <a href="http://svn.sourceforge.net/viewvc/statsvn/trunk/statsvn/src/net/sf/statcvs/input/FileBuilder.java?rev=141&amp;content-type=text/vnd.viewcvs-markup" class="webrepository">FileBuilder.java</a>&#160;<span class="change">(+40&#160;-37)</span>,
        <a href="http://svn.sourceforge.net/viewvc/statsvn/trunk/statsvn/src/net/sf/statcvs/input/RepositoriesBuilder.java?rev=141&amp;content-type=text/vnd.viewcvs-markup" class="webrepository">RepositoriesBuilder.java</a>&#160;<span class="change">(+11&#160;-11)</span>,
        <a href="http://svn.sourceforge.net/viewvc/statsvn/trunk/statsvn/src/net/sf/statcvs/input/RepositoryFileManager.java?rev=141&amp;content-type=text/vnd.viewcvs-markup" class="webrepository">RepositoryFileManager.java</a>&#160;<span class="change">(+24&#160;-23)</span>,
        <a href="http://svn.sourceforge.net/viewvc/statsvn/trunk/statsvn/src/net/sf/statcvs/input/RevisionData.java?rev=141&amp;content-type=text/vnd.viewcvs-markup" class="webrepository">RevisionData.java</a>&#160;<span class="change">(+12&#160;-12)</span>,
        <a href="http://svn.sourceforge.net/viewvc/statsvn/trunk/statsvn/src/net/sf/statcvs/input/SvnLogfileParser.java?rev=141&amp;content-type=text/vnd.viewcvs-markup" class="webrepository">SvnLogfileParser.java</a>&#160;<span class="change">(+82&#160;-75)</span>,
        <a href="http://svn.sourceforge.net/viewvc/statsvn/trunk/statsvn/src/net/sf/statcvs/input/SvnXmlCacheFileHandler.java?rev=141&amp;content-type=text/vnd.viewcvs-markup" class="webrepository">SvnXmlCacheFileHandler.java</a>&#160;<span class="change">(+20&#160;-17)</span>,
        <a href="http://svn.sourceforge.net/viewvc/statsvn/trunk/statsvn/src/net/sf/statcvs/input/SvnXmlLogFileHandler.java?rev=141&amp;content-type=text/vnd.viewcvs-markup" class="webrepository">SvnXmlLogFileHandler.java</a>&#160;<span class="change">(+32&#160;-25)</span>,
        <a href="http://svn.sourceforge.net/viewvc/statsvn/trunk/statsvn/src/net/sf/statcvs/input/SvnXmlRepositoriesFileHandler.java?rev=141&amp;content-type=text/vnd.viewcvs-markup" class="webrepository">SvnXmlRepositoriesFileHandler.java</a>&#160;<span class="change">(+18&#160;-15)</span>
      </li>
    </ul>
  </dd>

  <dt>
    <a href="user_benoitx.html" class="author">benoitx</a>
    <span class="date">2006-11-17 00:39</span>
  </dt>
  <dd>
    <p class="comment">
Replaced string concatenation with StringBuffer<br/>
Added a few final on constructor parameters.<br/>
Fixed a few FindBugs/PMD/Checkstyle.<br/>
Added a site navigation file for Maven.
    </p>
    <p class="commitdetails"><strong>147</strong> lines of code changed in:</p>
    <ul class="commitdetails">
      <li>
        <strong>src/net/sf/statcvs/input</strong>:
        <a href="http://svn.sourceforge.net/viewvc/statsvn/trunk/statsvn/src/net/sf/statcvs/input/CacheBuilder.java?rev=138&amp;content-type=text/vnd.viewcvs-markup" class="webrepository">CacheBuilder.java</a>&#160;<span class="change">(+120&#160;-83)</span>,
        <a href="http://svn.sourceforge.net/viewvc/statsvn/trunk/statsvn/src/net/sf/statcvs/input/EmptyRepositoryException.java?rev=138&amp;content-type=text/vnd.viewcvs-markup" class="webrepository">EmptyRepositoryException.java</a>&#160;<span class="change">(+1&#160;-1)</span>,
        <a href="http://svn.sourceforge.net/viewvc/statsvn/trunk/statsvn/src/net/sf/statcvs/input/FileBuilder.java?rev=138&amp;content-type=text/vnd.viewcvs-markup" class="webrepository">FileBuilder.java</a>&#160;<span class="change">(+4&#160;-7)</span>,
        <a href="http://svn.sourceforge.net/viewvc/statsvn/trunk/statsvn/src/net/sf/statcvs/input/LogSyntaxException.java?rev=138&amp;content-type=text/vnd.viewcvs-markup" class="webrepository">LogSyntaxException.java</a>&#160;<span class="change">(+1&#160;-1)</span>,
        <a href="http://svn.sourceforge.net/viewvc/statsvn/trunk/statsvn/src/net/sf/statcvs/input/NoLineCountException.java?rev=138&amp;content-type=text/vnd.viewcvs-markup" class="webrepository">NoLineCountException.java</a>&#160;<span class="change">(+1&#160;-1)</span>,
        <a href="http://svn.sourceforge.net/viewvc/statsvn/trunk/statsvn/src/net/sf/statcvs/input/RepositoryFileManager.java?rev=138&amp;content-type=text/vnd.viewcvs-markup" class="webrepository">RepositoryFileManager.java</a>&#160;<span class="change">(+1&#160;-1)</span>,
        <a href="http://svn.sourceforge.net/viewvc/statsvn/trunk/statsvn/src/net/sf/statcvs/input/RevisionData.java?rev=138&amp;content-type=text/vnd.viewcvs-markup" class="webrepository">RevisionData.java</a>&#160;<span class="change">(+3&#160;-2)</span>,
        <a href="http://svn.sourceforge.net/viewvc/statsvn/trunk/statsvn/src/net/sf/statcvs/input/SvnLogBuilder.java?rev=138&amp;content-type=text/vnd.viewcvs-markup" class="webrepository">SvnLogBuilder.java</a>&#160;<span class="change">(+6&#160;-6)</span>,
        <a href="http://svn.sourceforge.net/viewvc/statsvn/trunk/statsvn/src/net/sf/statcvs/input/SvnXmlCacheFileHandler.java?rev=138&amp;content-type=text/vnd.viewcvs-markup" class="webrepository">SvnXmlCacheFileHandler.java</a>&#160;<span class="change">(+9&#160;-6)</span>,
        <a href="http://svn.sourceforge.net/viewvc/statsvn/trunk/statsvn/src/net/sf/statcvs/input/SvnXmlLogFileHandler.java?rev=138&amp;content-type=text/vnd.viewcvs-markup" class="webrepository">SvnXmlLogFileHandler.java</a>&#160;<span class="change">(+1&#160;-1)</span>
      </li>
    </ul>
  </dd>

  <dt>
    <a href="user_jkealey.html" class="author">jkealey</a>
    <span class="date">2006-11-08 13:07</span>
  </dt>
  <dd>
    <p class="comment">
better error messages
    </p>
    <p class="commitdetails"><strong>6</strong> lines of code changed in:</p>
    <ul class="commitdetails">
      <li>
        <strong>src/net/sf/statcvs/input</strong>:
        <a href="http://svn.sourceforge.net/viewvc/statsvn/trunk/statsvn/src/net/sf/statcvs/input/SvnLogfileParser.java?rev=123&amp;content-type=text/vnd.viewcvs-markup" class="webrepository">SvnLogfileParser.java</a>&#160;<span class="change">(+6)</span>
      </li>
    </ul>
  </dd>

  <dt>
    <a href="user_jkealey.html" class="author">jkealey</a>
    <span class="date">2006-11-06 05:41</span>
  </dt>
  <dd>
    <p class="comment">
1580913 - NPE on statsvn run when author name is null
    </p>
    <p class="commitdetails"><strong>3</strong> lines of code changed in:</p>
    <ul class="commitdetails">
      <li>
        <strong>src/net/sf/statcvs/input</strong>:
        <a href="http://svn.sourceforge.net/viewvc/statsvn/trunk/statsvn/src/net/sf/statcvs/input/Builder.java?rev=118&amp;content-type=text/vnd.viewcvs-markup" class="webrepository">Builder.java</a>&#160;<span class="change">(+3)</span>
      </li>
    </ul>
  </dd>

  <dt>
    <a href="user_jkealey.html" class="author">jkealey</a>
    <span class="date">2006-08-30 15:16</span>
  </dt>
  <dd>
    <p class="comment">
errors found by klocwork inforce
    </p>
    <p class="commitdetails"><strong>1</strong> lines of code changed in:</p>
    <ul class="commitdetails">
      <li>
        <strong>src/net/sf/statcvs/input</strong>:
        <a href="http://svn.sourceforge.net/viewvc/statsvn/trunk/statsvn/src/net/sf/statcvs/input/SvnLogfileParser.java?rev=117&amp;content-type=text/vnd.viewcvs-markup" class="webrepository">SvnLogfileParser.java</a>&#160;<span class="change">(+1)</span>
      </li>
    </ul>
  </dd>

  <dt>
    <a href="user_jkealey.html" class="author">jkealey</a>
    <span class="date">2006-04-14 00:58</span>
  </dt>
  <dd>
    <p class="comment">
bug 18: handling of new IOException during diff instead of causing application to stop (to handle server DoS protection gracefully, as we did previously)
    </p>
    <p class="commitdetails"><strong>4</strong> lines of code changed in:</p>
    <ul class="commitdetails">
      <li>
        <strong>src/net/sf/statcvs/input</strong>:
        <a href="http://svn.sourceforge.net/viewvc/statsvn/trunk/statsvn/src/net/sf/statcvs/input/SvnLogfileParser.java?rev=111&amp;content-type=text/vnd.viewcvs-markup" class="webrepository">SvnLogfileParser.java</a>&#160;<span class="change">(+4&#160;-1)</span>
      </li>
    </ul>
  </dd>

  <dt>
    <a href="user_gunterm.html" class="author">gunterm</a>
    <span class="date">2006-04-13 13:24</span>
  </dt>
  <dd>
    <p class="comment">
bug 18 - cached info is now taken into account when attempting to diff revisions
    </p>
    <p class="commitdetails"><strong>54</strong> lines of code changed in:</p>
    <ul class="commitdetails">
      <li>
        <strong>src/net/sf/statcvs/input</strong>:
        <a href="http://svn.sourceforge.net/viewvc/statsvn/trunk/statsvn/src/net/sf/statcvs/input/CacheBuilder.java?rev=97&amp;content-type=text/vnd.viewcvs-markup" class="webrepository">CacheBuilder.java</a>&#160;<span class="change">(+46&#160;-12)</span>,
        <a href="http://svn.sourceforge.net/viewvc/statsvn/trunk/statsvn/src/net/sf/statcvs/input/SvnLogfileParser.java?rev=97&amp;content-type=text/vnd.viewcvs-markup" class="webrepository">SvnLogfileParser.java</a>&#160;<span class="change">(+8&#160;-7)</span>
      </li>
    </ul>
  </dd>

  <dt>
    <a href="user_jkealey.html" class="author">jkealey</a>
    <span class="date">2006-04-13 00:09</span>
  </dt>
  <dd>
    <p class="comment">
Bug 14: now including copyfrom-path and copyfrom-rev in our RevisionData ... in case we ever want to use it. 
    </p>
    <p class="commitdetails"><strong>30</strong> lines of code changed in:</p>
    <ul class="commitdetails">
      <li>
        <strong>src/net/sf/statcvs/input</strong>:
        <a href="http://svn.sourceforge.net/viewvc/statsvn/trunk/statsvn/src/net/sf/statcvs/input/RevisionData.java?rev=96&amp;content-type=text/vnd.viewcvs-markup" class="webrepository">RevisionData.java</a>&#160;<span class="change">(+19&#160;-1)</span>,
        <a href="http://svn.sourceforge.net/viewvc/statsvn/trunk/statsvn/src/net/sf/statcvs/input/SvnXmlLogFileHandler.java?rev=96&amp;content-type=text/vnd.viewcvs-markup" class="webrepository">SvnXmlLogFileHandler.java</a>&#160;<span class="change">(+11)</span>
      </li>
    </ul>
  </dd>

  <dt>
    <a href="user_gunterm.html" class="author">gunterm</a>
    <span class="date">2006-04-12 22:13</span>
  </dt>
  <dd>
    <p class="comment">
Bug 18 - updated the cache xml file to include binary status; still need to use this information before using svn diff
    </p>
    <p class="commitdetails"><strong>182</strong> lines of code changed in:</p>
    <ul class="commitdetails">
      <li>
        <strong>src/net/sf/statcvs/input</strong>:
        <a href="http://svn.sourceforge.net/viewvc/statsvn/trunk/statsvn/src/net/sf/statcvs/input/CacheBuilder.java?rev=92&amp;content-type=text/vnd.viewcvs-markup" class="webrepository">CacheBuilder.java</a>&#160;<span class="change">(+118&#160;-27)</span>,
        <a href="http://svn.sourceforge.net/viewvc/statsvn/trunk/statsvn/src/net/sf/statcvs/input/CacheConfiguration.java?rev=92&amp;content-type=text/vnd.viewcvs-markup" class="webrepository">CacheConfiguration.java</a>&#160;<span class="new">(new)</span>,
        <a href="http://svn.sourceforge.net/viewvc/statsvn/trunk/statsvn/src/net/sf/statcvs/input/RepositoryFileManager.java?rev=92&amp;content-type=text/vnd.viewcvs-markup" class="webrepository">RepositoryFileManager.java</a>&#160;<span class="change">(+10)</span>,
        <a href="http://svn.sourceforge.net/viewvc/statsvn/trunk/statsvn/src/net/sf/statcvs/input/SvnLogfileParser.java?rev=92&amp;content-type=text/vnd.viewcvs-markup" class="webrepository">SvnLogfileParser.java</a>&#160;<span class="change">(+16&#160;-14)</span>,
        <a href="http://svn.sourceforge.net/viewvc/statsvn/trunk/statsvn/src/net/sf/statcvs/input/SvnXmlCacheFileHandler.java?rev=92&amp;content-type=text/vnd.viewcvs-markup" class="webrepository">SvnXmlCacheFileHandler.java</a>&#160;<span class="change">(+38&#160;-38)</span>
      </li>
    </ul>
  </dd>

  <dt>
    <a href="user_jkealey.html" class="author">jkealey</a>
    <span class="date">2006-04-11 22:05</span>
  </dt>
  <dd>
    <p class="comment">
bug 31: centralize how we execute other processes.<br/>
bug 18: helping persistence of binary status by bubbling up BinaryDiffException
    </p>
    <p class="commitdetails"><strong>252</strong> lines of code changed in:</p>
    <ul class="commitdetails">
      <li>
        <strong>src/net/sf/statcvs/input</strong>:
        <a href="http://svn.sourceforge.net/viewvc/statsvn/trunk/statsvn/src/net/sf/statcvs/input/RepositoryFileManager.java?rev=90&amp;content-type=text/vnd.viewcvs-markup" class="webrepository">RepositoryFileManager.java</a>&#160;<span class="change">(+236&#160;-214)</span>,
        <a href="http://svn.sourceforge.net/viewvc/statsvn/trunk/statsvn/src/net/sf/statcvs/input/SvnLogfileParser.java?rev=90&amp;content-type=text/vnd.viewcvs-markup" class="webrepository">SvnLogfileParser.java</a>&#160;<span class="change">(+16&#160;-9)</span>
      </li>
    </ul>
  </dd>

  <dt>
    <a href="user_gunterm.html" class="author">gunterm</a>
    <span class="date">2006-04-11 21:28</span>
  </dt>
  <dd>
    <p class="comment">
renaming line counts to cache &amp; persisting binary status in cache (initial implemetation only)
    </p>
    <p class="commitdetails"><strong>70</strong> lines of code changed in:</p>
    <ul class="commitdetails">
      <li>
        <strong>src/net/sf/statcvs/input</strong>:
        <a href="http://svn.sourceforge.net/viewvc/statsvn/trunk/statsvn/src/net/sf/statcvs/input/CacheBuilder.java?rev=89&amp;content-type=text/vnd.viewcvs-markup" class="webrepository">CacheBuilder.java</a>&#160;<span class="new">(new&#160;27)</span>,
        <a href="http://svn.sourceforge.net/viewvc/statsvn/trunk/statsvn/src/net/sf/statcvs/input/LineCountsBuilder.java?rev=68&amp;content-type=text/vnd.viewcvs-markup" class="webrepository">LineCountsBuilder.java</a>&#160;<span class="del">(del)</span>,
        <a href="http://svn.sourceforge.net/viewvc/statsvn/trunk/statsvn/src/net/sf/statcvs/input/RepositoriesBuilder.java?rev=89&amp;content-type=text/vnd.viewcvs-markup" class="webrepository">RepositoriesBuilder.java</a>&#160;<span class="change">(+3&#160;-1)</span>,
        <a href="http://svn.sourceforge.net/viewvc/statsvn/trunk/statsvn/src/net/sf/statcvs/input/SvnLogfileParser.java?rev=89&amp;content-type=text/vnd.viewcvs-markup" class="webrepository">SvnLogfileParser.java</a>&#160;<span class="change">(+2&#160;-2)</span>,
        <a href="http://svn.sourceforge.net/viewvc/statsvn/trunk/statsvn/src/net/sf/statcvs/input/SvnXmlCacheFileHandler.java?rev=89&amp;content-type=text/vnd.viewcvs-markup" class="webrepository">SvnXmlCacheFileHandler.java</a>&#160;<span class="new">(new&#160;38)</span>,
        <a href="http://svn.sourceforge.net/viewvc/statsvn/trunk/statsvn/src/net/sf/statcvs/input/SvnXmlLineCountsFileHandler.java?rev=58&amp;content-type=text/vnd.viewcvs-markup" class="webrepository">SvnXmlLineCountsFileHandler.java</a>&#160;<span class="del">(del)</span>
      </li>
    </ul>
  </dd>

  <dt>
    <a href="user_jkealey.html" class="author">jkealey</a>
    <span class="date">2006-04-04 20:18</span>
  </dt>
  <dd>
    <p class="comment">
bug 12: some work towards re-integrating input layer level tests<br/>
wrote a fixture that helps run statsvn without having to connect to the server, using files. 
    </p>
    <p class="commitdetails"><strong>3</strong> lines of code changed in:</p>
    <ul class="commitdetails">
      <li>
        <strong>src/net/sf/statcvs/input</strong>:
        <a href="http://svn.sourceforge.net/viewvc/statsvn/trunk/statsvn/src/net/sf/statcvs/input/RepositoryFileManager.java?rev=84&amp;content-type=text/vnd.viewcvs-markup" class="webrepository">RepositoryFileManager.java</a>&#160;<span class="change">(+3&#160;-3)</span>
      </li>
    </ul>
  </dd>

  <dt>
    <a href="user_jkealey.html" class="author">jkealey</a>
    <span class="date">2006-03-20 16:11</span>
  </dt>
  <dd>
    <p class="comment">
bug 15: svn.log is filled with entries in other branches, even if not relevant to current working folder.
    </p>
    <p class="commitdetails"><strong>319</strong> lines of code changed in:</p>
    <ul class="commitdetails">
      <li>
        <strong>src/net/sf/statcvs/input</strong>:
        <a href="http://svn.sourceforge.net/viewvc/statsvn/trunk/statsvn/src/net/sf/statcvs/input/RepositoryFileManager.java?rev=79&amp;content-type=text/vnd.viewcvs-markup" class="webrepository">RepositoryFileManager.java</a>&#160;<span class="change">(+3&#160;-5)</span>,
        <a href="http://svn.sourceforge.net/viewvc/statsvn/trunk/statsvn/src/net/sf/statcvs/input/SvnXmlLogFileHandler.java?rev=79&amp;content-type=text/vnd.viewcvs-markup" class="webrepository">SvnXmlLogFileHandler.java</a>&#160;<span class="change">(+316&#160;-313)</span>
      </li>
    </ul>
  </dd>

  <dt>
    <a href="user_gunterm.html" class="author">gunterm</a>
    <span class="date">2006-03-13 20:57</span>
  </dt>
  <dd>
    <p class="comment">
use repository uuid instead of repository url for naming of lineCounts xml files
    </p>
    <p class="commitdetails"><strong>29</strong> lines of code changed in:</p>
    <ul class="commitdetails">
      <li>
        <strong>src/net/sf/statcvs/input</strong>:
        <a href="http://svn.sourceforge.net/viewvc/statsvn/trunk/statsvn/src/net/sf/statcvs/input/RepositoriesBuilder.java?rev=73&amp;content-type=text/vnd.viewcvs-markup" class="webrepository">RepositoriesBuilder.java</a>&#160;<span class="change">(+15&#160;-22)</span>,
        <a href="http://svn.sourceforge.net/viewvc/statsvn/trunk/statsvn/src/net/sf/statcvs/input/RepositoryFileManager.java?rev=73&amp;content-type=text/vnd.viewcvs-markup" class="webrepository">RepositoryFileManager.java</a>&#160;<span class="change">(+9)</span>,
        <a href="http://svn.sourceforge.net/viewvc/statsvn/trunk/statsvn/src/net/sf/statcvs/input/SvnLogfileParser.java?rev=73&amp;content-type=text/vnd.viewcvs-markup" class="webrepository">SvnLogfileParser.java</a>&#160;<span class="change">(+1&#160;-2)</span>,
        <a href="http://svn.sourceforge.net/viewvc/statsvn/trunk/statsvn/src/net/sf/statcvs/input/SvnXmlRepositoriesFileHandler.java?rev=73&amp;content-type=text/vnd.viewcvs-markup" class="webrepository">SvnXmlRepositoriesFileHandler.java</a>&#160;<span class="change">(+4&#160;-4)</span>
      </li>
    </ul>
  </dd>

  <dt>
    <a href="user_gunterm.html" class="author">gunterm</a>
    <span class="date">2006-03-13 18:48</span>
  </dt>
  <dd>
    <p class="comment">
fixed bug 10: now saving xml files to a directory specified by command line arguments
    </p>
    <p class="commitdetails"><strong>6</strong> lines of code changed in:</p>
    <ul class="commitdetails">
      <li>
        <strong>src/net/sf/statcvs/input</strong>:
        <a href="http://svn.sourceforge.net/viewvc/statsvn/trunk/statsvn/src/net/sf/statcvs/input/SvnLogfileParser.java?rev=72&amp;content-type=text/vnd.viewcvs-markup" class="webrepository">SvnLogfileParser.java</a>&#160;<span class="change">(+6&#160;-4)</span>
      </li>
    </ul>
  </dd>

  <dt>
    <a href="user_gunterm.html" class="author">gunterm</a>
    <span class="date">2006-03-13 15:07</span>
  </dt>
  <dd>
    <p class="comment">
making the $Id$ keyword work
    </p>
    <p class="commitdetails"><strong>3</strong> lines of code changed in:</p>
    <ul class="commitdetails">
      <li>
        <strong>src/net/sf/statcvs/input</strong>:
        <a href="http://svn.sourceforge.net/viewvc/statsvn/trunk/statsvn/src/net/sf/statcvs/input/RepositoriesBuilder.java?rev=71&amp;content-type=text/vnd.viewcvs-markup" class="webrepository">RepositoriesBuilder.java</a>&#160;<span class="change">(+2)</span>,
        <a href="http://svn.sourceforge.net/viewvc/statsvn/trunk/statsvn/src/net/sf/statcvs/input/SvnXmlRepositoriesFileHandler.java?rev=71&amp;content-type=text/vnd.viewcvs-markup" class="webrepository">SvnXmlRepositoriesFileHandler.java</a>&#160;<span class="change">(+1)</span>
      </li>
    </ul>
  </dd>

  <dt>
    <a href="user_gunterm.html" class="author">gunterm</a>
    <span class="date">2006-03-13 15:02</span>
  </dt>
  <dd>
    <p class="comment">
comments changed
    </p>
    <p class="commitdetails"><strong>3</strong> lines of code changed in:</p>
    <ul class="commitdetails">
      <li>
        <strong>src/net/sf/statcvs/input</strong>:
        <a href="http://svn.sourceforge.net/viewvc/statsvn/trunk/statsvn/src/net/sf/statcvs/input/SvnXmlRepositoriesFileHandler.java?rev=70&amp;content-type=text/vnd.viewcvs-markup" class="webrepository">SvnXmlRepositoriesFileHandler.java</a>&#160;<span class="change">(+3&#160;-2)</span>
      </li>
    </ul>
  </dd>

  <dt>
    <a href="user_gunterm.html" class="author">gunterm</a>
    <span class="date">2006-03-13 14:57</span>
  </dt>
  <dd>
    <p class="comment">
added ID keyword to the last two files added to repository
    </p>
    <p class="commitdetails"><strong>1</strong> lines of code changed in:</p>
    <ul class="commitdetails">
      <li>
        <strong>src/net/sf/statcvs/input</strong>:
        <a href="http://svn.sourceforge.net/viewvc/statsvn/trunk/statsvn/src/net/sf/statcvs/input/RepositoriesBuilder.java?rev=69&amp;content-type=text/vnd.viewcvs-markup" class="webrepository">RepositoriesBuilder.java</a>&#160;<span class="change">(+1&#160;-1)</span>,
        <a href="http://svn.sourceforge.net/viewvc/statsvn/trunk/statsvn/src/net/sf/statcvs/input/SvnXmlRepositoriesFileHandler.java?rev=69&amp;content-type=text/vnd.viewcvs-markup" class="webrepository">SvnXmlRepositoriesFileHandler.java</a>&#160;<span class="change">(-1)</span>
      </li>
    </ul>
  </dd>

  <dt>
    <a href="user_gunterm.html" class="author">gunterm</a>
    <span class="date">2006-03-13 05:31</span>
  </dt>
  <dd>
    <p class="comment">
fixed Bug 10 except for saving xml files (repositories and lineCounts_*) to the statsvn directory
    </p>
    <p class="commitdetails"><strong>68</strong> lines of code changed in:</p>
    <ul class="commitdetails">
      <li>
        <strong>src/net/sf/statcvs/input</strong>:
        <a href="http://svn.sourceforge.net/viewvc/statsvn/trunk/statsvn/src/net/sf/statcvs/input/LineCountsBuilder.java?rev=68&amp;content-type=text/vnd.viewcvs-markup" class="webrepository">LineCountsBuilder.java</a>&#160;<span class="change">(+14&#160;-10)</span>,
        <a href="http://svn.sourceforge.net/viewvc/statsvn/trunk/statsvn/src/net/sf/statcvs/input/RepositoriesBuilder.java?rev=68&amp;content-type=text/vnd.viewcvs-markup" class="webrepository">RepositoriesBuilder.java</a>&#160;<span class="new">(new&#160;20)</span>,
        <a href="http://svn.sourceforge.net/viewvc/statsvn/trunk/statsvn/src/net/sf/statcvs/input/SvnLogfileParser.java?rev=68&amp;content-type=text/vnd.viewcvs-markup" class="webrepository">SvnLogfileParser.java</a>&#160;<span class="change">(+20&#160;-6)</span>,
        <a href="http://svn.sourceforge.net/viewvc/statsvn/trunk/statsvn/src/net/sf/statcvs/input/SvnXmlRepositoriesFileHandler.java?rev=68&amp;content-type=text/vnd.viewcvs-markup" class="webrepository">SvnXmlRepositoriesFileHandler.java</a>&#160;<span class="new">(new&#160;14)</span>
      </li>
    </ul>
  </dd>

  <dt>
    <a href="user_gunterm.html" class="author">gunterm</a>
    <span class="date">2006-03-12 23:58</span>
  </dt>
  <dd>
    <p class="comment">
now all revisions of a path are saved under the same path in lineCounts.xml; a revision with only property changes is now correctly interpreted as 0 0 instead of -1 -1
    </p>
    <p class="commitdetails"><strong>182</strong> lines of code changed in:</p>
    <ul class="commitdetails">
      <li>
        <strong>src/net/sf/statcvs/input</strong>:
        <a href="http://svn.sourceforge.net/viewvc/statsvn/trunk/statsvn/src/net/sf/statcvs/input/LineCountsBuilder.java?rev=65&amp;content-type=text/vnd.viewcvs-markup" class="webrepository">LineCountsBuilder.java</a>&#160;<span class="change">(+182&#160;-139)</span>
      </li>
    </ul>
  </dd>

</dl>

<p>(33 more)</p>
</subsection></subsection><div id="generatedby"><p>Generated by <a href="http://www.statsvn.org">StatSVN</a> v0.1.4</p>
</div>
</section></body>
</document>