<?xml version="1.0" encoding="US-ASCII"?>
<document xmlns:lxslt="http://xml.apache.org/xslt">
<properties><title>Module site/style/</title></properties>
<head>
    <meta http-equiv="Content-Type" content="text/html; charset=ISO-8859-1"/>
    <meta name="Generator" content="StatSVN v0.1.4"/>
    <link rel="stylesheet" href="objectlab-statcvs-xdoc.css" type="text/css"/>
  </head>

<body><section name="Module site/style/">
<p><a href="index.html">back to main page</a></p>
<p class="summaryperiod">
  Summary Period:
  <span class="date">2006-11-17</span> to
  <span class="date">2006-11-17</span></p>
<p><a href="http://svn.sourceforge.net/viewvc/statsvn/trunk/statsvn/site/style/">Browse with ViewVC</a></p>

<subsection name ="Modules">
<p><a href="module.html">[root]</a>/<a href="module_site.html">site</a>/<strong>style</strong>
<br/></p>

<subsection name ="Lines of Code">
<p><img src="loc_module_site_style.png" width="640" height="480" alt=""/><br/>
<strong>Total Lines Of Code: </strong>
146 (<span class="date">2006-11-19 11:40</span>)</p>
</subsection>
<subsection name ="Authors">
  <table  class="statCvsTable" rules="groups" summary="All authors and the number of their changes and lines of code in this directory">
    <colgroup align="left"/>
    <colgroup align="right"/>
    <colgroup align="right"/>
    <colgroup align="right"/>
    <thead>
      <tr>
        <th>Author</th>
        <th>Changes</th>
        <th>Lines of Code</th>
        <th>Lines per Change</th>
      </tr>
    </thead>
    <tbody>
      <tr  class="odd">
        <th><a href="user_benoitx.html" class="author">benoitx</a></th>
        <td>1 (100.0%)</td>
        <td>146 (100.0%)</td>
        <td>146.0</td>
      </tr>
    </tbody>
  </table>

</subsection>
<subsection name ="Most Recent Commits">
<dl class="commitlist">
  <dt>
    <a href="user_benoitx.html" class="author">benoitx</a>
    <span class="date">2006-11-17 00:58</span>
  </dt>
  <dd>
    <p class="comment">
Adding consistent style for Maven build.
    </p>
    <p class="commitdetails"><strong>146</strong> lines of code changed in:</p>
    <ul class="commitdetails">
      <li>
        <strong>site/style</strong>:
        <a href="http://svn.sourceforge.net/viewvc/statsvn/trunk/statsvn/site/style/maven-objectlabkit.css?rev=140&amp;content-type=text/vnd.viewcvs-markup" class="webrepository">maven-objectlabkit.css</a>&#160;<span class="new">(new&#160;146)</span>
      </li>
    </ul>
  </dd>

</dl>

</subsection></subsection><div id="generatedby"><p>Generated by <a href="http://www.statsvn.org">StatSVN</a> v0.1.4</p>
</div>
</section></body>
</document>