<?xml version="1.0" encoding="US-ASCII"?>
<document xmlns:lxslt="http://xml.apache.org/xslt">
<properties><title>Module src/net/sf/statcvs/web-files/</title></properties>
<head>
    <meta http-equiv="Content-Type" content="text/html; charset=ISO-8859-1"/>
    <meta name="Generator" content="StatSVN v0.1.4"/>
    <link rel="stylesheet" href="objectlab-statcvs-xdoc.css" type="text/css"/>
  </head>

<body><section name="Module src/net/sf/statcvs/web-files/">
<p><a href="index.html">back to main page</a></p>
<p class="summaryperiod">
  Summary Period:
  <span class="date">2006-01-19</span> to
  <span class="date">2006-11-16</span></p>
<p><a href="http://svn.sourceforge.net/viewvc/statsvn/trunk/statsvn/src/net/sf/statcvs/web-files/">Browse with ViewVC</a></p>

<subsection name ="Modules">
<p><a href="module.html">[root]</a>/<a href="module_src.html">src</a>/<a href="module_src_net.html">net</a>/<a href="module_src_net_sf.html">sf</a>/<a href="module_src_net_sf_statcvs.html">statcvs</a>/<strong>web-files</strong>
<br/></p>

<subsection name ="Lines of Code">
<p><img src="loc_module_src_net_sf_statcvs_web-files.png" width="640" height="480" alt=""/><br/>
<strong>Total Lines Of Code: </strong>
0 (<span class="date">2006-11-19 11:40</span>)</p>
</subsection>
<subsection name ="Authors">
  <table  class="statCvsTable" rules="groups" summary="All authors and the number of their changes and lines of code in this directory">
    <colgroup align="left"/>
    <colgroup align="right"/>
    <colgroup align="right"/>
    <colgroup align="right"/>
    <thead>
      <tr>
        <th>Author</th>
        <th>Changes</th>
        <th>Lines of Code</th>
        <th>Lines per Change</th>
      </tr>
    </thead>
    <tfoot>
      <tr>
        <th>Totals</th>
        <td>9 (100.0%)</td>
        <td>0 (-)</td>
        <td>0.0</td>
      </tr>
    </tfoot>
    <tbody>
      <tr  class="odd">
        <th><a href="user_jpdaigle.html" class="author">jpdaigle</a></th>
        <td>7 (77.8%)</td>
        <td>0 (-)</td>
        <td>0.0</td>
      </tr>
      <tr  class="even">
        <th><a href="user_benoitx.html" class="author">benoitx</a></th>
        <td>2 (22.2%)</td>
        <td>0 (-)</td>
        <td>0.0</td>
      </tr>
    </tbody>
  </table>

</subsection>
<subsection name ="Most Recent Commits">
<dl class="commitlist">
  <dt>
    <a href="user_benoitx.html" class="author">benoitx</a>
    <span class="date">2006-11-16 11:10</span>
  </dt>
  <dd>
    <p class="comment">
First cut for the refactored html/xdoc generation.<br/>
Use the new command line parameter -format xdoc|html (html by default).<br/>
When xdoc is used and NO css is provided, it will use the objectlab-statcvs-xdoc.css which is now part of StatSvn.<br/>
This checkin also resurrect the Maven build.
    </p>
    <p class="commitdetails"><strong>0</strong> lines of code changed in:</p>
    <ul class="commitdetails">
      <li>
        <strong>src/net/sf/statcvs/web-files</strong>:
        <a href="http://svn.sourceforge.net/viewvc/statsvn/trunk/statsvn/src/net/sf/statcvs/web-files/objectlab-statcvs-xdoc.css?rev=137&amp;content-type=text/vnd.viewcvs-markup" class="webrepository">objectlab-statcvs-xdoc.css</a>&#160;<span class="new">(new)</span>,
        <a href="http://svn.sourceforge.net/viewvc/statsvn/trunk/statsvn/src/net/sf/statcvs/web-files/objectlab-statcvs.css?rev=137&amp;content-type=text/vnd.viewcvs-markup" class="webrepository">objectlab-statcvs.css</a>&#160;<span class="new">(new)</span>
      </li>
    </ul>
  </dd>

  <dt>
    <a href="user_jpdaigle.html" class="author">jpdaigle</a>
    <span class="date">2006-03-25 08:31</span>
  </dt>
  <dd>
    <p class="comment">
Adding support for -bugzilla option
    </p>
    <p class="commitdetails"><strong>0</strong> lines of code changed in:</p>
    <ul class="commitdetails">
      <li>
        <strong>src/net/sf/statcvs/web-files</strong>:
        <a href="http://svn.sourceforge.net/viewvc/statsvn/trunk/statsvn/src/net/sf/statcvs/web-files/License-bug-icon.txt?rev=82&amp;content-type=text/vnd.viewcvs-markup" class="webrepository">License-bug-icon.txt</a>&#160;<span class="new">(new)</span>,
        <a href="http://svn.sourceforge.net/viewvc/statsvn/trunk/statsvn/src/net/sf/statcvs/web-files/bug.png?rev=82&amp;content-type=text/vnd.viewcvs-markup" class="webrepository">bug.png</a>&#160;<span class="new">(new)</span>
      </li>
    </ul>
  </dd>

  <dt>
    <a href="user_jpdaigle.html" class="author">jpdaigle</a>
    <span class="date">2006-01-19 07:13</span>
  </dt>
  <dd>
    <p class="comment">
Initial statcvs project import
    </p>
    <p class="commitdetails"><strong>0</strong> lines of code changed in:</p>
    <ul class="commitdetails">
      <li>
        <strong>src/net/sf/statcvs/web-files</strong>:
        <a href="http://svn.sourceforge.net/viewvc/statsvn/trunk/statsvn/src/net/sf/statcvs/web-files/file-deleted.png?rev=5&amp;content-type=text/vnd.viewcvs-markup" class="webrepository">file-deleted.png</a>&#160;<span class="new">(new)</span>,
        <a href="http://svn.sourceforge.net/viewvc/statsvn/trunk/statsvn/src/net/sf/statcvs/web-files/file.png?rev=5&amp;content-type=text/vnd.viewcvs-markup" class="webrepository">file.png</a>&#160;<span class="new">(new)</span>,
        <a href="http://svn.sourceforge.net/viewvc/statsvn/trunk/statsvn/src/net/sf/statcvs/web-files/folder-deleted.png?rev=5&amp;content-type=text/vnd.viewcvs-markup" class="webrepository">folder-deleted.png</a>&#160;<span class="new">(new)</span>,
        <a href="http://svn.sourceforge.net/viewvc/statsvn/trunk/statsvn/src/net/sf/statcvs/web-files/folder.png?rev=5&amp;content-type=text/vnd.viewcvs-markup" class="webrepository">folder.png</a>&#160;<span class="new">(new)</span>,
        <a href="http://svn.sourceforge.net/viewvc/statsvn/trunk/statsvn/src/net/sf/statcvs/web-files/statcvs.css?rev=5&amp;content-type=text/vnd.viewcvs-markup" class="webrepository">statcvs.css</a>&#160;<span class="new">(new)</span>
      </li>
    </ul>
  </dd>

</dl>

</subsection></subsection><div id="generatedby"><p>Generated by <a href="http://www.statsvn.org">StatSVN</a> v0.1.4</p>
</div>
</section></body>
</document>