<?xml version="1.0" encoding="US-ASCII"?>
<document xmlns:lxslt="http://xml.apache.org/xslt">
<properties><title>User statistics for benoitx</title></properties>
<head>
    <meta http-equiv="Content-Type" content="text/html; charset=ISO-8859-1"/>
    <meta name="Generator" content="StatSVN v0.1.4"/>
    <link rel="stylesheet" href="objectlab-statcvs-xdoc.css" type="text/css"/>
  </head>

<body><section name="User statistics for benoitx">
<p><a href="index.html">back to main page</a></p>
<p class="summaryperiod">
  Summary Period:
  <span class="date">2006-11-15</span> to
  <span class="date">2006-11-19</span></p>

<subsection name ="Total Changes">
<p>230 (26.2%)</p>
</subsection>
<subsection name ="Lines of Code">
<p>7349 (29.3%)</p>
</subsection>
<subsection name ="Modules">
<p><img src="module_sizes_benoitx.png" width="640" height="480" alt=""/></p>
  <table  class="statCvsTable" rules="groups" summary="Overview of this author's activities in different directories">
    <colgroup align="left"/>
    <colgroup align="right"/>
    <colgroup align="right"/>
    <colgroup align="right"/>
    <thead>
      <tr>
        <th>Directory</th>
        <th>Changes</th>
        <th>Lines of Code</th>
        <th>Lines per Change</th>
      </tr>
    </thead>
    <tfoot>
      <tr>
        <th>Totals</th>
        <td>230 (100.0%)</td>
        <td>7349 (100.0%)</td>
        <td>31.9</td>
      </tr>
    </tfoot>
    <tbody>
      <tr  class="odd">
        <th><a href="module.html" class="directory">/</a></th>
        <td>12 (5.2%)</td>
        <td>4138 (56.3%)</td>
        <td>344.8</td>
      </tr>
      <tr  class="even">
        <th><a href="module_src_net_sf_statcvs_output.html" class="directory">src/net/sf/statcvs/output/</a></th>
        <td>53 (23.0%)</td>
        <td>928 (12.6%)</td>
        <td>17.5</td>
      </tr>
      <tr  class="odd">
        <th><a href="module_src_net_sf_statcvs_input.html" class="directory">src/net/sf/statcvs/input/</a></th>
        <td>20 (8.7%)</td>
        <td>430 (5.9%)</td>
        <td>21.5</td>
      </tr>
      <tr  class="even">
        <th><a href="module_src_net_sf_statcvs_renderer.html" class="directory">src/net/sf/statcvs/renderer/</a></th>
        <td>27 (11.7%)</td>
        <td>400 (5.4%)</td>
        <td>14.8</td>
      </tr>
      <tr  class="odd">
        <th><a href="module_src_net_sf_statcvs_util.html" class="directory">src/net/sf/statcvs/util/</a></th>
        <td>29 (12.6%)</td>
        <td>361 (4.9%)</td>
        <td>12.4</td>
      </tr>
      <tr  class="even">
        <th><a href="module_.settings.html" class="directory">.settings/</a></th>
        <td>3 (1.3%)</td>
        <td>252 (3.4%)</td>
        <td>84.0</td>
      </tr>
      <tr  class="odd">
        <th><a href="module_site_style.html" class="directory">site/style/</a></th>
        <td>1 (0.4%)</td>
        <td>146 (2.0%)</td>
        <td>146.0</td>
      </tr>
      <tr  class="even">
        <th><a href="module_tests-src_net_sf_statcvs_input.html" class="directory">tests-src/net/sf/statcvs/input/</a></th>
        <td>11 (4.8%)</td>
        <td>137 (1.9%)</td>
        <td>12.4</td>
      </tr>
      <tr  class="odd">
        <th><a href="module_tests-src_net_sf_statcvs_model.html" class="directory">tests-src/net/sf/statcvs/model/</a></th>
        <td>7 (3.0%)</td>
        <td>118 (1.6%)</td>
        <td>16.8</td>
      </tr>
      <tr  class="even">
        <th><a href="module_src_net_sf_statcvs_model.html" class="directory">src/net/sf/statcvs/model/</a></th>
        <td>9 (3.9%)</td>
        <td>81 (1.1%)</td>
        <td>9.0</td>
      </tr>
      <tr  class="odd">
        <th><a href="module_src_net_sf_statcvs.html" class="directory">src/net/sf/statcvs/</a></th>
        <td>3 (1.3%)</td>
        <td>74 (1.0%)</td>
        <td>24.6</td>
      </tr>
      <tr  class="even">
        <th><a href="module_src_net_sf_statcvs_reports.html" class="directory">src/net/sf/statcvs/reports/</a></th>
        <td>18 (7.8%)</td>
        <td>58 (0.8%)</td>
        <td>3.2</td>
      </tr>
      <tr  class="odd">
        <th><a href="module_src_net_sf_statcvs_reportmodel.html" class="directory">src/net/sf/statcvs/reportmodel/</a></th>
        <td>18 (7.8%)</td>
        <td>56 (0.8%)</td>
        <td>3.1</td>
      </tr>
      <tr  class="even">
        <th><a href="module_src_net_sf_statcvs_ant.html" class="directory">src/net/sf/statcvs/ant/</a></th>
        <td>1 (0.4%)</td>
        <td>54 (0.7%)</td>
        <td>54.0</td>
      </tr>
      <tr  class="odd">
        <th><a href="module_tests-src_net_sf_statcvs_util.html" class="directory">tests-src/net/sf/statcvs/util/</a></th>
        <td>7 (3.0%)</td>
        <td>32 (0.4%)</td>
        <td>4.5</td>
      </tr>
      <tr  class="even">
        <th><a href="module_site.html" class="directory">site/</a></th>
        <td>1 (0.4%)</td>
        <td>26 (0.4%)</td>
        <td>26.0</td>
      </tr>
      <tr  class="odd">
        <th><a href="module_tests-src_net_sf_statcvs_reportmodel.html" class="directory">tests-src/net/sf/statcvs/reportmodel/</a></th>
        <td>2 (0.9%)</td>
        <td>24 (0.3%)</td>
        <td>12.0</td>
      </tr>
      <tr  class="even">
        <th><a href="module_tests-src_net_sf_statcvs_output.html" class="directory">tests-src/net/sf/statcvs/output/</a></th>
        <td>2 (0.9%)</td>
        <td>19 (0.3%)</td>
        <td>9.5</td>
      </tr>
      <tr  class="odd">
        <th><a href="module_tests-src_net_sf_statcvs_renderer.html" class="directory">tests-src/net/sf/statcvs/renderer/</a></th>
        <td>2 (0.9%)</td>
        <td>13 (0.2%)</td>
        <td>6.5</td>
      </tr>
      <tr  class="even">
        <th><a href="module_tests-src_net_sf_statcvs.html" class="directory">tests-src/net/sf/statcvs/</a></th>
        <td>1 (0.4%)</td>
        <td>2 (0.0%)</td>
        <td>2.0</td>
      </tr>
      <tr  class="odd">
        <th><a href="module_src_net_sf_statsvn.html" class="directory">src/net/sf/statsvn/</a></th>
        <td>1 (0.4%)</td>
        <td>0 (0.0%)</td>
        <td>0.0</td>
      </tr>
      <tr  class="even">
        <th><a href="module_src_net_sf_statcvs_web-files.html" class="directory">src/net/sf/statcvs/web-files/</a></th>
        <td>2 (0.9%)</td>
        <td>0 (0.0%)</td>
        <td>0.0</td>
      </tr>
    </tbody>
  </table>

</subsection>
<subsection name ="Activity by Clock Time">
<p><img src="activity_time_benoitx.png" width="500" height="300" alt=""/></p>
<p><img src="activity_day_benoitx.png" width="500" height="300" alt=""/></p>
</subsection>
<subsection name ="Most Recent Commits">
<dl class="commitlist">
  <dt>
    <a href="user_benoitx.html" class="author">benoitx</a>
    <span class="date">2006-11-19 11:40</span>
  </dt>
  <dd>
    <p class="comment">
move to net.sf.statsvn 
    </p>
    <p class="commitdetails"><strong>0</strong> lines of code changed in:</p>
    <ul class="commitdetails">
      <li>
        <strong>src/net/sf/statsvn</strong>:
        <a href="http://svn.sourceforge.net/viewvc/statsvn/trunk/statsvn/src/net/sf/statsvn/logging.properties.diff?r1=0.0&amp;r2=143" class="webrepository">logging.properties</a>&#160;<span class="change">(changed)</span>
      </li>
    </ul>
  </dd>

  <dt>
    <a href="user_benoitx.html" class="author">benoitx</a>
    <span class="date">2006-11-18 01:14</span>
  </dt>
  <dd>
    <p class="comment">
Fixed some checkstyle issues (using final wherever possible, hence a few changes...)<br/>
Introduced constants and rename final static method in upper case (was inconsistent).<br/>
Also there were a few inconsistencies in the use of { on the same line as for or if.<br/>
Re-ordered private/static/final keywords to follow java standard (e.g. private static final...)<br/>
I hope this is ok.
    </p>
    <p class="commitdetails"><strong>2069</strong> lines of code changed in:</p>
    <ul class="commitdetails">
      <li>
        <a href="http://svn.sourceforge.net/viewvc/statsvn/trunk/statsvn/qalab.xml.diff?r1=138&amp;r2=141" class="webrepository">qalab.xml</a>&#160;<span class="change">(+301&#160;-11)</span>
      </li>
      <li>
        <strong>src/net/sf/statcvs</strong>:
        <a href="http://svn.sourceforge.net/viewvc/statsvn/trunk/statsvn/src/net/sf/statcvs/Main.java?rev=141&amp;content-type=text/vnd.viewcvs-markup" class="webrepository">Main.java</a>&#160;<span class="change">(+50&#160;-36)</span>,
        <a href="http://svn.sourceforge.net/viewvc/statsvn/trunk/statsvn/src/net/sf/statcvs/Messages.java?rev=141&amp;content-type=text/vnd.viewcvs-markup" class="webrepository">Messages.java</a>&#160;<span class="change">(+5&#160;-3)</span>
      </li>
      <li>
        <strong>src/net/sf/statcvs/ant</strong>:
        <a href="http://svn.sourceforge.net/viewvc/statsvn/trunk/statsvn/src/net/sf/statcvs/ant/StatCvsTask.java?rev=141&amp;content-type=text/vnd.viewcvs-markup" class="webrepository">StatCvsTask.java</a>&#160;<span class="change">(+54&#160;-54)</span>
      </li>
      <li>
        <strong>src/net/sf/statcvs/input</strong>:
        <a href="http://svn.sourceforge.net/viewvc/statsvn/trunk/statsvn/src/net/sf/statcvs/input/Builder.java?rev=141&amp;content-type=text/vnd.viewcvs-markup" class="webrepository">Builder.java</a>&#160;<span class="change">(+34&#160;-31)</span>,
        <a href="http://svn.sourceforge.net/viewvc/statsvn/trunk/statsvn/src/net/sf/statcvs/input/CommitListBuilder.java?rev=141&amp;content-type=text/vnd.viewcvs-markup" class="webrepository">CommitListBuilder.java</a>&#160;<span class="change">(+10&#160;-10)</span>,
        <a href="http://svn.sourceforge.net/viewvc/statsvn/trunk/statsvn/src/net/sf/statcvs/input/FileBuilder.java?rev=141&amp;content-type=text/vnd.viewcvs-markup" class="webrepository">FileBuilder.java</a>&#160;<span class="change">(+40&#160;-37)</span>,
        <a href="http://svn.sourceforge.net/viewvc/statsvn/trunk/statsvn/src/net/sf/statcvs/input/RepositoriesBuilder.java?rev=141&amp;content-type=text/vnd.viewcvs-markup" class="webrepository">RepositoriesBuilder.java</a>&#160;<span class="change">(+11&#160;-11)</span>,
        <a href="http://svn.sourceforge.net/viewvc/statsvn/trunk/statsvn/src/net/sf/statcvs/input/RepositoryFileManager.java?rev=141&amp;content-type=text/vnd.viewcvs-markup" class="webrepository">RepositoryFileManager.java</a>&#160;<span class="change">(+24&#160;-23)</span>,
        <a href="http://svn.sourceforge.net/viewvc/statsvn/trunk/statsvn/src/net/sf/statcvs/input/RevisionData.java?rev=141&amp;content-type=text/vnd.viewcvs-markup" class="webrepository">RevisionData.java</a>&#160;<span class="change">(+12&#160;-12)</span>,
        <a href="http://svn.sourceforge.net/viewvc/statsvn/trunk/statsvn/src/net/sf/statcvs/input/SvnLogfileParser.java?rev=141&amp;content-type=text/vnd.viewcvs-markup" class="webrepository">SvnLogfileParser.java</a>&#160;<span class="change">(+82&#160;-75)</span>,
        <a href="http://svn.sourceforge.net/viewvc/statsvn/trunk/statsvn/src/net/sf/statcvs/input/SvnXmlCacheFileHandler.java?rev=141&amp;content-type=text/vnd.viewcvs-markup" class="webrepository">SvnXmlCacheFileHandler.java</a>&#160;<span class="change">(+20&#160;-17)</span>,
        <a href="http://svn.sourceforge.net/viewvc/statsvn/trunk/statsvn/src/net/sf/statcvs/input/SvnXmlLogFileHandler.java?rev=141&amp;content-type=text/vnd.viewcvs-markup" class="webrepository">SvnXmlLogFileHandler.java</a>&#160;<span class="change">(+32&#160;-25)</span>,
        <a href="http://svn.sourceforge.net/viewvc/statsvn/trunk/statsvn/src/net/sf/statcvs/input/SvnXmlRepositoriesFileHandler.java?rev=141&amp;content-type=text/vnd.viewcvs-markup" class="webrepository">SvnXmlRepositoriesFileHandler.java</a>&#160;<span class="change">(+18&#160;-15)</span>
      </li>
      <li>
        <strong>src/net/sf/statcvs/model</strong>:
        <a href="http://svn.sourceforge.net/viewvc/statsvn/trunk/statsvn/src/net/sf/statcvs/model/Author.java?rev=141&amp;content-type=text/vnd.viewcvs-markup" class="webrepository">Author.java</a>&#160;<span class="change">(+3&#160;-3)</span>,
        <a href="http://svn.sourceforge.net/viewvc/statsvn/trunk/statsvn/src/net/sf/statcvs/model/Commit.java?rev=141&amp;content-type=text/vnd.viewcvs-markup" class="webrepository">Commit.java</a>&#160;<span class="change">(+7&#160;-7)</span>,
        <a href="http://svn.sourceforge.net/viewvc/statsvn/trunk/statsvn/src/net/sf/statcvs/model/Directory.java?rev=141&amp;content-type=text/vnd.viewcvs-markup" class="webrepository">Directory.java</a>&#160;<span class="change">(+18&#160;-18)</span>,
        <a href="http://svn.sourceforge.net/viewvc/statsvn/trunk/statsvn/src/net/sf/statcvs/model/DirectoryImpl.java?rev=141&amp;content-type=text/vnd.viewcvs-markup" class="webrepository">DirectoryImpl.java</a>&#160;<span class="change">(+1&#160;-1)</span>,
        <a href="http://svn.sourceforge.net/viewvc/statsvn/trunk/statsvn/src/net/sf/statcvs/model/Repository.java?rev=141&amp;content-type=text/vnd.viewcvs-markup" class="webrepository">Repository.java</a>&#160;<span class="change">(+12&#160;-14)</span>,
        <a href="http://svn.sourceforge.net/viewvc/statsvn/trunk/statsvn/src/net/sf/statcvs/model/Revision.java?rev=141&amp;content-type=text/vnd.viewcvs-markup" class="webrepository">Revision.java</a>&#160;<span class="change">(+7&#160;-7)</span>,
        <a href="http://svn.sourceforge.net/viewvc/statsvn/trunk/statsvn/src/net/sf/statcvs/model/SymbolicName.java?rev=141&amp;content-type=text/vnd.viewcvs-markup" class="webrepository">SymbolicName.java</a>&#160;<span class="change">(+10&#160;-15)</span>,
        <a href="http://svn.sourceforge.net/viewvc/statsvn/trunk/statsvn/src/net/sf/statcvs/model/VersionedFile.java?rev=141&amp;content-type=text/vnd.viewcvs-markup" class="webrepository">VersionedFile.java</a>&#160;<span class="change">(+20&#160;-21)</span>
      </li>
      <li>
        <strong>src/net/sf/statcvs/output</strong>:
        <a href="http://svn.sourceforge.net/viewvc/statsvn/trunk/statsvn/src/net/sf/statcvs/output/AuthorPage.java?rev=141&amp;content-type=text/vnd.viewcvs-markup" class="webrepository">AuthorPage.java</a>&#160;<span class="change">(+24&#160;-24)</span>,
        <a href="http://svn.sourceforge.net/viewvc/statsvn/trunk/statsvn/src/net/sf/statcvs/output/BugzillaIntegration.java?rev=141&amp;content-type=text/vnd.viewcvs-markup" class="webrepository">BugzillaIntegration.java</a>&#160;<span class="change">(+20&#160;-16)</span>,
        <a href="http://svn.sourceforge.net/viewvc/statsvn/trunk/statsvn/src/net/sf/statcvs/output/CPAPage.java?rev=141&amp;content-type=text/vnd.viewcvs-markup" class="webrepository">CPAPage.java</a>&#160;<span class="change">(+8&#160;-6)</span>,
        <a href="http://svn.sourceforge.net/viewvc/statsvn/trunk/statsvn/src/net/sf/statcvs/output/ChoraIntegration.java?rev=141&amp;content-type=text/vnd.viewcvs-markup" class="webrepository">ChoraIntegration.java</a>&#160;<span class="change">(+9&#160;-9)</span>,
        <a href="http://svn.sourceforge.net/viewvc/statsvn/trunk/statsvn/src/net/sf/statcvs/output/CommandLineParser.java?rev=141&amp;content-type=text/vnd.viewcvs-markup" class="webrepository">CommandLineParser.java</a>&#160;<span class="change">(+9&#160;-6)</span>,
        <a href="http://svn.sourceforge.net/viewvc/statsvn/trunk/statsvn/src/net/sf/statcvs/output/CommitLogPage.java?rev=141&amp;content-type=text/vnd.viewcvs-markup" class="webrepository">CommitLogPage.java</a>&#160;<span class="change">(+2&#160;-2)</span>,
        <a href="http://svn.sourceforge.net/viewvc/statsvn/trunk/statsvn/src/net/sf/statcvs/output/ConfigurationException.java?rev=141&amp;content-type=text/vnd.viewcvs-markup" class="webrepository">ConfigurationException.java</a>&#160;<span class="change">(+1&#160;-1)</span>,
        <a href="http://svn.sourceforge.net/viewvc/statsvn/trunk/statsvn/src/net/sf/statcvs/output/ConfigurationOptions.java?rev=141&amp;content-type=text/vnd.viewcvs-markup" class="webrepository">ConfigurationOptions.java</a>&#160;<span class="change">(+40&#160;-32)</span>,
        <a href="http://svn.sourceforge.net/viewvc/statsvn/trunk/statsvn/src/net/sf/statcvs/output/DefaultCssHandler.java?rev=141&amp;content-type=text/vnd.viewcvs-markup" class="webrepository">DefaultCssHandler.java</a>&#160;<span class="change">(+5&#160;-5)</span>,
        <a href="http://svn.sourceforge.net/viewvc/statsvn/trunk/statsvn/src/net/sf/statcvs/output/DirectorySizesPage.java?rev=141&amp;content-type=text/vnd.viewcvs-markup" class="webrepository">DirectorySizesPage.java</a>&#160;<span class="change">(+3&#160;-3)</span>,
        <a href="http://svn.sourceforge.net/viewvc/statsvn/trunk/statsvn/src/net/sf/statcvs/output/FileSizesPage.java?rev=141&amp;content-type=text/vnd.viewcvs-markup" class="webrepository">FileSizesPage.java</a>&#160;<span class="change">(+9&#160;-9)</span>,
        <a href="http://svn.sourceforge.net/viewvc/statsvn/trunk/statsvn/src/net/sf/statcvs/output/HTMLOutput.java?rev=141&amp;content-type=text/vnd.viewcvs-markup" class="webrepository">HTMLOutput.java</a>&#160;<span class="change">(+91&#160;-91)</span>,
        <a href="http://svn.sourceforge.net/viewvc/statsvn/trunk/statsvn/src/net/sf/statcvs/output/HTMLPage.java?rev=141&amp;content-type=text/vnd.viewcvs-markup" class="webrepository">HTMLPage.java</a>&#160;<span class="change">(+31&#160;-45)</span>,
        <a href="http://svn.sourceforge.net/viewvc/statsvn/trunk/statsvn/src/net/sf/statcvs/output/HTMLTagger.java?rev=141&amp;content-type=text/vnd.viewcvs-markup" class="webrepository">HTMLTagger.java</a>&#160;<span class="change">(+24&#160;-22)</span>,
        <a href="http://svn.sourceforge.net/viewvc/statsvn/trunk/statsvn/src/net/sf/statcvs/output/IndexPage.java?rev=141&amp;content-type=text/vnd.viewcvs-markup" class="webrepository">IndexPage.java</a>&#160;<span class="change">(+16&#160;-19)</span>,
        <a href="http://svn.sourceforge.net/viewvc/statsvn/trunk/statsvn/src/net/sf/statcvs/output/LOCPage.java?rev=141&amp;content-type=text/vnd.viewcvs-markup" class="webrepository">LOCPage.java</a>&#160;<span class="change">(+3&#160;-3)</span>,
        <a href="http://svn.sourceforge.net/viewvc/statsvn/trunk/statsvn/src/net/sf/statcvs/output/LOCSeriesBuilder.java?rev=141&amp;content-type=text/vnd.viewcvs-markup" class="webrepository">LOCSeriesBuilder.java</a>&#160;<span class="change">(+3&#160;-3)</span>,
        <a href="http://svn.sourceforge.net/viewvc/statsvn/trunk/statsvn/src/net/sf/statcvs/output/LocalFileCssHandler.java?rev=141&amp;content-type=text/vnd.viewcvs-markup" class="webrepository">LocalFileCssHandler.java</a>&#160;<span class="change">(+6&#160;-6)</span>,
        <a href="http://svn.sourceforge.net/viewvc/statsvn/trunk/statsvn/src/net/sf/statcvs/output/ModulePage.java?rev=141&amp;content-type=text/vnd.viewcvs-markup" class="webrepository">ModulePage.java</a>&#160;<span class="change">(+33&#160;-33)</span>,
        <a href="http://svn.sourceforge.net/viewvc/statsvn/trunk/statsvn/src/net/sf/statcvs/output/ViewVcIntegration.java?rev=141&amp;content-type=text/vnd.viewcvs-markup" class="webrepository">ViewVcIntegration.java</a>&#160;<span class="change">(+9&#160;-9)</span>,
        <a href="http://svn.sourceforge.net/viewvc/statsvn/trunk/statsvn/src/net/sf/statcvs/output/XDocOutput.java?rev=141&amp;content-type=text/vnd.viewcvs-markup" class="webrepository">XDocOutput.java</a>&#160;<span class="change">(+1&#160;-1)</span>
      </li>
      <li>
        <strong>src/net/sf/statcvs/renderer</strong>:
        <a href="http://svn.sourceforge.net/viewvc/statsvn/trunk/statsvn/src/net/sf/statcvs/renderer/BarChart.java?rev=141&amp;content-type=text/vnd.viewcvs-markup" class="webrepository">BarChart.java</a>&#160;<span class="change">(+8&#160;-8)</span>,
        <a href="http://svn.sourceforge.net/viewvc/statsvn/trunk/statsvn/src/net/sf/statcvs/renderer/Chart.java?rev=141&amp;content-type=text/vnd.viewcvs-markup" class="webrepository">Chart.java</a>&#160;<span class="change">(+10&#160;-10)</span>,
        <a href="http://svn.sourceforge.net/viewvc/statsvn/trunk/statsvn/src/net/sf/statcvs/renderer/CombinedCommitScatterChart.java?rev=141&amp;content-type=text/vnd.viewcvs-markup" class="webrepository">CombinedCommitScatterChart.java</a>&#160;<span class="change">(+28&#160;-28)</span>,
        <a href="http://svn.sourceforge.net/viewvc/statsvn/trunk/statsvn/src/net/sf/statcvs/renderer/CommitLogRenderer.java?rev=141&amp;content-type=text/vnd.viewcvs-markup" class="webrepository">CommitLogRenderer.java</a>&#160;<span class="change">(+41&#160;-41)</span>,
        <a href="http://svn.sourceforge.net/viewvc/statsvn/trunk/statsvn/src/net/sf/statcvs/renderer/FileCollectionFormatter.java?rev=141&amp;content-type=text/vnd.viewcvs-markup" class="webrepository">FileCollectionFormatter.java</a>&#160;<span class="change">(+28&#160;-28)</span>,
        <a href="http://svn.sourceforge.net/viewvc/statsvn/trunk/statsvn/src/net/sf/statcvs/renderer/HTMLTableCellRenderer.java?rev=141&amp;content-type=text/vnd.viewcvs-markup" class="webrepository">HTMLTableCellRenderer.java</a>&#160;<span class="change">(+12&#160;-12)</span>,
        <a href="http://svn.sourceforge.net/viewvc/statsvn/trunk/statsvn/src/net/sf/statcvs/renderer/LOCChart.java?rev=141&amp;content-type=text/vnd.viewcvs-markup" class="webrepository">LOCChart.java</a>&#160;<span class="change">(+18&#160;-18)</span>,
        <a href="http://svn.sourceforge.net/viewvc/statsvn/trunk/statsvn/src/net/sf/statcvs/renderer/PieChart.java?rev=141&amp;content-type=text/vnd.viewcvs-markup" class="webrepository">PieChart.java</a>&#160;<span class="change">(+14&#160;-14)</span>,
        <a href="http://svn.sourceforge.net/viewvc/statsvn/trunk/statsvn/src/net/sf/statcvs/renderer/PointXYRenderer.java?rev=141&amp;content-type=text/vnd.viewcvs-markup" class="webrepository">PointXYRenderer.java</a>&#160;<span class="change">(+1&#160;-1)</span>,
        <a href="http://svn.sourceforge.net/viewvc/statsvn/trunk/statsvn/src/net/sf/statcvs/renderer/StackedBarChart.java?rev=141&amp;content-type=text/vnd.viewcvs-markup" class="webrepository">StackedBarChart.java</a>&#160;<span class="change">(+18&#160;-18)</span>,
        <a href="http://svn.sourceforge.net/viewvc/statsvn/trunk/statsvn/src/net/sf/statcvs/renderer/SymbolicNameAnnotation.java?rev=141&amp;content-type=text/vnd.viewcvs-markup" class="webrepository">SymbolicNameAnnotation.java</a>&#160;<span class="change">(+13&#160;-11)</span>,
        <a href="http://svn.sourceforge.net/viewvc/statsvn/trunk/statsvn/src/net/sf/statcvs/renderer/TableRenderer.java?rev=141&amp;content-type=text/vnd.viewcvs-markup" class="webrepository">TableRenderer.java</a>&#160;<span class="change">(+15&#160;-15)</span>,
        <a href="http://svn.sourceforge.net/viewvc/statsvn/trunk/statsvn/src/net/sf/statcvs/renderer/TimeLineChart.java?rev=141&amp;content-type=text/vnd.viewcvs-markup" class="webrepository">TimeLineChart.java</a>&#160;<span class="change">(+13&#160;-13)</span>
      </li>
      <li>
        <strong>src/net/sf/statcvs/reportmodel</strong>:
        <a href="http://svn.sourceforge.net/viewvc/statsvn/trunk/statsvn/src/net/sf/statcvs/reportmodel/AuthorColumn.java?rev=141&amp;content-type=text/vnd.viewcvs-markup" class="webrepository">AuthorColumn.java</a>&#160;<span class="change">(+1&#160;-1)</span>,
        <a href="http://svn.sourceforge.net/viewvc/statsvn/trunk/statsvn/src/net/sf/statcvs/reportmodel/DirectoryColumn.java?rev=141&amp;content-type=text/vnd.viewcvs-markup" class="webrepository">DirectoryColumn.java</a>&#160;<span class="change">(+1&#160;-1)</span>,
        <a href="http://svn.sourceforge.net/viewvc/statsvn/trunk/statsvn/src/net/sf/statcvs/reportmodel/FileColumn.java?rev=141&amp;content-type=text/vnd.viewcvs-markup" class="webrepository">FileColumn.java</a>&#160;<span class="change">(+2&#160;-2)</span>,
        <a href="http://svn.sourceforge.net/viewvc/statsvn/trunk/statsvn/src/net/sf/statcvs/reportmodel/GenericColumn.java?rev=141&amp;content-type=text/vnd.viewcvs-markup" class="webrepository">GenericColumn.java</a>&#160;<span class="change">(+6&#160;-6)</span>,
        <a href="http://svn.sourceforge.net/viewvc/statsvn/trunk/statsvn/src/net/sf/statcvs/reportmodel/HelperTimePoint.java?rev=141&amp;content-type=text/vnd.viewcvs-markup" class="webrepository">HelperTimePoint.java</a>&#160;<span class="change">(+5&#160;-5)</span>,
        <a href="http://svn.sourceforge.net/viewvc/statsvn/trunk/statsvn/src/net/sf/statcvs/reportmodel/IntegerColumn.java?rev=141&amp;content-type=text/vnd.viewcvs-markup" class="webrepository">IntegerColumn.java</a>&#160;<span class="change">(+10&#160;-10)</span>,
        <a href="http://svn.sourceforge.net/viewvc/statsvn/trunk/statsvn/src/net/sf/statcvs/reportmodel/RatioColumn.java?rev=141&amp;content-type=text/vnd.viewcvs-markup" class="webrepository">RatioColumn.java</a>&#160;<span class="change">(+6&#160;-6)</span>,
        <a href="http://svn.sourceforge.net/viewvc/statsvn/trunk/statsvn/src/net/sf/statcvs/reportmodel/SimpleTextColumn.java?rev=141&amp;content-type=text/vnd.viewcvs-markup" class="webrepository">SimpleTextColumn.java</a>&#160;<span class="change">(+1&#160;-1)</span>,
        <a href="http://svn.sourceforge.net/viewvc/statsvn/trunk/statsvn/src/net/sf/statcvs/reportmodel/Table.java?rev=141&amp;content-type=text/vnd.viewcvs-markup" class="webrepository">Table.java</a>&#160;<span class="change">(+6&#160;-6)</span>,
        <a href="http://svn.sourceforge.net/viewvc/statsvn/trunk/statsvn/src/net/sf/statcvs/reportmodel/TimeLine.java?rev=141&amp;content-type=text/vnd.viewcvs-markup" class="webrepository">TimeLine.java</a>&#160;<span class="change">(+9&#160;-9)</span>
      </li>
      <li>
        <strong>src/net/sf/statcvs/reports</strong>:
        <a href="http://svn.sourceforge.net/viewvc/statsvn/trunk/statsvn/src/net/sf/statcvs/reports/AbstractLocTableReport.java?rev=141&amp;content-type=text/vnd.viewcvs-markup" class="webrepository">AbstractLocTableReport.java</a>&#160;<span class="change">(+15&#160;-15)</span>,
        <a href="http://svn.sourceforge.net/viewvc/statsvn/trunk/statsvn/src/net/sf/statcvs/reports/AvgFileSizeTimeLineReport.java?rev=141&amp;content-type=text/vnd.viewcvs-markup" class="webrepository">AvgFileSizeTimeLineReport.java</a>&#160;<span class="change">(+6&#160;-6)</span>,
        <a href="http://svn.sourceforge.net/viewvc/statsvn/trunk/statsvn/src/net/sf/statcvs/reports/FileCountTimeLineReport.java?rev=141&amp;content-type=text/vnd.viewcvs-markup" class="webrepository">FileCountTimeLineReport.java</a>&#160;<span class="change">(+5&#160;-5)</span>,
        <a href="http://svn.sourceforge.net/viewvc/statsvn/trunk/statsvn/src/net/sf/statcvs/reports/FilesLocComparator.java?rev=141&amp;content-type=text/vnd.viewcvs-markup" class="webrepository">FilesLocComparator.java</a>&#160;<span class="change">(+3&#160;-3)</span>,
        <a href="http://svn.sourceforge.net/viewvc/statsvn/trunk/statsvn/src/net/sf/statcvs/reports/FilesRevisionCountComparator.java?rev=141&amp;content-type=text/vnd.viewcvs-markup" class="webrepository">FilesRevisionCountComparator.java</a>&#160;<span class="change">(+5&#160;-5)</span>,
        <a href="http://svn.sourceforge.net/viewvc/statsvn/trunk/statsvn/src/net/sf/statcvs/reports/FilesWithMostRevisionsTableReport.java?rev=141&amp;content-type=text/vnd.viewcvs-markup" class="webrepository">FilesWithMostRevisionsTableReport.java</a>&#160;<span class="change">(+4&#160;-4)</span>,
        <a href="http://svn.sourceforge.net/viewvc/statsvn/trunk/statsvn/src/net/sf/statcvs/reports/LargestFilesTableReport.java?rev=141&amp;content-type=text/vnd.viewcvs-markup" class="webrepository">LargestFilesTableReport.java</a>&#160;<span class="change">(+4&#160;-4)</span>,
        <a href="http://svn.sourceforge.net/viewvc/statsvn/trunk/statsvn/src/net/sf/statcvs/reports/TopAuthorsTableReport.java?rev=141&amp;content-type=text/vnd.viewcvs-markup" class="webrepository">TopAuthorsTableReport.java</a>&#160;<span class="change">(+4&#160;-4)</span>
      </li>
      <li>
        <strong>src/net/sf/statcvs/util</strong>:
        <a href="http://svn.sourceforge.net/viewvc/statsvn/trunk/statsvn/src/net/sf/statcvs/util/ConsoleOutErrHandler.java?rev=141&amp;content-type=text/vnd.viewcvs-markup" class="webrepository">ConsoleOutErrHandler.java</a>&#160;<span class="change">(+3&#160;-3)</span>,
        <a href="http://svn.sourceforge.net/viewvc/statsvn/trunk/statsvn/src/net/sf/statcvs/util/ConsoleOutHandler.java?rev=141&amp;content-type=text/vnd.viewcvs-markup" class="webrepository">ConsoleOutHandler.java</a>&#160;<span class="change">(+1&#160;-1)</span>,
        <a href="http://svn.sourceforge.net/viewvc/statsvn/trunk/statsvn/src/net/sf/statcvs/util/FilePatternMatcher.java?rev=141&amp;content-type=text/vnd.viewcvs-markup" class="webrepository">FilePatternMatcher.java</a>&#160;<span class="change">(+13&#160;-13)</span>,
        <a href="http://svn.sourceforge.net/viewvc/statsvn/trunk/statsvn/src/net/sf/statcvs/util/FileUtils.java?rev=141&amp;content-type=text/vnd.viewcvs-markup" class="webrepository">FileUtils.java</a>&#160;<span class="change">(+31&#160;-23)</span>,
        <a href="http://svn.sourceforge.net/viewvc/statsvn/trunk/statsvn/src/net/sf/statcvs/util/FilenameComparator.java?rev=141&amp;content-type=text/vnd.viewcvs-markup" class="webrepository">FilenameComparator.java</a>&#160;<span class="change">(+3&#160;-3)</span>,
        <a href="http://svn.sourceforge.net/viewvc/statsvn/trunk/statsvn/src/net/sf/statcvs/util/IntegerMap.java?rev=141&amp;content-type=text/vnd.viewcvs-markup" class="webrepository">IntegerMap.java</a>&#160;<span class="change">(+18&#160;-18)</span>,
        <a href="http://svn.sourceforge.net/viewvc/statsvn/trunk/statsvn/src/net/sf/statcvs/util/LogFormatter.java?rev=141&amp;content-type=text/vnd.viewcvs-markup" class="webrepository">LogFormatter.java</a>&#160;<span class="change">(+7&#160;-7)</span>,
        <a href="http://svn.sourceforge.net/viewvc/statsvn/trunk/statsvn/src/net/sf/statcvs/util/OutputUtils.java?rev=141&amp;content-type=text/vnd.viewcvs-markup" class="webrepository">OutputUtils.java</a>&#160;<span class="change">(+10&#160;-8)</span>,
        <a href="http://svn.sourceforge.net/viewvc/statsvn/trunk/statsvn/src/net/sf/statcvs/util/ProcessUtils.java?rev=141&amp;content-type=text/vnd.viewcvs-markup" class="webrepository">ProcessUtils.java</a>&#160;<span class="change">(+17&#160;-10)</span>,
        <a href="http://svn.sourceforge.net/viewvc/statsvn/trunk/statsvn/src/net/sf/statcvs/util/StatSvnConstants.java?rev=141&amp;content-type=text/vnd.viewcvs-markup" class="webrepository">StatSvnConstants.java</a>&#160;<span class="new">(new)</span>,
        <a href="http://svn.sourceforge.net/viewvc/statsvn/trunk/statsvn/src/net/sf/statcvs/util/SvnCommandHelper.java?rev=141&amp;content-type=text/vnd.viewcvs-markup" class="webrepository">SvnCommandHelper.java</a>&#160;<span class="change">(+1&#160;-1)</span>,
        <a href="http://svn.sourceforge.net/viewvc/statsvn/trunk/statsvn/src/net/sf/statcvs/util/SvnDiffUtils.java?rev=141&amp;content-type=text/vnd.viewcvs-markup" class="webrepository">SvnDiffUtils.java</a>&#160;<span class="change">(+18&#160;-11)</span>,
        <a href="http://svn.sourceforge.net/viewvc/statsvn/trunk/statsvn/src/net/sf/statcvs/util/SvnInfoUtils.java?rev=141&amp;content-type=text/vnd.viewcvs-markup" class="webrepository">SvnInfoUtils.java</a>&#160;<span class="change">(+96&#160;-67)</span>,
        <a href="http://svn.sourceforge.net/viewvc/statsvn/trunk/statsvn/src/net/sf/statcvs/util/SvnPropgetUtils.java?rev=141&amp;content-type=text/vnd.viewcvs-markup" class="webrepository">SvnPropgetUtils.java</a>&#160;<span class="change">(+30&#160;-26)</span>,
        <a href="http://svn.sourceforge.net/viewvc/statsvn/trunk/statsvn/src/net/sf/statcvs/util/SvnStartupUtils.java?rev=141&amp;content-type=text/vnd.viewcvs-markup" class="webrepository">SvnStartupUtils.java</a>&#160;<span class="change">(+36&#160;-31)</span>,
        <a href="http://svn.sourceforge.net/viewvc/statsvn/trunk/statsvn/src/net/sf/statcvs/util/XMLUtil.java?rev=141&amp;content-type=text/vnd.viewcvs-markup" class="webrepository">XMLUtil.java</a>&#160;<span class="change">(+13&#160;-13)</span>
      </li>
      <li>
        <strong>tests-src/net/sf/statcvs</strong>:
        <a href="http://svn.sourceforge.net/viewvc/statsvn/trunk/statsvn/tests-src/net/sf/statcvs/AllTests.java?rev=141&amp;content-type=text/vnd.viewcvs-markup" class="webrepository">AllTests.java</a>&#160;<span class="change">(+2&#160;-2)</span>
      </li>
      <li>
        <strong>tests-src/net/sf/statcvs/input</strong>:
        <a href="http://svn.sourceforge.net/viewvc/statsvn/trunk/statsvn/tests-src/net/sf/statcvs/input/AllTests.java?rev=141&amp;content-type=text/vnd.viewcvs-markup" class="webrepository">AllTests.java</a>&#160;<span class="change">(+1&#160;-1)</span>,
        <a href="http://svn.sourceforge.net/viewvc/statsvn/trunk/statsvn/tests-src/net/sf/statcvs/input/BuilderTest.java?rev=141&amp;content-type=text/vnd.viewcvs-markup" class="webrepository">BuilderTest.java</a>&#160;<span class="change">(+33&#160;-33)</span>,
        <a href="http://svn.sourceforge.net/viewvc/statsvn/trunk/statsvn/tests-src/net/sf/statcvs/input/CommitListBuilderTest.java?rev=141&amp;content-type=text/vnd.viewcvs-markup" class="webrepository">CommitListBuilderTest.java</a>&#160;<span class="change">(+19&#160;-19)</span>,
        <a href="http://svn.sourceforge.net/viewvc/statsvn/trunk/statsvn/tests-src/net/sf/statcvs/input/DummyBuilder.java?rev=141&amp;content-type=text/vnd.viewcvs-markup" class="webrepository">DummyBuilder.java</a>&#160;<span class="change">(+10&#160;-10)</span>,
        <a href="http://svn.sourceforge.net/viewvc/statsvn/trunk/statsvn/tests-src/net/sf/statcvs/input/DummyRepositoryFileManager.java?rev=141&amp;content-type=text/vnd.viewcvs-markup" class="webrepository">DummyRepositoryFileManager.java</a>&#160;<span class="change">(+17&#160;-15)</span>,
        <a href="http://svn.sourceforge.net/viewvc/statsvn/trunk/statsvn/tests-src/net/sf/statcvs/input/FileBuilderTest.java?rev=141&amp;content-type=text/vnd.viewcvs-markup" class="webrepository">FileBuilderTest.java</a>&#160;<span class="change">(+8&#160;-8)</span>,
        <a href="http://svn.sourceforge.net/viewvc/statsvn/trunk/statsvn/tests-src/net/sf/statcvs/input/LinesOfCodeTest.java?rev=141&amp;content-type=text/vnd.viewcvs-markup" class="webrepository">LinesOfCodeTest.java</a>&#160;<span class="change">(+14&#160;-14)</span>,
        <a href="http://svn.sourceforge.net/viewvc/statsvn/trunk/statsvn/tests-src/net/sf/statcvs/input/MockLogBuilder.java?rev=141&amp;content-type=text/vnd.viewcvs-markup" class="webrepository">MockLogBuilder.java</a>&#160;<span class="change">(+17&#160;-17)</span>,
        <a href="http://svn.sourceforge.net/viewvc/statsvn/trunk/statsvn/tests-src/net/sf/statcvs/input/ParserTest.java?rev=141&amp;content-type=text/vnd.viewcvs-markup" class="webrepository">ParserTest.java</a>&#160;<span class="change">(+16&#160;-16)</span>,
        <a href="http://svn.sourceforge.net/viewvc/statsvn/trunk/statsvn/tests-src/net/sf/statcvs/input/SvnLogfileParserTest.java?rev=141&amp;content-type=text/vnd.viewcvs-markup" class="webrepository">SvnLogfileParserTest.java</a>&#160;<span class="change">(+1&#160;-1)</span>
      </li>
      <li>
        <strong>tests-src/net/sf/statcvs/model</strong>:
        <a href="http://svn.sourceforge.net/viewvc/statsvn/trunk/statsvn/tests-src/net/sf/statcvs/model/AllTests.java?rev=141&amp;content-type=text/vnd.viewcvs-markup" class="webrepository">AllTests.java</a>&#160;<span class="change">(+1&#160;-1)</span>,
        <a href="http://svn.sourceforge.net/viewvc/statsvn/trunk/statsvn/tests-src/net/sf/statcvs/model/AuthorTest.java?rev=141&amp;content-type=text/vnd.viewcvs-markup" class="webrepository">AuthorTest.java</a>&#160;<span class="change">(+30&#160;-30)</span>,
        <a href="http://svn.sourceforge.net/viewvc/statsvn/trunk/statsvn/tests-src/net/sf/statcvs/model/CommitTest.java?rev=141&amp;content-type=text/vnd.viewcvs-markup" class="webrepository">CommitTest.java</a>&#160;<span class="change">(+7&#160;-7)</span>,
        <a href="http://svn.sourceforge.net/viewvc/statsvn/trunk/statsvn/tests-src/net/sf/statcvs/model/DirectoryTest.java?rev=141&amp;content-type=text/vnd.viewcvs-markup" class="webrepository">DirectoryTest.java</a>&#160;<span class="change">(+24&#160;-24)</span>,
        <a href="http://svn.sourceforge.net/viewvc/statsvn/trunk/statsvn/tests-src/net/sf/statcvs/model/RepositoryTest.java?rev=141&amp;content-type=text/vnd.viewcvs-markup" class="webrepository">RepositoryTest.java</a>&#160;<span class="change">(+23&#160;-23)</span>,
        <a href="http://svn.sourceforge.net/viewvc/statsvn/trunk/statsvn/tests-src/net/sf/statcvs/model/RevisionTest.java?rev=141&amp;content-type=text/vnd.viewcvs-markup" class="webrepository">RevisionTest.java</a>&#160;<span class="change">(+8&#160;-8)</span>,
        <a href="http://svn.sourceforge.net/viewvc/statsvn/trunk/statsvn/tests-src/net/sf/statcvs/model/VersionedFileTest.java?rev=141&amp;content-type=text/vnd.viewcvs-markup" class="webrepository">VersionedFileTest.java</a>&#160;<span class="change">(+25&#160;-25)</span>
      </li>
      <li>
        <strong>tests-src/net/sf/statcvs/output</strong>:
        <a href="http://svn.sourceforge.net/viewvc/statsvn/trunk/statsvn/tests-src/net/sf/statcvs/output/AllTests.java?rev=141&amp;content-type=text/vnd.viewcvs-markup" class="webrepository">AllTests.java</a>&#160;<span class="change">(+1&#160;-1)</span>,
        <a href="http://svn.sourceforge.net/viewvc/statsvn/trunk/statsvn/tests-src/net/sf/statcvs/output/WebRepositoryIntegrationTest.java?rev=141&amp;content-type=text/vnd.viewcvs-markup" class="webrepository">WebRepositoryIntegrationTest.java</a>&#160;<span class="change">(+18&#160;-18)</span>
      </li>
      <li>
        <strong>tests-src/net/sf/statcvs/renderer</strong>:
        <a href="http://svn.sourceforge.net/viewvc/statsvn/trunk/statsvn/tests-src/net/sf/statcvs/renderer/AllTests.java?rev=141&amp;content-type=text/vnd.viewcvs-markup" class="webrepository">AllTests.java</a>&#160;<span class="change">(+1&#160;-1)</span>,
        <a href="http://svn.sourceforge.net/viewvc/statsvn/trunk/statsvn/tests-src/net/sf/statcvs/renderer/FileCollectionFormatterTest.java?rev=141&amp;content-type=text/vnd.viewcvs-markup" class="webrepository">FileCollectionFormatterTest.java</a>&#160;<span class="change">(+12&#160;-12)</span>
      </li>
      <li>
        <strong>tests-src/net/sf/statcvs/reportmodel</strong>:
        <a href="http://svn.sourceforge.net/viewvc/statsvn/trunk/statsvn/tests-src/net/sf/statcvs/reportmodel/AllTests.java?rev=141&amp;content-type=text/vnd.viewcvs-markup" class="webrepository">AllTests.java</a>&#160;<span class="change">(+1&#160;-1)</span>,
        <a href="http://svn.sourceforge.net/viewvc/statsvn/trunk/statsvn/tests-src/net/sf/statcvs/reportmodel/TimeLineTest.java?rev=141&amp;content-type=text/vnd.viewcvs-markup" class="webrepository">TimeLineTest.java</a>&#160;<span class="change">(+23&#160;-23)</span>
      </li>
      <li>
        <strong>tests-src/net/sf/statcvs/util</strong>:
        <a href="http://svn.sourceforge.net/viewvc/statsvn/trunk/statsvn/tests-src/net/sf/statcvs/util/AllTests.java?rev=141&amp;content-type=text/vnd.viewcvs-markup" class="webrepository">AllTests.java</a>&#160;<span class="change">(+1&#160;-1)</span>,
        <a href="http://svn.sourceforge.net/viewvc/statsvn/trunk/statsvn/tests-src/net/sf/statcvs/util/FilePatternMatcherTest.java?rev=141&amp;content-type=text/vnd.viewcvs-markup" class="webrepository">FilePatternMatcherTest.java</a>&#160;<span class="change">(+15&#160;-15)</span>,
        <a href="http://svn.sourceforge.net/viewvc/statsvn/trunk/statsvn/tests-src/net/sf/statcvs/util/FileUtilsTest.java?rev=141&amp;content-type=text/vnd.viewcvs-markup" class="webrepository">FileUtilsTest.java</a>&#160;<span class="change">(+3&#160;-3)</span>,
        <a href="http://svn.sourceforge.net/viewvc/statsvn/trunk/statsvn/tests-src/net/sf/statcvs/util/IntegerMapTest.java?rev=141&amp;content-type=text/vnd.viewcvs-markup" class="webrepository">IntegerMapTest.java</a>&#160;<span class="change">(+7&#160;-7)</span>,
        <a href="http://svn.sourceforge.net/viewvc/statsvn/trunk/statsvn/tests-src/net/sf/statcvs/util/LookaheadReaderTest.java?rev=141&amp;content-type=text/vnd.viewcvs-markup" class="webrepository">LookaheadReaderTest.java</a>&#160;<span class="change">(+3&#160;-3)</span>,
        <a href="http://svn.sourceforge.net/viewvc/statsvn/trunk/statsvn/tests-src/net/sf/statcvs/util/OutputUtilsTest.java?rev=141&amp;content-type=text/vnd.viewcvs-markup" class="webrepository">OutputUtilsTest.java</a>&#160;<span class="change">(+1&#160;-1)</span>
      </li>
    </ul>
  </dd>

  <dt>
    <a href="user_benoitx.html" class="author">benoitx</a>
    <span class="date">2006-11-17 00:58</span>
  </dt>
  <dd>
    <p class="comment">
Adding consistent style for Maven build.
    </p>
    <p class="commitdetails"><strong>150</strong> lines of code changed in:</p>
    <ul class="commitdetails">
      <li>
        <a href="http://svn.sourceforge.net/viewvc/statsvn/trunk/statsvn/project.properties.diff?r1=138&amp;r2=140" class="webrepository">project.properties</a>&#160;<span class="change">(+2)</span>
      </li>
      <li>
        <strong>.settings</strong>:
        <a href="http://svn.sourceforge.net/viewvc/statsvn/trunk/statsvn/.settings/org.eclipse.jdt.core.prefs.diff?r1=137&amp;r2=140" class="webrepository">org.eclipse.jdt.core.prefs</a>&#160;<span class="change">(+2&#160;-2)</span>
      </li>
      <li>
        <strong>site/style</strong>:
        <a href="http://svn.sourceforge.net/viewvc/statsvn/trunk/statsvn/site/style/maven-objectlabkit.css?rev=140&amp;content-type=text/vnd.viewcvs-markup" class="webrepository">maven-objectlabkit.css</a>&#160;<span class="new">(new&#160;146)</span>
      </li>
    </ul>
  </dd>

  <dt>
    <a href="user_benoitx.html" class="author">benoitx</a>
    <span class="date">2006-11-17 00:39</span>
  </dt>
  <dd>
    <p class="comment">
Replaced string concatenation with StringBuffer<br/>
Added a few final on constructor parameters.<br/>
Fixed a few FindBugs/PMD/Checkstyle.<br/>
Added a site navigation file for Maven.
    </p>
    <p class="commitdetails"><strong>1521</strong> lines of code changed in:</p>
    <ul class="commitdetails">
      <li>
        <a href="http://svn.sourceforge.net/viewvc/statsvn/trunk/statsvn/project.properties.diff?r1=137&amp;r2=138" class="webrepository">project.properties</a>&#160;<span class="change">(+2)</span>,
        <a href="http://svn.sourceforge.net/viewvc/statsvn/trunk/statsvn/qalab.xml.diff?r1=137&amp;r2=138" class="webrepository">qalab.xml</a>&#160;<span class="change">(+1000&#160;-92)</span>
      </li>
      <li>
        <strong>site</strong>:
        <a href="http://svn.sourceforge.net/viewvc/statsvn/trunk/statsvn/site/navigation.xml?rev=138&amp;content-type=text/vnd.viewcvs-markup" class="webrepository">navigation.xml</a>&#160;<span class="new">(new&#160;26)</span>
      </li>
      <li>
        <strong>src/net/sf/statcvs/input</strong>:
        <a href="http://svn.sourceforge.net/viewvc/statsvn/trunk/statsvn/src/net/sf/statcvs/input/CacheBuilder.java?rev=138&amp;content-type=text/vnd.viewcvs-markup" class="webrepository">CacheBuilder.java</a>&#160;<span class="change">(+120&#160;-83)</span>,
        <a href="http://svn.sourceforge.net/viewvc/statsvn/trunk/statsvn/src/net/sf/statcvs/input/EmptyRepositoryException.java?rev=138&amp;content-type=text/vnd.viewcvs-markup" class="webrepository">EmptyRepositoryException.java</a>&#160;<span class="change">(+1&#160;-1)</span>,
        <a href="http://svn.sourceforge.net/viewvc/statsvn/trunk/statsvn/src/net/sf/statcvs/input/FileBuilder.java?rev=138&amp;content-type=text/vnd.viewcvs-markup" class="webrepository">FileBuilder.java</a>&#160;<span class="change">(+4&#160;-7)</span>,
        <a href="http://svn.sourceforge.net/viewvc/statsvn/trunk/statsvn/src/net/sf/statcvs/input/LogSyntaxException.java?rev=138&amp;content-type=text/vnd.viewcvs-markup" class="webrepository">LogSyntaxException.java</a>&#160;<span class="change">(+1&#160;-1)</span>,
        <a href="http://svn.sourceforge.net/viewvc/statsvn/trunk/statsvn/src/net/sf/statcvs/input/NoLineCountException.java?rev=138&amp;content-type=text/vnd.viewcvs-markup" class="webrepository">NoLineCountException.java</a>&#160;<span class="change">(+1&#160;-1)</span>,
        <a href="http://svn.sourceforge.net/viewvc/statsvn/trunk/statsvn/src/net/sf/statcvs/input/RepositoryFileManager.java?rev=138&amp;content-type=text/vnd.viewcvs-markup" class="webrepository">RepositoryFileManager.java</a>&#160;<span class="change">(+1&#160;-1)</span>,
        <a href="http://svn.sourceforge.net/viewvc/statsvn/trunk/statsvn/src/net/sf/statcvs/input/RevisionData.java?rev=138&amp;content-type=text/vnd.viewcvs-markup" class="webrepository">RevisionData.java</a>&#160;<span class="change">(+3&#160;-2)</span>,
        <a href="http://svn.sourceforge.net/viewvc/statsvn/trunk/statsvn/src/net/sf/statcvs/input/SvnLogBuilder.java?rev=138&amp;content-type=text/vnd.viewcvs-markup" class="webrepository">SvnLogBuilder.java</a>&#160;<span class="change">(+6&#160;-6)</span>,
        <a href="http://svn.sourceforge.net/viewvc/statsvn/trunk/statsvn/src/net/sf/statcvs/input/SvnXmlCacheFileHandler.java?rev=138&amp;content-type=text/vnd.viewcvs-markup" class="webrepository">SvnXmlCacheFileHandler.java</a>&#160;<span class="change">(+9&#160;-6)</span>,
        <a href="http://svn.sourceforge.net/viewvc/statsvn/trunk/statsvn/src/net/sf/statcvs/input/SvnXmlLogFileHandler.java?rev=138&amp;content-type=text/vnd.viewcvs-markup" class="webrepository">SvnXmlLogFileHandler.java</a>&#160;<span class="change">(+1&#160;-1)</span>
      </li>
      <li>
        <strong>src/net/sf/statcvs/model</strong>:
        <a href="http://svn.sourceforge.net/viewvc/statsvn/trunk/statsvn/src/net/sf/statcvs/model/Repository.java?rev=138&amp;content-type=text/vnd.viewcvs-markup" class="webrepository">Repository.java</a>&#160;<span class="change">(+3&#160;-3)</span>
      </li>
      <li>
        <strong>src/net/sf/statcvs/output</strong>:
        <a href="http://svn.sourceforge.net/viewvc/statsvn/trunk/statsvn/src/net/sf/statcvs/output/AuthorPage.java?rev=138&amp;content-type=text/vnd.viewcvs-markup" class="webrepository">AuthorPage.java</a>&#160;<span class="change">(+23&#160;-23)</span>,
        <a href="http://svn.sourceforge.net/viewvc/statsvn/trunk/statsvn/src/net/sf/statcvs/output/CPAPage.java?rev=138&amp;content-type=text/vnd.viewcvs-markup" class="webrepository">CPAPage.java</a>&#160;<span class="change">(+6&#160;-6)</span>,
        <a href="http://svn.sourceforge.net/viewvc/statsvn/trunk/statsvn/src/net/sf/statcvs/output/ConfigurationOptions.java?rev=138&amp;content-type=text/vnd.viewcvs-markup" class="webrepository">ConfigurationOptions.java</a>&#160;<span class="change">(+3&#160;-3)</span>,
        <a href="http://svn.sourceforge.net/viewvc/statsvn/trunk/statsvn/src/net/sf/statcvs/output/FileSizesPage.java?rev=138&amp;content-type=text/vnd.viewcvs-markup" class="webrepository">FileSizesPage.java</a>&#160;<span class="change">(+14&#160;-14)</span>,
        <a href="http://svn.sourceforge.net/viewvc/statsvn/trunk/statsvn/src/net/sf/statcvs/output/HTMLOutput.java?rev=138&amp;content-type=text/vnd.viewcvs-markup" class="webrepository">HTMLOutput.java</a>&#160;<span class="change">(+1&#160;-1)</span>,
        <a href="http://svn.sourceforge.net/viewvc/statsvn/trunk/statsvn/src/net/sf/statcvs/output/HTMLPage.java?rev=138&amp;content-type=text/vnd.viewcvs-markup" class="webrepository">HTMLPage.java</a>&#160;<span class="change">(+12&#160;-12)</span>,
        <a href="http://svn.sourceforge.net/viewvc/statsvn/trunk/statsvn/src/net/sf/statcvs/output/HTMLTagger.java?rev=138&amp;content-type=text/vnd.viewcvs-markup" class="webrepository">HTMLTagger.java</a>&#160;<span class="change">(+11&#160;-9)</span>,
        <a href="http://svn.sourceforge.net/viewvc/statsvn/trunk/statsvn/src/net/sf/statcvs/output/IndexPage.java?rev=138&amp;content-type=text/vnd.viewcvs-markup" class="webrepository">IndexPage.java</a>&#160;<span class="change">(+14&#160;-14)</span>,
        <a href="http://svn.sourceforge.net/viewvc/statsvn/trunk/statsvn/src/net/sf/statcvs/output/LOCPage.java?rev=138&amp;content-type=text/vnd.viewcvs-markup" class="webrepository">LOCPage.java</a>&#160;<span class="change">(+6&#160;-7)</span>,
        <a href="http://svn.sourceforge.net/viewvc/statsvn/trunk/statsvn/src/net/sf/statcvs/output/ModulePage.java?rev=138&amp;content-type=text/vnd.viewcvs-markup" class="webrepository">ModulePage.java</a>&#160;<span class="change">(+17&#160;-17)</span>,
        <a href="http://svn.sourceforge.net/viewvc/statsvn/trunk/statsvn/src/net/sf/statcvs/output/NoFilesPage.java?rev=138&amp;content-type=text/vnd.viewcvs-markup" class="webrepository">NoFilesPage.java</a>&#160;<span class="change">(+1&#160;-1)</span>,
        <a href="http://svn.sourceforge.net/viewvc/statsvn/trunk/statsvn/src/net/sf/statcvs/output/OutputRenderer.java?rev=138&amp;content-type=text/vnd.viewcvs-markup" class="webrepository">OutputRenderer.java</a>&#160;<span class="change">(+14&#160;-15)</span>,
        <a href="http://svn.sourceforge.net/viewvc/statsvn/trunk/statsvn/src/net/sf/statcvs/output/UrlCssHandler.java?rev=138&amp;content-type=text/vnd.viewcvs-markup" class="webrepository">UrlCssHandler.java</a>&#160;<span class="change">(+1&#160;-1)</span>,
        <a href="http://svn.sourceforge.net/viewvc/statsvn/trunk/statsvn/src/net/sf/statcvs/output/ViewVcIntegration.java?rev=138&amp;content-type=text/vnd.viewcvs-markup" class="webrepository">ViewVcIntegration.java</a>&#160;<span class="change">(+8&#160;-7)</span>,
        <a href="http://svn.sourceforge.net/viewvc/statsvn/trunk/statsvn/src/net/sf/statcvs/output/WebRepositoryIntegration.java?rev=138&amp;content-type=text/vnd.viewcvs-markup" class="webrepository">WebRepositoryIntegration.java</a>&#160;<span class="change">(+1&#160;-1)</span>,
        <a href="http://svn.sourceforge.net/viewvc/statsvn/trunk/statsvn/src/net/sf/statcvs/output/XDocOutput.java?rev=138&amp;content-type=text/vnd.viewcvs-markup" class="webrepository">XDocOutput.java</a>&#160;<span class="change">(+1&#160;-1)</span>
      </li>
      <li>
        <strong>src/net/sf/statcvs/renderer</strong>:
        <a href="http://svn.sourceforge.net/viewvc/statsvn/trunk/statsvn/src/net/sf/statcvs/renderer/BarChart.java?rev=138&amp;content-type=text/vnd.viewcvs-markup" class="webrepository">BarChart.java</a>&#160;<span class="change">(+5&#160;-5)</span>,
        <a href="http://svn.sourceforge.net/viewvc/statsvn/trunk/statsvn/src/net/sf/statcvs/renderer/Chart.java?rev=138&amp;content-type=text/vnd.viewcvs-markup" class="webrepository">Chart.java</a>&#160;<span class="change">(+2&#160;-2)</span>,
        <a href="http://svn.sourceforge.net/viewvc/statsvn/trunk/statsvn/src/net/sf/statcvs/renderer/CombinedCommitScatterChart.java?rev=138&amp;content-type=text/vnd.viewcvs-markup" class="webrepository">CombinedCommitScatterChart.java</a>&#160;<span class="change">(+2&#160;-2)</span>,
        <a href="http://svn.sourceforge.net/viewvc/statsvn/trunk/statsvn/src/net/sf/statcvs/renderer/CommitLogRenderer.java?rev=138&amp;content-type=text/vnd.viewcvs-markup" class="webrepository">CommitLogRenderer.java</a>&#160;<span class="change">(+68&#160;-69)</span>,
        <a href="http://svn.sourceforge.net/viewvc/statsvn/trunk/statsvn/src/net/sf/statcvs/renderer/FileCollectionFormatter.java?rev=138&amp;content-type=text/vnd.viewcvs-markup" class="webrepository">FileCollectionFormatter.java</a>&#160;<span class="change">(+1&#160;-1)</span>,
        <a href="http://svn.sourceforge.net/viewvc/statsvn/trunk/statsvn/src/net/sf/statcvs/renderer/LOCChart.java?rev=138&amp;content-type=text/vnd.viewcvs-markup" class="webrepository">LOCChart.java</a>&#160;<span class="change">(+4&#160;-4)</span>,
        <a href="http://svn.sourceforge.net/viewvc/statsvn/trunk/statsvn/src/net/sf/statcvs/renderer/PieChart.java?rev=138&amp;content-type=text/vnd.viewcvs-markup" class="webrepository">PieChart.java</a>&#160;<span class="change">(+5&#160;-5)</span>,
        <a href="http://svn.sourceforge.net/viewvc/statsvn/trunk/statsvn/src/net/sf/statcvs/renderer/PointXYRenderer.java?rev=138&amp;content-type=text/vnd.viewcvs-markup" class="webrepository">PointXYRenderer.java</a>&#160;<span class="change">(+1&#160;-1)</span>,
        <a href="http://svn.sourceforge.net/viewvc/statsvn/trunk/statsvn/src/net/sf/statcvs/renderer/SymbolicNameAnnotation.java?rev=138&amp;content-type=text/vnd.viewcvs-markup" class="webrepository">SymbolicNameAnnotation.java</a>&#160;<span class="change">(+1&#160;-2)</span>,
        <a href="http://svn.sourceforge.net/viewvc/statsvn/trunk/statsvn/src/net/sf/statcvs/renderer/TableRenderer.java?rev=138&amp;content-type=text/vnd.viewcvs-markup" class="webrepository">TableRenderer.java</a>&#160;<span class="change">(+34&#160;-33)</span>,
        <a href="http://svn.sourceforge.net/viewvc/statsvn/trunk/statsvn/src/net/sf/statcvs/renderer/TimeLineChart.java?rev=138&amp;content-type=text/vnd.viewcvs-markup" class="webrepository">TimeLineChart.java</a>&#160;<span class="change">(+2&#160;-2)</span>
      </li>
      <li>
        <strong>src/net/sf/statcvs/reportmodel</strong>:
        <a href="http://svn.sourceforge.net/viewvc/statsvn/trunk/statsvn/src/net/sf/statcvs/reportmodel/GenericColumn.java?rev=138&amp;content-type=text/vnd.viewcvs-markup" class="webrepository">GenericColumn.java</a>&#160;<span class="change">(+1&#160;-1)</span>,
        <a href="http://svn.sourceforge.net/viewvc/statsvn/trunk/statsvn/src/net/sf/statcvs/reportmodel/HelperTimePoint.java?rev=138&amp;content-type=text/vnd.viewcvs-markup" class="webrepository">HelperTimePoint.java</a>&#160;<span class="change">(+2&#160;-2)</span>,
        <a href="http://svn.sourceforge.net/viewvc/statsvn/trunk/statsvn/src/net/sf/statcvs/reportmodel/IntegerColumn.java?rev=138&amp;content-type=text/vnd.viewcvs-markup" class="webrepository">IntegerColumn.java</a>&#160;<span class="change">(+1&#160;-1)</span>,
        <a href="http://svn.sourceforge.net/viewvc/statsvn/trunk/statsvn/src/net/sf/statcvs/reportmodel/RatioColumn.java?rev=138&amp;content-type=text/vnd.viewcvs-markup" class="webrepository">RatioColumn.java</a>&#160;<span class="change">(+1&#160;-1)</span>,
        <a href="http://svn.sourceforge.net/viewvc/statsvn/trunk/statsvn/src/net/sf/statcvs/reportmodel/SimpleTextColumn.java?rev=138&amp;content-type=text/vnd.viewcvs-markup" class="webrepository">SimpleTextColumn.java</a>&#160;<span class="change">(+1&#160;-1)</span>,
        <a href="http://svn.sourceforge.net/viewvc/statsvn/trunk/statsvn/src/net/sf/statcvs/reportmodel/Table.java?rev=138&amp;content-type=text/vnd.viewcvs-markup" class="webrepository">Table.java</a>&#160;<span class="change">(+1&#160;-1)</span>,
        <a href="http://svn.sourceforge.net/viewvc/statsvn/trunk/statsvn/src/net/sf/statcvs/reportmodel/TimeLine.java?rev=138&amp;content-type=text/vnd.viewcvs-markup" class="webrepository">TimeLine.java</a>&#160;<span class="change">(+1&#160;-1)</span>,
        <a href="http://svn.sourceforge.net/viewvc/statsvn/trunk/statsvn/src/net/sf/statcvs/reportmodel/TimePoint.java?rev=138&amp;content-type=text/vnd.viewcvs-markup" class="webrepository">TimePoint.java</a>&#160;<span class="change">(+1&#160;-1)</span>
      </li>
      <li>
        <strong>src/net/sf/statcvs/reports</strong>:
        <a href="http://svn.sourceforge.net/viewvc/statsvn/trunk/statsvn/src/net/sf/statcvs/reports/AbstractLocTableReport.java?rev=138&amp;content-type=text/vnd.viewcvs-markup" class="webrepository">AbstractLocTableReport.java</a>&#160;<span class="change">(+1&#160;-1)</span>,
        <a href="http://svn.sourceforge.net/viewvc/statsvn/trunk/statsvn/src/net/sf/statcvs/reports/AuthorsForDirectoryTableReport.java?rev=138&amp;content-type=text/vnd.viewcvs-markup" class="webrepository">AuthorsForDirectoryTableReport.java</a>&#160;<span class="change">(+2&#160;-2)</span>,
        <a href="http://svn.sourceforge.net/viewvc/statsvn/trunk/statsvn/src/net/sf/statcvs/reports/AuthorsTableReport.java?rev=138&amp;content-type=text/vnd.viewcvs-markup" class="webrepository">AuthorsTableReport.java</a>&#160;<span class="change">(+1&#160;-1)</span>,
        <a href="http://svn.sourceforge.net/viewvc/statsvn/trunk/statsvn/src/net/sf/statcvs/reports/AvgFileSizeTimeLineReport.java?rev=138&amp;content-type=text/vnd.viewcvs-markup" class="webrepository">AvgFileSizeTimeLineReport.java</a>&#160;<span class="change">(+1&#160;-1)</span>,
        <a href="http://svn.sourceforge.net/viewvc/statsvn/trunk/statsvn/src/net/sf/statcvs/reports/DirectoriesForAuthorTableReport.java?rev=138&amp;content-type=text/vnd.viewcvs-markup" class="webrepository">DirectoriesForAuthorTableReport.java</a>&#160;<span class="change">(+2&#160;-2)</span>,
        <a href="http://svn.sourceforge.net/viewvc/statsvn/trunk/statsvn/src/net/sf/statcvs/reports/DirectoriesTableReport.java?rev=138&amp;content-type=text/vnd.viewcvs-markup" class="webrepository">DirectoriesTableReport.java</a>&#160;<span class="change">(+1&#160;-1)</span>,
        <a href="http://svn.sourceforge.net/viewvc/statsvn/trunk/statsvn/src/net/sf/statcvs/reports/FileCountTimeLineReport.java?rev=138&amp;content-type=text/vnd.viewcvs-markup" class="webrepository">FileCountTimeLineReport.java</a>&#160;<span class="change">(+1&#160;-1)</span>,
        <a href="http://svn.sourceforge.net/viewvc/statsvn/trunk/statsvn/src/net/sf/statcvs/reports/FilesWithMostRevisionsTableReport.java?rev=138&amp;content-type=text/vnd.viewcvs-markup" class="webrepository">FilesWithMostRevisionsTableReport.java</a>&#160;<span class="change">(+1&#160;-1)</span>,
        <a href="http://svn.sourceforge.net/viewvc/statsvn/trunk/statsvn/src/net/sf/statcvs/reports/LargestFilesTableReport.java?rev=138&amp;content-type=text/vnd.viewcvs-markup" class="webrepository">LargestFilesTableReport.java</a>&#160;<span class="change">(+1&#160;-1)</span>,
        <a href="http://svn.sourceforge.net/viewvc/statsvn/trunk/statsvn/src/net/sf/statcvs/reports/TopAuthorsTableReport.java?rev=138&amp;content-type=text/vnd.viewcvs-markup" class="webrepository">TopAuthorsTableReport.java</a>&#160;<span class="change">(+1&#160;-1)</span>
      </li>
      <li>
        <strong>src/net/sf/statcvs/util</strong>:
        <a href="http://svn.sourceforge.net/viewvc/statsvn/trunk/statsvn/src/net/sf/statcvs/util/FilePatternMatcher.java?rev=138&amp;content-type=text/vnd.viewcvs-markup" class="webrepository">FilePatternMatcher.java</a>&#160;<span class="change">(+1&#160;-1)</span>,
        <a href="http://svn.sourceforge.net/viewvc/statsvn/trunk/statsvn/src/net/sf/statcvs/util/FileUtils.java?rev=138&amp;content-type=text/vnd.viewcvs-markup" class="webrepository">FileUtils.java</a>&#160;<span class="change">(+2&#160;-2)</span>,
        <a href="http://svn.sourceforge.net/viewvc/statsvn/trunk/statsvn/src/net/sf/statcvs/util/FilenameComparator.java?rev=138&amp;content-type=text/vnd.viewcvs-markup" class="webrepository">FilenameComparator.java</a>&#160;<span class="change">(+2&#160;-3)</span>,
        <a href="http://svn.sourceforge.net/viewvc/statsvn/trunk/statsvn/src/net/sf/statcvs/util/IntegerMap.java?rev=138&amp;content-type=text/vnd.viewcvs-markup" class="webrepository">IntegerMap.java</a>&#160;<span class="change">(+1&#160;-1)</span>,
        <a href="http://svn.sourceforge.net/viewvc/statsvn/trunk/statsvn/src/net/sf/statcvs/util/LookaheadReader.java?rev=138&amp;content-type=text/vnd.viewcvs-markup" class="webrepository">LookaheadReader.java</a>&#160;<span class="change">(+1&#160;-1)</span>,
        <a href="http://svn.sourceforge.net/viewvc/statsvn/trunk/statsvn/src/net/sf/statcvs/util/OutputUtils.java?rev=138&amp;content-type=text/vnd.viewcvs-markup" class="webrepository">OutputUtils.java</a>&#160;<span class="change">(+7&#160;-1)</span>,
        <a href="http://svn.sourceforge.net/viewvc/statsvn/trunk/statsvn/src/net/sf/statcvs/util/SvnCommandHelper.java?rev=138&amp;content-type=text/vnd.viewcvs-markup" class="webrepository">SvnCommandHelper.java</a>&#160;<span class="change">(+8&#160;-6)</span>,
        <a href="http://svn.sourceforge.net/viewvc/statsvn/trunk/statsvn/src/net/sf/statcvs/util/SvnDiffUtils.java?rev=138&amp;content-type=text/vnd.viewcvs-markup" class="webrepository">SvnDiffUtils.java</a>&#160;<span class="change">(+11&#160;-8)</span>,
        <a href="http://svn.sourceforge.net/viewvc/statsvn/trunk/statsvn/src/net/sf/statcvs/util/SvnInfoUtils.java?rev=138&amp;content-type=text/vnd.viewcvs-markup" class="webrepository">SvnInfoUtils.java</a>&#160;<span class="change">(-1)</span>,
        <a href="http://svn.sourceforge.net/viewvc/statsvn/trunk/statsvn/src/net/sf/statcvs/util/SvnPropgetUtils.java?rev=138&amp;content-type=text/vnd.viewcvs-markup" class="webrepository">SvnPropgetUtils.java</a>&#160;<span class="change">(+9&#160;-2)</span>,
        <a href="http://svn.sourceforge.net/viewvc/statsvn/trunk/statsvn/src/net/sf/statcvs/util/SvnStartupUtils.java?rev=138&amp;content-type=text/vnd.viewcvs-markup" class="webrepository">SvnStartupUtils.java</a>&#160;<span class="change">(+9&#160;-2)</span>,
        <a href="http://svn.sourceforge.net/viewvc/statsvn/trunk/statsvn/src/net/sf/statcvs/util/SvnVersionMismatchException.java?rev=138&amp;content-type=text/vnd.viewcvs-markup" class="webrepository">SvnVersionMismatchException.java</a>&#160;<span class="change">(+4&#160;-3)</span>,
        <a href="http://svn.sourceforge.net/viewvc/statsvn/trunk/statsvn/src/net/sf/statcvs/util/XMLUtil.java?rev=138&amp;content-type=text/vnd.viewcvs-markup" class="webrepository">XMLUtil.java</a>&#160;<span class="change">(+9&#160;-2)</span>
      </li>
    </ul>
  </dd>

  <dt>
    <a href="user_benoitx.html" class="author">benoitx</a>
    <span class="date">2006-11-16 11:10</span>
  </dt>
  <dd>
    <p class="comment">
First cut for the refactored html/xdoc generation.<br/>
Use the new command line parameter -format xdoc|html (html by default).<br/>
When xdoc is used and NO css is provided, it will use the objectlab-statcvs-xdoc.css which is now part of StatSvn.<br/>
This checkin also resurrect the Maven build.
    </p>
    <p class="commitdetails"><strong>1220</strong> lines of code changed in:</p>
    <ul class="commitdetails">
      <li>
        <a href="http://svn.sourceforge.net/viewvc/statsvn/trunk/statsvn/project.properties.diff?r1=135&amp;r2=137" class="webrepository">project.properties</a>&#160;<span class="change">(+7&#160;-1)</span>,
        <a href="http://svn.sourceforge.net/viewvc/statsvn/trunk/statsvn/qalab.xml.diff?r1=134&amp;r2=137" class="webrepository">qalab.xml</a>&#160;<span class="change">(+439&#160;-941)</span>
      </li>
      <li>
        <strong>.settings</strong>:
        <a href="http://svn.sourceforge.net/viewvc/statsvn/trunk/statsvn/.settings/org.eclipse.jdt.core.prefs.diff?r1=120&amp;r2=137" class="webrepository">org.eclipse.jdt.core.prefs</a>&#160;<span class="change">(+247&#160;-1)</span>,
        <a href="http://svn.sourceforge.net/viewvc/statsvn/trunk/statsvn/.settings/org.eclipse.jdt.ui.prefs.diff?r1=120&amp;r2=137" class="webrepository">org.eclipse.jdt.ui.prefs</a>&#160;<span class="change">(+3&#160;-1)</span>
      </li>
      <li>
        <strong>src/net/sf/statcvs</strong>:
        <a href="http://svn.sourceforge.net/viewvc/statsvn/trunk/statsvn/src/net/sf/statcvs/Main.java?rev=137&amp;content-type=text/vnd.viewcvs-markup" class="webrepository">Main.java</a>&#160;<span class="change">(+19&#160;-13)</span>
      </li>
      <li>
        <strong>src/net/sf/statcvs/output</strong>:
        <a href="http://svn.sourceforge.net/viewvc/statsvn/trunk/statsvn/src/net/sf/statcvs/output/AuthorPage.java?rev=137&amp;content-type=text/vnd.viewcvs-markup" class="webrepository">AuthorPage.java</a>&#160;<span class="change">(+15&#160;-10)</span>,
        <a href="http://svn.sourceforge.net/viewvc/statsvn/trunk/statsvn/src/net/sf/statcvs/output/CPAPage.java?rev=137&amp;content-type=text/vnd.viewcvs-markup" class="webrepository">CPAPage.java</a>&#160;<span class="change">(+11&#160;-8)</span>,
        <a href="http://svn.sourceforge.net/viewvc/statsvn/trunk/statsvn/src/net/sf/statcvs/output/CommandLineParser.java?rev=137&amp;content-type=text/vnd.viewcvs-markup" class="webrepository">CommandLineParser.java</a>&#160;<span class="change">(+20&#160;-5)</span>,
        <a href="http://svn.sourceforge.net/viewvc/statsvn/trunk/statsvn/src/net/sf/statcvs/output/CommitLogPage.java?rev=137&amp;content-type=text/vnd.viewcvs-markup" class="webrepository">CommitLogPage.java</a>&#160;<span class="change">(+4&#160;-4)</span>,
        <a href="http://svn.sourceforge.net/viewvc/statsvn/trunk/statsvn/src/net/sf/statcvs/output/ConfigurationOptions.java?rev=137&amp;content-type=text/vnd.viewcvs-markup" class="webrepository">ConfigurationOptions.java</a>&#160;<span class="change">(+15)</span>,
        <a href="http://svn.sourceforge.net/viewvc/statsvn/trunk/statsvn/src/net/sf/statcvs/output/DirectorySizesPage.java?rev=137&amp;content-type=text/vnd.viewcvs-markup" class="webrepository">DirectorySizesPage.java</a>&#160;<span class="change">(+4&#160;-4)</span>,
        <a href="http://svn.sourceforge.net/viewvc/statsvn/trunk/statsvn/src/net/sf/statcvs/output/FileSizesPage.java?rev=137&amp;content-type=text/vnd.viewcvs-markup" class="webrepository">FileSizesPage.java</a>&#160;<span class="change">(+13&#160;-9)</span>,
        <a href="http://svn.sourceforge.net/viewvc/statsvn/trunk/statsvn/src/net/sf/statcvs/output/HTMLOutput.java?rev=137&amp;content-type=text/vnd.viewcvs-markup" class="webrepository">HTMLOutput.java</a>&#160;<span class="change">(+265&#160;-125)</span>,
        <a href="http://svn.sourceforge.net/viewvc/statsvn/trunk/statsvn/src/net/sf/statcvs/output/HTMLPage.java?rev=137&amp;content-type=text/vnd.viewcvs-markup" class="webrepository">HTMLPage.java</a>&#160;<span class="change">(+48&#160;-31)</span>,
        <a href="http://svn.sourceforge.net/viewvc/statsvn/trunk/statsvn/src/net/sf/statcvs/output/HTMLTagger.java?rev=137&amp;content-type=text/vnd.viewcvs-markup" class="webrepository">HTMLTagger.java</a>&#160;<span class="change">(+4&#160;-4)</span>,
        <a href="http://svn.sourceforge.net/viewvc/statsvn/trunk/statsvn/src/net/sf/statcvs/output/IndexPage.java?rev=137&amp;content-type=text/vnd.viewcvs-markup" class="webrepository">IndexPage.java</a>&#160;<span class="change">(+13&#160;-10)</span>,
        <a href="http://svn.sourceforge.net/viewvc/statsvn/trunk/statsvn/src/net/sf/statcvs/output/LOCPage.java?rev=137&amp;content-type=text/vnd.viewcvs-markup" class="webrepository">LOCPage.java</a>&#160;<span class="change">(+3&#160;-3)</span>,
        <a href="http://svn.sourceforge.net/viewvc/statsvn/trunk/statsvn/src/net/sf/statcvs/output/ModulePage.java?rev=137&amp;content-type=text/vnd.viewcvs-markup" class="webrepository">ModulePage.java</a>&#160;<span class="change">(+14&#160;-10)</span>,
        <a href="http://svn.sourceforge.net/viewvc/statsvn/trunk/statsvn/src/net/sf/statcvs/output/NoFilesPage.java?rev=137&amp;content-type=text/vnd.viewcvs-markup" class="webrepository">NoFilesPage.java</a>&#160;<span class="change">(+3&#160;-3)</span>,
        <a href="http://svn.sourceforge.net/viewvc/statsvn/trunk/statsvn/src/net/sf/statcvs/output/OutputRenderer.java?rev=137&amp;content-type=text/vnd.viewcvs-markup" class="webrepository">OutputRenderer.java</a>&#160;<span class="new">(new&#160;15)</span>,
        <a href="http://svn.sourceforge.net/viewvc/statsvn/trunk/statsvn/src/net/sf/statcvs/output/XDocOutput.java?rev=137&amp;content-type=text/vnd.viewcvs-markup" class="webrepository">XDocOutput.java</a>&#160;<span class="new">(new&#160;1)</span>
      </li>
      <li>
        <strong>src/net/sf/statcvs/renderer</strong>:
        <a href="http://svn.sourceforge.net/viewvc/statsvn/trunk/statsvn/src/net/sf/statcvs/renderer/CommitLogRenderer.java?rev=137&amp;content-type=text/vnd.viewcvs-markup" class="webrepository">CommitLogRenderer.java</a>&#160;<span class="change">(+23&#160;-22)</span>,
        <a href="http://svn.sourceforge.net/viewvc/statsvn/trunk/statsvn/src/net/sf/statcvs/renderer/HTMLTableCellRenderer.java?rev=137&amp;content-type=text/vnd.viewcvs-markup" class="webrepository">HTMLTableCellRenderer.java</a>&#160;<span class="change">(+27&#160;-2)</span>,
        <a href="http://svn.sourceforge.net/viewvc/statsvn/trunk/statsvn/src/net/sf/statcvs/renderer/TableRenderer.java?rev=137&amp;content-type=text/vnd.viewcvs-markup" class="webrepository">TableRenderer.java</a>&#160;<span class="change">(+6&#160;-4)</span>
      </li>
      <li>
        <strong>src/net/sf/statcvs/web-files</strong>:
        <a href="http://svn.sourceforge.net/viewvc/statsvn/trunk/statsvn/src/net/sf/statcvs/web-files/objectlab-statcvs-xdoc.css?rev=137&amp;content-type=text/vnd.viewcvs-markup" class="webrepository">objectlab-statcvs-xdoc.css</a>&#160;<span class="new">(new)</span>,
        <a href="http://svn.sourceforge.net/viewvc/statsvn/trunk/statsvn/src/net/sf/statcvs/web-files/objectlab-statcvs.css?rev=137&amp;content-type=text/vnd.viewcvs-markup" class="webrepository">objectlab-statcvs.css</a>&#160;<span class="new">(new)</span>
      </li>
      <li>
        <strong>tests-src/net/sf/statcvs/input</strong>:
        <a href="http://svn.sourceforge.net/viewvc/statsvn/trunk/statsvn/tests-src/net/sf/statcvs/input/SvnLogfileParserTest.java?rev=137&amp;content-type=text/vnd.viewcvs-markup" class="webrepository">SvnLogfileParserTest.java</a>&#160;<span class="change">(+1&#160;-1)</span>
      </li>
    </ul>
  </dd>

  <dt>
    <a href="user_benoitx.html" class="author">benoitx</a>
    <span class="date">2006-11-15 22:58</span>
  </dt>
  <dd>
    <p class="comment">
restrict the tests to the ones run by AllTests in ant.
    </p>
    <p class="commitdetails"><strong>19</strong> lines of code changed in:</p>
    <ul class="commitdetails">
      <li>
        <a href="http://svn.sourceforge.net/viewvc/statsvn/trunk/statsvn/project.xml.diff?r1=134&amp;r2=136" class="webrepository">project.xml</a>&#160;<span class="change">(+19&#160;-14)</span>
      </li>
    </ul>
  </dd>

  <dt>
    <a href="user_benoitx.html" class="author">benoitx</a>
    <span class="date">2006-11-15 20:10</span>
  </dt>
  <dd>
    <p class="comment">
Change the date format.
    </p>
    <p class="commitdetails"><strong>3</strong> lines of code changed in:</p>
    <ul class="commitdetails">
      <li>
        <a href="http://svn.sourceforge.net/viewvc/statsvn/trunk/statsvn/project.properties.diff?r1=132&amp;r2=135" class="webrepository">project.properties</a>&#160;<span class="change">(+3&#160;-1)</span>
      </li>
    </ul>
  </dd>

  <dt>
    <a href="user_benoitx.html" class="author">benoitx</a>
    <span class="date">2006-11-15 18:05</span>
  </dt>
  <dd>
    <p class="comment">
Resurrect the Maven build. Added qalab to it... of course!
    </p>
    <p class="commitdetails"><strong>2355</strong> lines of code changed in:</p>
    <ul class="commitdetails">
      <li>
        <a href="http://svn.sourceforge.net/viewvc/statsvn/trunk/statsvn/maven.xml.diff?r1=5&amp;r2=134" class="webrepository">maven.xml</a>&#160;<span class="change">(+31&#160;-34)</span>,
        <a href="http://svn.sourceforge.net/viewvc/statsvn/trunk/statsvn/project.xml.diff?r1=121&amp;r2=134" class="webrepository">project.xml</a>&#160;<span class="change">(+175&#160;-139)</span>,
        <a href="http://svn.sourceforge.net/viewvc/statsvn/trunk/statsvn/qalab.xml?rev=134&amp;content-type=text/vnd.viewcvs-markup" class="webrepository">qalab.xml</a>&#160;<span class="new">(new&#160;2149)</span>
      </li>
    </ul>
  </dd>

  <dt>
    <a href="user_benoitx.html" class="author">benoitx</a>
    <span class="date">2006-11-15 09:55</span>
  </dt>
  <dd>
    <p class="comment">
Fixed the test case (xhtml output)
    </p>
    <p class="commitdetails"><strong>2</strong> lines of code changed in:</p>
    <ul class="commitdetails">
      <li>
        <strong>tests-src/net/sf/statcvs/util</strong>:
        <a href="http://svn.sourceforge.net/viewvc/statsvn/trunk/statsvn/tests-src/net/sf/statcvs/util/OutputUtilsTest.java?rev=133&amp;content-type=text/vnd.viewcvs-markup" class="webrepository">OutputUtilsTest.java</a>&#160;<span class="change">(+2&#160;-2)</span>
      </li>
    </ul>
  </dd>

  <dt>
    <a href="user_benoitx.html" class="author">benoitx</a>
    <span class="date">2006-11-15 09:42</span>
  </dt>
  <dd>
    <p class="comment">
Well, I had to test if I really have commit rights.. ;-)
    </p>
    <p class="commitdetails"><strong>10</strong> lines of code changed in:</p>
    <ul class="commitdetails">
      <li>
        <a href="http://svn.sourceforge.net/viewvc/statsvn/trunk/statsvn/project.properties.diff?r1=131&amp;r2=132" class="webrepository">project.properties</a>&#160;<span class="change">(+10&#160;-1)</span>
      </li>
    </ul>
  </dd>

</dl>

</subsection><div id="generatedby"><p>Generated by <a href="http://www.statsvn.org">StatSVN</a> v0.1.4</p>
</div>
</section></body>
</document>