<?xml version="1.0" encoding="US-ASCII"?>
<document xmlns:lxslt="http://xml.apache.org/xslt">
<properties><title>User statistics for gunterm</title></properties>
<head>
    <meta http-equiv="Content-Type" content="text/html; charset=ISO-8859-1"/>
    <meta name="Generator" content="StatSVN v0.1.4"/>
    <link rel="stylesheet" href="objectlab-statcvs-xdoc.css" type="text/css"/>
  </head>

<body><section name="User statistics for gunterm">
<p><a href="index.html">back to main page</a></p>
<p class="summaryperiod">
  Summary Period:
  <span class="date">2006-02-21</span> to
  <span class="date">2006-04-13</span></p>

<subsection name ="Total Changes">
<p>158 (18.0%)</p>
</subsection>
<subsection name ="Lines of Code">
<p>3576 (14.2%)</p>
</subsection>
<subsection name ="Modules">
<p><img src="module_sizes_gunterm.png" width="640" height="480" alt=""/></p>
  <table  class="statCvsTable" rules="groups" summary="Overview of this author's activities in different directories">
    <colgroup align="left"/>
    <colgroup align="right"/>
    <colgroup align="right"/>
    <colgroup align="right"/>
    <thead>
      <tr>
        <th>Directory</th>
        <th>Changes</th>
        <th>Lines of Code</th>
        <th>Lines per Change</th>
      </tr>
    </thead>
    <tfoot>
      <tr>
        <th>Totals</th>
        <td>158 (100.0%)</td>
        <td>3576 (100.0%)</td>
        <td>22.6</td>
      </tr>
    </tfoot>
    <tbody>
      <tr  class="odd">
        <th><a href="module_src_net_sf_statcvs_input.html" class="directory">src/net/sf/statcvs/input/</a></th>
        <td>68 (43.0%)</td>
        <td>2566 (71.8%)</td>
        <td>37.7</td>
      </tr>
      <tr  class="even">
        <th><a href="module_src_net_sf_statcvs_util.html" class="directory">src/net/sf/statcvs/util/</a></th>
        <td>7 (4.4%)</td>
        <td>271 (7.6%)</td>
        <td>38.7</td>
      </tr>
      <tr  class="odd">
        <th><a href="module_src_net_sf_statcvs_output.html" class="directory">src/net/sf/statcvs/output/</a></th>
        <td>24 (15.2%)</td>
        <td>167 (4.7%)</td>
        <td>6.9</td>
      </tr>
      <tr  class="even">
        <th><a href="module_tests-src_net_sf_statcvs_input.html" class="directory">tests-src/net/sf/statcvs/input/</a></th>
        <td>9 (5.7%)</td>
        <td>112 (3.1%)</td>
        <td>12.4</td>
      </tr>
      <tr  class="odd">
        <th><a href="module_tests-src_net_sf_statcvs_model.html" class="directory">tests-src/net/sf/statcvs/model/</a></th>
        <td>9 (5.7%)</td>
        <td>106 (3.0%)</td>
        <td>11.7</td>
      </tr>
      <tr  class="even">
        <th><a href="module_src_net_sf_statcvs.html" class="directory">src/net/sf/statcvs/</a></th>
        <td>6 (3.8%)</td>
        <td>92 (2.6%)</td>
        <td>15.3</td>
      </tr>
      <tr  class="odd">
        <th><a href="module_devdoc.html" class="directory">devdoc/</a></th>
        <td>1 (0.6%)</td>
        <td>81 (2.3%)</td>
        <td>81.0</td>
      </tr>
      <tr  class="even">
        <th><a href="module_src_net_sf_statcvs_model.html" class="directory">src/net/sf/statcvs/model/</a></th>
        <td>11 (7.0%)</td>
        <td>69 (1.9%)</td>
        <td>6.2</td>
      </tr>
      <tr  class="odd">
        <th><a href="module_src_net_sf_statcvs_reports.html" class="directory">src/net/sf/statcvs/reports/</a></th>
        <td>12 (7.6%)</td>
        <td>43 (1.2%)</td>
        <td>3.5</td>
      </tr>
      <tr  class="even">
        <th><a href="module_tests-src_net_sf_statcvs_output.html" class="directory">tests-src/net/sf/statcvs/output/</a></th>
        <td>1 (0.6%)</td>
        <td>28 (0.8%)</td>
        <td>28.0</td>
      </tr>
      <tr  class="odd">
        <th><a href="module_src_net_sf_statcvs_renderer.html" class="directory">src/net/sf/statcvs/renderer/</a></th>
        <td>6 (3.8%)</td>
        <td>27 (0.8%)</td>
        <td>4.5</td>
      </tr>
      <tr  class="even">
        <th><a href="module_src_net_sf_statcvs_ant.html" class="directory">src/net/sf/statcvs/ant/</a></th>
        <td>1 (0.6%)</td>
        <td>11 (0.3%)</td>
        <td>11.0</td>
      </tr>
      <tr  class="odd">
        <th><a href="module_src_net_sf_statcvs_reportmodel.html" class="directory">src/net/sf/statcvs/reportmodel/</a></th>
        <td>1 (0.6%)</td>
        <td>2 (0.1%)</td>
        <td>2.0</td>
      </tr>
      <tr  class="even">
        <th><a href="module.html" class="directory">/</a></th>
        <td>2 (1.3%)</td>
        <td>1 (0.0%)</td>
        <td>0.5</td>
      </tr>
    </tbody>
  </table>

</subsection>
<subsection name ="Activity by Clock Time">
<p><img src="activity_time_gunterm.png" width="500" height="300" alt=""/></p>
<p><img src="activity_day_gunterm.png" width="500" height="300" alt=""/></p>
</subsection>
<subsection name ="Most Recent Commits">
<dl class="commitlist">
  <dt>
    <a href="user_gunterm.html" class="author">gunterm</a>
    <span class="date">2006-04-13 13:24</span>
  </dt>
  <dd>
    <p class="comment">
bug 18 - cached info is now taken into account when attempting to diff revisions
    </p>
    <p class="commitdetails"><strong>54</strong> lines of code changed in:</p>
    <ul class="commitdetails">
      <li>
        <strong>src/net/sf/statcvs/input</strong>:
        <a href="http://svn.sourceforge.net/viewvc/statsvn/trunk/statsvn/src/net/sf/statcvs/input/CacheBuilder.java?rev=97&amp;content-type=text/vnd.viewcvs-markup" class="webrepository">CacheBuilder.java</a>&#160;<span class="change">(+46&#160;-12)</span>,
        <a href="http://svn.sourceforge.net/viewvc/statsvn/trunk/statsvn/src/net/sf/statcvs/input/SvnLogfileParser.java?rev=97&amp;content-type=text/vnd.viewcvs-markup" class="webrepository">SvnLogfileParser.java</a>&#160;<span class="change">(+8&#160;-7)</span>
      </li>
    </ul>
  </dd>

  <dt>
    <a href="user_gunterm.html" class="author">gunterm</a>
    <span class="date">2006-04-12 22:13</span>
  </dt>
  <dd>
    <p class="comment">
Bug 18 - updated the cache xml file to include binary status; still need to use this information before using svn diff
    </p>
    <p class="commitdetails"><strong>182</strong> lines of code changed in:</p>
    <ul class="commitdetails">
      <li>
        <strong>src/net/sf/statcvs/input</strong>:
        <a href="http://svn.sourceforge.net/viewvc/statsvn/trunk/statsvn/src/net/sf/statcvs/input/CacheBuilder.java?rev=92&amp;content-type=text/vnd.viewcvs-markup" class="webrepository">CacheBuilder.java</a>&#160;<span class="change">(+118&#160;-27)</span>,
        <a href="http://svn.sourceforge.net/viewvc/statsvn/trunk/statsvn/src/net/sf/statcvs/input/CacheConfiguration.java?rev=92&amp;content-type=text/vnd.viewcvs-markup" class="webrepository">CacheConfiguration.java</a>&#160;<span class="new">(new)</span>,
        <a href="http://svn.sourceforge.net/viewvc/statsvn/trunk/statsvn/src/net/sf/statcvs/input/RepositoryFileManager.java?rev=92&amp;content-type=text/vnd.viewcvs-markup" class="webrepository">RepositoryFileManager.java</a>&#160;<span class="change">(+10)</span>,
        <a href="http://svn.sourceforge.net/viewvc/statsvn/trunk/statsvn/src/net/sf/statcvs/input/SvnLogfileParser.java?rev=92&amp;content-type=text/vnd.viewcvs-markup" class="webrepository">SvnLogfileParser.java</a>&#160;<span class="change">(+16&#160;-14)</span>,
        <a href="http://svn.sourceforge.net/viewvc/statsvn/trunk/statsvn/src/net/sf/statcvs/input/SvnXmlCacheFileHandler.java?rev=92&amp;content-type=text/vnd.viewcvs-markup" class="webrepository">SvnXmlCacheFileHandler.java</a>&#160;<span class="change">(+38&#160;-38)</span>
      </li>
    </ul>
  </dd>

  <dt>
    <a href="user_gunterm.html" class="author">gunterm</a>
    <span class="date">2006-04-12 16:28</span>
  </dt>
  <dd>
    <p class="comment">
updated ant task to include cache directory
    </p>
    <p class="commitdetails"><strong>11</strong> lines of code changed in:</p>
    <ul class="commitdetails">
      <li>
        <strong>src/net/sf/statcvs/ant</strong>:
        <a href="http://svn.sourceforge.net/viewvc/statsvn/trunk/statsvn/src/net/sf/statcvs/ant/StatCvsTask.java?rev=91&amp;content-type=text/vnd.viewcvs-markup" class="webrepository">StatCvsTask.java</a>&#160;<span class="change">(+11)</span>
      </li>
    </ul>
  </dd>

  <dt>
    <a href="user_gunterm.html" class="author">gunterm</a>
    <span class="date">2006-04-11 21:28</span>
  </dt>
  <dd>
    <p class="comment">
renaming line counts to cache &amp; persisting binary status in cache (initial implemetation only)
    </p>
    <p class="commitdetails"><strong>70</strong> lines of code changed in:</p>
    <ul class="commitdetails">
      <li>
        <strong>src/net/sf/statcvs/input</strong>:
        <a href="http://svn.sourceforge.net/viewvc/statsvn/trunk/statsvn/src/net/sf/statcvs/input/CacheBuilder.java?rev=89&amp;content-type=text/vnd.viewcvs-markup" class="webrepository">CacheBuilder.java</a>&#160;<span class="new">(new&#160;27)</span>,
        <a href="http://svn.sourceforge.net/viewvc/statsvn/trunk/statsvn/src/net/sf/statcvs/input/LineCountsBuilder.java?rev=68&amp;content-type=text/vnd.viewcvs-markup" class="webrepository">LineCountsBuilder.java</a>&#160;<span class="del">(del)</span>,
        <a href="http://svn.sourceforge.net/viewvc/statsvn/trunk/statsvn/src/net/sf/statcvs/input/RepositoriesBuilder.java?rev=89&amp;content-type=text/vnd.viewcvs-markup" class="webrepository">RepositoriesBuilder.java</a>&#160;<span class="change">(+3&#160;-1)</span>,
        <a href="http://svn.sourceforge.net/viewvc/statsvn/trunk/statsvn/src/net/sf/statcvs/input/SvnLogfileParser.java?rev=89&amp;content-type=text/vnd.viewcvs-markup" class="webrepository">SvnLogfileParser.java</a>&#160;<span class="change">(+2&#160;-2)</span>,
        <a href="http://svn.sourceforge.net/viewvc/statsvn/trunk/statsvn/src/net/sf/statcvs/input/SvnXmlCacheFileHandler.java?rev=89&amp;content-type=text/vnd.viewcvs-markup" class="webrepository">SvnXmlCacheFileHandler.java</a>&#160;<span class="new">(new&#160;38)</span>,
        <a href="http://svn.sourceforge.net/viewvc/statsvn/trunk/statsvn/src/net/sf/statcvs/input/SvnXmlLineCountsFileHandler.java?rev=58&amp;content-type=text/vnd.viewcvs-markup" class="webrepository">SvnXmlLineCountsFileHandler.java</a>&#160;<span class="del">(del)</span>
      </li>
    </ul>
  </dd>

  <dt>
    <a href="user_gunterm.html" class="author">gunterm</a>
    <span class="date">2006-03-14 21:54</span>
  </dt>
  <dd>
    <p class="comment">
converting dates in svn log into local timezone
    </p>
    <p class="commitdetails"><strong>92</strong> lines of code changed in:</p>
    <ul class="commitdetails">
      <li>
        <strong>src/net/sf/statcvs/util</strong>:
        <a href="http://svn.sourceforge.net/viewvc/statsvn/trunk/statsvn/src/net/sf/statcvs/util/XMLUtil.java?rev=76&amp;content-type=text/vnd.viewcvs-markup" class="webrepository">XMLUtil.java</a>&#160;<span class="change">(+92&#160;-63)</span>
      </li>
    </ul>
  </dd>

  <dt>
    <a href="user_gunterm.html" class="author">gunterm</a>
    <span class="date">2006-03-14 04:02</span>
  </dt>
  <dd>
    <p class="comment">
now saving xml files by default in $HOME/.statsvn/
    </p>
    <p class="commitdetails"><strong>18</strong> lines of code changed in:</p>
    <ul class="commitdetails">
      <li>
        <strong>src/net/sf/statcvs/output</strong>:
        <a href="http://svn.sourceforge.net/viewvc/statsvn/trunk/statsvn/src/net/sf/statcvs/output/CommandLineParser.java?rev=75&amp;content-type=text/vnd.viewcvs-markup" class="webrepository">CommandLineParser.java</a>&#160;<span class="change">(+6)</span>,
        <a href="http://svn.sourceforge.net/viewvc/statsvn/trunk/statsvn/src/net/sf/statcvs/output/ConfigurationOptions.java?rev=75&amp;content-type=text/vnd.viewcvs-markup" class="webrepository">ConfigurationOptions.java</a>&#160;<span class="change">(+12&#160;-23)</span>
      </li>
    </ul>
  </dd>

  <dt>
    <a href="user_gunterm.html" class="author">gunterm</a>
    <span class="date">2006-03-13 23:11</span>
  </dt>
  <dd>
    <p class="comment">
now saving xml files by default in the directory where statsvn.jar resides
    </p>
    <p class="commitdetails"><strong>24</strong> lines of code changed in:</p>
    <ul class="commitdetails">
      <li>
        <strong>src/net/sf/statcvs/output</strong>:
        <a href="http://svn.sourceforge.net/viewvc/statsvn/trunk/statsvn/src/net/sf/statcvs/output/ConfigurationOptions.java?rev=74&amp;content-type=text/vnd.viewcvs-markup" class="webrepository">ConfigurationOptions.java</a>&#160;<span class="change">(+24&#160;-1)</span>
      </li>
    </ul>
  </dd>

  <dt>
    <a href="user_gunterm.html" class="author">gunterm</a>
    <span class="date">2006-03-13 20:57</span>
  </dt>
  <dd>
    <p class="comment">
use repository uuid instead of repository url for naming of lineCounts xml files
    </p>
    <p class="commitdetails"><strong>44</strong> lines of code changed in:</p>
    <ul class="commitdetails">
      <li>
        <strong>src/net/sf/statcvs/input</strong>:
        <a href="http://svn.sourceforge.net/viewvc/statsvn/trunk/statsvn/src/net/sf/statcvs/input/RepositoriesBuilder.java?rev=73&amp;content-type=text/vnd.viewcvs-markup" class="webrepository">RepositoriesBuilder.java</a>&#160;<span class="change">(+15&#160;-22)</span>,
        <a href="http://svn.sourceforge.net/viewvc/statsvn/trunk/statsvn/src/net/sf/statcvs/input/RepositoryFileManager.java?rev=73&amp;content-type=text/vnd.viewcvs-markup" class="webrepository">RepositoryFileManager.java</a>&#160;<span class="change">(+9)</span>,
        <a href="http://svn.sourceforge.net/viewvc/statsvn/trunk/statsvn/src/net/sf/statcvs/input/SvnLogfileParser.java?rev=73&amp;content-type=text/vnd.viewcvs-markup" class="webrepository">SvnLogfileParser.java</a>&#160;<span class="change">(+1&#160;-2)</span>,
        <a href="http://svn.sourceforge.net/viewvc/statsvn/trunk/statsvn/src/net/sf/statcvs/input/SvnXmlRepositoriesFileHandler.java?rev=73&amp;content-type=text/vnd.viewcvs-markup" class="webrepository">SvnXmlRepositoriesFileHandler.java</a>&#160;<span class="change">(+4&#160;-4)</span>
      </li>
      <li>
        <strong>src/net/sf/statcvs/util</strong>:
        <a href="http://svn.sourceforge.net/viewvc/statsvn/trunk/statsvn/src/net/sf/statcvs/util/SvnInfoUtils.java?rev=73&amp;content-type=text/vnd.viewcvs-markup" class="webrepository">SvnInfoUtils.java</a>&#160;<span class="change">(+15&#160;-1)</span>
      </li>
    </ul>
  </dd>

  <dt>
    <a href="user_gunterm.html" class="author">gunterm</a>
    <span class="date">2006-03-13 18:48</span>
  </dt>
  <dd>
    <p class="comment">
fixed bug 10: now saving xml files to a directory specified by command line arguments
    </p>
    <p class="commitdetails"><strong>40</strong> lines of code changed in:</p>
    <ul class="commitdetails">
      <li>
        <strong>src/net/sf/statcvs/input</strong>:
        <a href="http://svn.sourceforge.net/viewvc/statsvn/trunk/statsvn/src/net/sf/statcvs/input/SvnLogfileParser.java?rev=72&amp;content-type=text/vnd.viewcvs-markup" class="webrepository">SvnLogfileParser.java</a>&#160;<span class="change">(+6&#160;-4)</span>
      </li>
      <li>
        <strong>src/net/sf/statcvs/output</strong>:
        <a href="http://svn.sourceforge.net/viewvc/statsvn/trunk/statsvn/src/net/sf/statcvs/output/CommandLineParser.java?rev=72&amp;content-type=text/vnd.viewcvs-markup" class="webrepository">CommandLineParser.java</a>&#160;<span class="change">(+5)</span>,
        <a href="http://svn.sourceforge.net/viewvc/statsvn/trunk/statsvn/src/net/sf/statcvs/output/ConfigurationOptions.java?rev=72&amp;content-type=text/vnd.viewcvs-markup" class="webrepository">ConfigurationOptions.java</a>&#160;<span class="change">(+29)</span>
      </li>
    </ul>
  </dd>

  <dt>
    <a href="user_gunterm.html" class="author">gunterm</a>
    <span class="date">2006-03-13 15:07</span>
  </dt>
  <dd>
    <p class="comment">
making the $Id$ keyword work
    </p>
    <p class="commitdetails"><strong>3</strong> lines of code changed in:</p>
    <ul class="commitdetails">
      <li>
        <strong>src/net/sf/statcvs/input</strong>:
        <a href="http://svn.sourceforge.net/viewvc/statsvn/trunk/statsvn/src/net/sf/statcvs/input/RepositoriesBuilder.java?rev=71&amp;content-type=text/vnd.viewcvs-markup" class="webrepository">RepositoriesBuilder.java</a>&#160;<span class="change">(+2)</span>,
        <a href="http://svn.sourceforge.net/viewvc/statsvn/trunk/statsvn/src/net/sf/statcvs/input/SvnXmlRepositoriesFileHandler.java?rev=71&amp;content-type=text/vnd.viewcvs-markup" class="webrepository">SvnXmlRepositoriesFileHandler.java</a>&#160;<span class="change">(+1)</span>
      </li>
    </ul>
  </dd>

  <dt>
    <a href="user_gunterm.html" class="author">gunterm</a>
    <span class="date">2006-03-13 15:02</span>
  </dt>
  <dd>
    <p class="comment">
comments changed
    </p>
    <p class="commitdetails"><strong>3</strong> lines of code changed in:</p>
    <ul class="commitdetails">
      <li>
        <strong>src/net/sf/statcvs/input</strong>:
        <a href="http://svn.sourceforge.net/viewvc/statsvn/trunk/statsvn/src/net/sf/statcvs/input/SvnXmlRepositoriesFileHandler.java?rev=70&amp;content-type=text/vnd.viewcvs-markup" class="webrepository">SvnXmlRepositoriesFileHandler.java</a>&#160;<span class="change">(+3&#160;-2)</span>
      </li>
    </ul>
  </dd>

  <dt>
    <a href="user_gunterm.html" class="author">gunterm</a>
    <span class="date">2006-03-13 14:57</span>
  </dt>
  <dd>
    <p class="comment">
added ID keyword to the last two files added to repository
    </p>
    <p class="commitdetails"><strong>1</strong> lines of code changed in:</p>
    <ul class="commitdetails">
      <li>
        <strong>src/net/sf/statcvs/input</strong>:
        <a href="http://svn.sourceforge.net/viewvc/statsvn/trunk/statsvn/src/net/sf/statcvs/input/RepositoriesBuilder.java?rev=69&amp;content-type=text/vnd.viewcvs-markup" class="webrepository">RepositoriesBuilder.java</a>&#160;<span class="change">(+1&#160;-1)</span>,
        <a href="http://svn.sourceforge.net/viewvc/statsvn/trunk/statsvn/src/net/sf/statcvs/input/SvnXmlRepositoriesFileHandler.java?rev=69&amp;content-type=text/vnd.viewcvs-markup" class="webrepository">SvnXmlRepositoriesFileHandler.java</a>&#160;<span class="change">(-1)</span>
      </li>
    </ul>
  </dd>

  <dt>
    <a href="user_gunterm.html" class="author">gunterm</a>
    <span class="date">2006-03-13 05:31</span>
  </dt>
  <dd>
    <p class="comment">
fixed Bug 10 except for saving xml files (repositories and lineCounts_*) to the statsvn directory
    </p>
    <p class="commitdetails"><strong>68</strong> lines of code changed in:</p>
    <ul class="commitdetails">
      <li>
        <strong>src/net/sf/statcvs/input</strong>:
        <a href="http://svn.sourceforge.net/viewvc/statsvn/trunk/statsvn/src/net/sf/statcvs/input/LineCountsBuilder.java?rev=68&amp;content-type=text/vnd.viewcvs-markup" class="webrepository">LineCountsBuilder.java</a>&#160;<span class="change">(+14&#160;-10)</span>,
        <a href="http://svn.sourceforge.net/viewvc/statsvn/trunk/statsvn/src/net/sf/statcvs/input/RepositoriesBuilder.java?rev=68&amp;content-type=text/vnd.viewcvs-markup" class="webrepository">RepositoriesBuilder.java</a>&#160;<span class="new">(new&#160;20)</span>,
        <a href="http://svn.sourceforge.net/viewvc/statsvn/trunk/statsvn/src/net/sf/statcvs/input/SvnLogfileParser.java?rev=68&amp;content-type=text/vnd.viewcvs-markup" class="webrepository">SvnLogfileParser.java</a>&#160;<span class="change">(+20&#160;-6)</span>,
        <a href="http://svn.sourceforge.net/viewvc/statsvn/trunk/statsvn/src/net/sf/statcvs/input/SvnXmlRepositoriesFileHandler.java?rev=68&amp;content-type=text/vnd.viewcvs-markup" class="webrepository">SvnXmlRepositoriesFileHandler.java</a>&#160;<span class="new">(new&#160;14)</span>
      </li>
    </ul>
  </dd>

  <dt>
    <a href="user_gunterm.html" class="author">gunterm</a>
    <span class="date">2006-03-12 23:58</span>
  </dt>
  <dd>
    <p class="comment">
now all revisions of a path are saved under the same path in lineCounts.xml; a revision with only property changes is now correctly interpreted as 0 0 instead of -1 -1
    </p>
    <p class="commitdetails"><strong>190</strong> lines of code changed in:</p>
    <ul class="commitdetails">
      <li>
        <strong>src/net/sf/statcvs/input</strong>:
        <a href="http://svn.sourceforge.net/viewvc/statsvn/trunk/statsvn/src/net/sf/statcvs/input/LineCountsBuilder.java?rev=65&amp;content-type=text/vnd.viewcvs-markup" class="webrepository">LineCountsBuilder.java</a>&#160;<span class="change">(+182&#160;-139)</span>
      </li>
      <li>
        <strong>src/net/sf/statcvs/util</strong>:
        <a href="http://svn.sourceforge.net/viewvc/statsvn/trunk/statsvn/src/net/sf/statcvs/util/SvnDiffUtils.java?rev=65&amp;content-type=text/vnd.viewcvs-markup" class="webrepository">SvnDiffUtils.java</a>&#160;<span class="change">(+8&#160;-1)</span>
      </li>
    </ul>
  </dd>

  <dt>
    <a href="user_gunterm.html" class="author">gunterm</a>
    <span class="date">2006-03-01 15:07</span>
  </dt>
  <dd>
    <p class="comment">
bug 9: resolved
    </p>
    <p class="commitdetails"><strong>8</strong> lines of code changed in:</p>
    <ul class="commitdetails">
      <li>
        <strong>src/net/sf/statcvs/input</strong>:
        <a href="http://svn.sourceforge.net/viewvc/statsvn/trunk/statsvn/src/net/sf/statcvs/input/SvnLogfileParser.java?rev=41&amp;content-type=text/vnd.viewcvs-markup" class="webrepository">SvnLogfileParser.java</a>&#160;<span class="change">(+1&#160;-1)</span>
      </li>
      <li>
        <strong>src/net/sf/statcvs/util</strong>:
        <a href="http://svn.sourceforge.net/viewvc/statsvn/trunk/statsvn/src/net/sf/statcvs/util/SvnDiffUtils.java?rev=41&amp;content-type=text/vnd.viewcvs-markup" class="webrepository">SvnDiffUtils.java</a>&#160;<span class="change">(+7&#160;-7)</span>
      </li>
    </ul>
  </dd>

  <dt>
    <a href="user_gunterm.html" class="author">gunterm</a>
    <span class="date">2006-02-28 23:04</span>
  </dt>
  <dd>
    <p class="comment">
bug 9: diff on deleted files (not finished yet)
    </p>
    <p class="commitdetails"><strong>69</strong> lines of code changed in:</p>
    <ul class="commitdetails">
      <li>
        <strong>src/net/sf/statcvs/input</strong>:
        <a href="http://svn.sourceforge.net/viewvc/statsvn/trunk/statsvn/src/net/sf/statcvs/input/LineCountsBuilder.java?rev=40&amp;content-type=text/vnd.viewcvs-markup" class="webrepository">LineCountsBuilder.java</a>&#160;<span class="change">(+1&#160;-1)</span>,
        <a href="http://svn.sourceforge.net/viewvc/statsvn/trunk/statsvn/src/net/sf/statcvs/input/SvnLogfileParser.java?rev=40&amp;content-type=text/vnd.viewcvs-markup" class="webrepository">SvnLogfileParser.java</a>&#160;<span class="change">(+6&#160;-20)</span>
      </li>
      <li>
        <strong>src/net/sf/statcvs/util</strong>:
        <a href="http://svn.sourceforge.net/viewvc/statsvn/trunk/statsvn/src/net/sf/statcvs/util/SvnDiffUtils.java?rev=40&amp;content-type=text/vnd.viewcvs-markup" class="webrepository">SvnDiffUtils.java</a>&#160;<span class="change">(+62&#160;-24)</span>
      </li>
    </ul>
  </dd>

  <dt>
    <a href="user_gunterm.html" class="author">gunterm</a>
    <span class="date">2006-02-27 18:11</span>
  </dt>
  <dd>
    <p class="comment">
refactored file handlers, added LineCountsBuilder, svn diff is now not used if line counts exist in the xml file
    </p>
    <p class="commitdetails"><strong>391</strong> lines of code changed in:</p>
    <ul class="commitdetails">
      <li>
        <strong>src/net/sf/statcvs/input</strong>:
        <a href="http://svn.sourceforge.net/viewvc/statsvn/trunk/statsvn/src/net/sf/statcvs/input/FileBuilder.java?rev=31&amp;content-type=text/vnd.viewcvs-markup" class="webrepository">FileBuilder.java</a>&#160;<span class="change">(+10)</span>,
        <a href="http://svn.sourceforge.net/viewvc/statsvn/trunk/statsvn/src/net/sf/statcvs/input/LineCountsBuilder.java?rev=31&amp;content-type=text/vnd.viewcvs-markup" class="webrepository">LineCountsBuilder.java</a>&#160;<span class="new">(new&#160;71)</span>,
        <a href="http://svn.sourceforge.net/viewvc/statsvn/trunk/statsvn/src/net/sf/statcvs/input/RevisionData.java?rev=31&amp;content-type=text/vnd.viewcvs-markup" class="webrepository">RevisionData.java</a>&#160;<span class="change">(-4)</span>,
        <a href="http://svn.sourceforge.net/viewvc/statsvn/trunk/statsvn/src/net/sf/statcvs/input/SvnLogfileParser.java?rev=31&amp;content-type=text/vnd.viewcvs-markup" class="webrepository">SvnLogfileParser.java</a>&#160;<span class="change">(+23&#160;-144)</span>,
        <a href="http://svn.sourceforge.net/viewvc/statsvn/trunk/statsvn/src/net/sf/statcvs/input/SvnXmlLineCountsFileHandler.java?rev=31&amp;content-type=text/vnd.viewcvs-markup" class="webrepository">SvnXmlLineCountsFileHandler.java</a>&#160;<span class="change">(+62&#160;-88)</span>,
        <a href="http://svn.sourceforge.net/viewvc/statsvn/trunk/statsvn/src/net/sf/statcvs/input/SvnXmlLogFileHandler.java?rev=31&amp;content-type=text/vnd.viewcvs-markup" class="webrepository">SvnXmlLogFileHandler.java</a>&#160;<span class="change">(+194&#160;-190)</span>
      </li>
      <li>
        <strong>src/net/sf/statcvs/util</strong>:
        <a href="http://svn.sourceforge.net/viewvc/statsvn/trunk/statsvn/src/net/sf/statcvs/util/XMLUtil.java?rev=31&amp;content-type=text/vnd.viewcvs-markup" class="webrepository">XMLUtil.java</a>&#160;<span class="change">(+31)</span>
      </li>
    </ul>
  </dd>

  <dt>
    <a href="user_gunterm.html" class="author">gunterm</a>
    <span class="date">2006-02-24 23:09</span>
  </dt>
  <dd>
    <p class="comment">
writing &amp; reading of lineCounts.xml (still following issues: full or relative path for xml entries; saved xml data is not used - data will be duplicated in next xml file; limited svn diff parsing to first 5 files)
    </p>
    <p class="commitdetails"><strong>360</strong> lines of code changed in:</p>
    <ul class="commitdetails">
      <li>
        <strong>src/net/sf/statcvs/input</strong>:
        <a href="http://svn.sourceforge.net/viewvc/statsvn/trunk/statsvn/src/net/sf/statcvs/input/SvnLogfileParser.java?rev=30&amp;content-type=text/vnd.viewcvs-markup" class="webrepository">SvnLogfileParser.java</a>&#160;<span class="change">(+227&#160;-114)</span>,
        <a href="http://svn.sourceforge.net/viewvc/statsvn/trunk/statsvn/src/net/sf/statcvs/input/SvnXmlLineCountsFileHandler.java?rev=30&amp;content-type=text/vnd.viewcvs-markup" class="webrepository">SvnXmlLineCountsFileHandler.java</a>&#160;<span class="new">(new&#160;133)</span>
      </li>
    </ul>
  </dd>

  <dt>
    <a href="user_gunterm.html" class="author">gunterm</a>
    <span class="date">2006-02-24 05:32</span>
  </dt>
  <dd>
    <p class="comment">
fixed display bug on index.html (br is not shown anymore)
    </p>
    <p class="commitdetails"><strong>1</strong> lines of code changed in:</p>
    <ul class="commitdetails">
      <li>
        <strong>src/net/sf/statcvs/output</strong>:
        <a href="http://svn.sourceforge.net/viewvc/statsvn/trunk/statsvn/src/net/sf/statcvs/output/IndexPage.java?rev=29&amp;content-type=text/vnd.viewcvs-markup" class="webrepository">IndexPage.java</a>&#160;<span class="change">(+1&#160;-1)</span>
      </li>
    </ul>
  </dd>

  <dt>
    <a href="user_gunterm.html" class="author">gunterm</a>
    <span class="date">2006-02-24 05:09</span>
  </dt>
  <dd>
    <p class="comment">
finished parsing of svn diff (per file): now assigns added/removed lines to the correct revision
    </p>
    <p class="commitdetails"><strong>13</strong> lines of code changed in:</p>
    <ul class="commitdetails">
      <li>
        <strong>src/net/sf/statcvs</strong>:
        <a href="http://svn.sourceforge.net/viewvc/statsvn/trunk/statsvn/src/net/sf/statcvs/Main.java?rev=28&amp;content-type=text/vnd.viewcvs-markup" class="webrepository">Main.java</a>&#160;<span class="change">(+5&#160;-10)</span>
      </li>
      <li>
        <strong>src/net/sf/statcvs/input</strong>:
        <a href="http://svn.sourceforge.net/viewvc/statsvn/trunk/statsvn/src/net/sf/statcvs/input/SvnLogfileParser.java?rev=28&amp;content-type=text/vnd.viewcvs-markup" class="webrepository">SvnLogfileParser.java</a>&#160;<span class="change">(+5&#160;-3)</span>,
        <a href="http://svn.sourceforge.net/viewvc/statsvn/trunk/statsvn/src/net/sf/statcvs/input/SvnXmlLogFileHandler.java?rev=28&amp;content-type=text/vnd.viewcvs-markup" class="webrepository">SvnXmlLogFileHandler.java</a>&#160;<span class="change">(+3&#160;-3)</span>
      </li>
    </ul>
  </dd>

</dl>

<p>(7 more)</p>
</subsection><div id="generatedby"><p>Generated by <a href="http://www.statsvn.org">StatSVN</a> v0.1.4</p>
</div>
</section></body>
</document>