<?xml version="1.0" encoding="US-ASCII"?>
<document xmlns:lxslt="http://xml.apache.org/xslt">
<properties><title>User statistics for jkealey</title></properties>
<head>
    <meta http-equiv="Content-Type" content="text/html; charset=ISO-8859-1"/>
    <meta name="Generator" content="StatSVN v0.1.4"/>
    <link rel="stylesheet" href="objectlab-statcvs-xdoc.css" type="text/css"/>
  </head>

<body><section name="User statistics for jkealey">
<p><a href="index.html">back to main page</a></p>
<p class="summaryperiod">
  Summary Period:
  <span class="date">2006-02-13</span> to
  <span class="date">2006-11-14</span></p>

<subsection name ="Total Changes">
<p>289 (32.9%)</p>
</subsection>
<subsection name ="Lines of Code">
<p>10153 (40.5%)</p>
</subsection>
<subsection name ="Modules">
<p><img src="module_sizes_jkealey.png" width="640" height="480" alt=""/></p>
  <table  class="statCvsTable" rules="groups" summary="Overview of this author's activities in different directories">
    <colgroup align="left"/>
    <colgroup align="right"/>
    <colgroup align="right"/>
    <colgroup align="right"/>
    <thead>
      <tr>
        <th>Directory</th>
        <th>Changes</th>
        <th>Lines of Code</th>
        <th>Lines per Change</th>
      </tr>
    </thead>
    <tfoot>
      <tr>
        <th>Totals</th>
        <td>289 (100.0%)</td>
        <td>10153 (100.0%)</td>
        <td>35.1</td>
      </tr>
    </tfoot>
    <tbody>
      <tr  class="odd">
        <th><a href="module_src_net_sf_statcvs_input.html" class="directory">src/net/sf/statcvs/input/</a></th>
        <td>103 (35.6%)</td>
        <td>5042 (49.7%)</td>
        <td>48.9</td>
      </tr>
      <tr  class="even">
        <th><a href="module_src_net_sf_statcvs_util.html" class="directory">src/net/sf/statcvs/util/</a></th>
        <td>68 (23.5%)</td>
        <td>3812 (37.5%)</td>
        <td>56.0</td>
      </tr>
      <tr  class="odd">
        <th><a href="module_src_net_sf_statcvs_output.html" class="directory">src/net/sf/statcvs/output/</a></th>
        <td>27 (9.3%)</td>
        <td>461 (4.5%)</td>
        <td>17.0</td>
      </tr>
      <tr  class="even">
        <th><a href="module_tests-src_net_sf_statcvs_input.html" class="directory">tests-src/net/sf/statcvs/input/</a></th>
        <td>23 (8.0%)</td>
        <td>309 (3.0%)</td>
        <td>13.4</td>
      </tr>
      <tr  class="odd">
        <th><a href="module.html" class="directory">/</a></th>
        <td>16 (5.5%)</td>
        <td>195 (1.9%)</td>
        <td>12.1</td>
      </tr>
      <tr  class="even">
        <th><a href="module_devdoc.html" class="directory">devdoc/</a></th>
        <td>3 (1.0%)</td>
        <td>98 (1.0%)</td>
        <td>32.6</td>
      </tr>
      <tr  class="odd">
        <th><a href="module_tests-src_net_sf_statcvs_output.html" class="directory">tests-src/net/sf/statcvs/output/</a></th>
        <td>2 (0.7%)</td>
        <td>65 (0.6%)</td>
        <td>32.5</td>
      </tr>
      <tr  class="even">
        <th><a href="module_tests-src_net_sf_statcvs_util.html" class="directory">tests-src/net/sf/statcvs/util/</a></th>
        <td>8 (2.8%)</td>
        <td>47 (0.5%)</td>
        <td>5.8</td>
      </tr>
      <tr  class="odd">
        <th><a href="module_src_net_sf_statcvs.html" class="directory">src/net/sf/statcvs/</a></th>
        <td>13 (4.5%)</td>
        <td>47 (0.5%)</td>
        <td>3.6</td>
      </tr>
      <tr  class="even">
        <th><a href="module_src_net_sf_statcvs_renderer.html" class="directory">src/net/sf/statcvs/renderer/</a></th>
        <td>8 (2.8%)</td>
        <td>41 (0.4%)</td>
        <td>5.1</td>
      </tr>
      <tr  class="odd">
        <th><a href="module_.settings.html" class="directory">.settings/</a></th>
        <td>3 (1.0%)</td>
        <td>19 (0.2%)</td>
        <td>6.3</td>
      </tr>
      <tr  class="even">
        <th><a href="module_etc.html" class="directory">etc/</a></th>
        <td>2 (0.7%)</td>
        <td>16 (0.2%)</td>
        <td>8.0</td>
      </tr>
      <tr  class="odd">
        <th><a href="module_src_net_sf_statcvs_ant.html" class="directory">src/net/sf/statcvs/ant/</a></th>
        <td>2 (0.7%)</td>
        <td>1 (0.0%)</td>
        <td>0.5</td>
      </tr>
      <tr  class="even">
        <th><a href="module_tests-src_net_sf_statcvs_input_samplefiles.html" class="directory">tests-src/net/sf/statcvs/input/samplefiles/</a></th>
        <td>7 (2.4%)</td>
        <td>0 (0.0%)</td>
        <td>0.0</td>
      </tr>
      <tr  class="odd">
        <th><a href="module_lib.html" class="directory">lib/</a></th>
        <td>4 (1.4%)</td>
        <td>0 (0.0%)</td>
        <td>0.0</td>
      </tr>
    </tbody>
  </table>

</subsection>
<subsection name ="Activity by Clock Time">
<p><img src="activity_time_jkealey.png" width="500" height="300" alt=""/></p>
<p><img src="activity_day_jkealey.png" width="500" height="300" alt=""/></p>
</subsection>
<subsection name ="Most Recent Commits">
<dl class="commitlist">
  <dt>
    <a href="user_jkealey.html" class="author">jkealey</a>
    <span class="date">2006-11-14 14:05</span>
  </dt>
  <dd>
    <p class="comment">
0.1.2
    </p>
    <p class="commitdetails"><strong>1</strong> lines of code changed in:</p>
    <ul class="commitdetails">
      <li>
        <a href="http://svn.sourceforge.net/viewvc/statsvn/trunk/statsvn/project.properties.diff?r1=120&amp;r2=131" class="webrepository">project.properties</a>&#160;<span class="change">(+1&#160;-1)</span>
      </li>
    </ul>
  </dd>

  <dt>
    <a href="user_jkealey.html" class="author">jkealey</a>
    <span class="date">2006-11-14 02:34</span>
  </dt>
  <dd>
    <p class="comment">
- version 0.1.2<br/>
- patch to be XHTML compliant. <br/>

    </p>
    <p class="commitdetails"><strong>25</strong> lines of code changed in:</p>
    <ul class="commitdetails">
      <li>
        <strong>src/net/sf/statcvs</strong>:
        <a href="http://svn.sourceforge.net/viewvc/statsvn/trunk/statsvn/src/net/sf/statcvs/Main.java?rev=126&amp;content-type=text/vnd.viewcvs-markup" class="webrepository">Main.java</a>&#160;<span class="change">(+1&#160;-1)</span>
      </li>
      <li>
        <strong>src/net/sf/statcvs/output</strong>:
        <a href="http://svn.sourceforge.net/viewvc/statsvn/trunk/statsvn/src/net/sf/statcvs/output/HTMLPage.java?rev=126&amp;content-type=text/vnd.viewcvs-markup" class="webrepository">HTMLPage.java</a>&#160;<span class="change">(+13&#160;-10)</span>,
        <a href="http://svn.sourceforge.net/viewvc/statsvn/trunk/statsvn/src/net/sf/statcvs/output/HTMLTagger.java?rev=126&amp;content-type=text/vnd.viewcvs-markup" class="webrepository">HTMLTagger.java</a>&#160;<span class="change">(+1&#160;-1)</span>,
        <a href="http://svn.sourceforge.net/viewvc/statsvn/trunk/statsvn/src/net/sf/statcvs/output/ModulePage.java?rev=126&amp;content-type=text/vnd.viewcvs-markup" class="webrepository">ModulePage.java</a>&#160;<span class="change">(+1&#160;-1)</span>
      </li>
      <li>
        <strong>src/net/sf/statcvs/renderer</strong>:
        <a href="http://svn.sourceforge.net/viewvc/statsvn/trunk/statsvn/src/net/sf/statcvs/renderer/CommitLogRenderer.java?rev=126&amp;content-type=text/vnd.viewcvs-markup" class="webrepository">CommitLogRenderer.java</a>&#160;<span class="change">(+5&#160;-5)</span>,
        <a href="http://svn.sourceforge.net/viewvc/statsvn/trunk/statsvn/src/net/sf/statcvs/renderer/TableRenderer.java?rev=126&amp;content-type=text/vnd.viewcvs-markup" class="webrepository">TableRenderer.java</a>&#160;<span class="change">(+2&#160;-2)</span>
      </li>
      <li>
        <strong>src/net/sf/statcvs/util</strong>:
        <a href="http://svn.sourceforge.net/viewvc/statsvn/trunk/statsvn/src/net/sf/statcvs/util/OutputUtils.java?rev=126&amp;content-type=text/vnd.viewcvs-markup" class="webrepository">OutputUtils.java</a>&#160;<span class="change">(+2&#160;-2)</span>
      </li>
    </ul>
  </dd>

  <dt>
    <a href="user_jkealey.html" class="author">jkealey</a>
    <span class="date">2006-11-10 13:06</span>
  </dt>
  <dd>
    <p class="comment">
svn --version was not working in other languages. this patch makes it work even in traditional chinese<br/>
(reported by Tedkie Chan)
    </p>
    <p class="commitdetails"><strong>1</strong> lines of code changed in:</p>
    <ul class="commitdetails">
      <li>
        <strong>src/net/sf/statcvs/util</strong>:
        <a href="http://svn.sourceforge.net/viewvc/statsvn/trunk/statsvn/src/net/sf/statcvs/util/SvnStartupUtils.java?rev=125&amp;content-type=text/vnd.viewcvs-markup" class="webrepository">SvnStartupUtils.java</a>&#160;<span class="change">(+1&#160;-1)</span>
      </li>
    </ul>
  </dd>

  <dt>
    <a href="user_jkealey.html" class="author">jkealey</a>
    <span class="date">2006-11-09 15:07</span>
  </dt>
  <dd>
    <p class="comment">
Version bug found by: Douglas John Culnane
    </p>
    <p class="commitdetails"><strong>1</strong> lines of code changed in:</p>
    <ul class="commitdetails">
      <li>
        <strong>src/net/sf/statcvs/util</strong>:
        <a href="http://svn.sourceforge.net/viewvc/statsvn/trunk/statsvn/src/net/sf/statcvs/util/SvnStartupUtils.java?rev=124&amp;content-type=text/vnd.viewcvs-markup" class="webrepository">SvnStartupUtils.java</a>&#160;<span class="change">(+1&#160;-1)</span>
      </li>
    </ul>
  </dd>

  <dt>
    <a href="user_jkealey.html" class="author">jkealey</a>
    <span class="date">2006-11-08 13:07</span>
  </dt>
  <dd>
    <p class="comment">
better error messages
    </p>
    <p class="commitdetails"><strong>9</strong> lines of code changed in:</p>
    <ul class="commitdetails">
      <li>
        <strong>src/net/sf/statcvs/input</strong>:
        <a href="http://svn.sourceforge.net/viewvc/statsvn/trunk/statsvn/src/net/sf/statcvs/input/SvnLogfileParser.java?rev=123&amp;content-type=text/vnd.viewcvs-markup" class="webrepository">SvnLogfileParser.java</a>&#160;<span class="change">(+6)</span>
      </li>
      <li>
        <strong>src/net/sf/statcvs/util</strong>:
        <a href="http://svn.sourceforge.net/viewvc/statsvn/trunk/statsvn/src/net/sf/statcvs/util/SvnInfoUtils.java?rev=123&amp;content-type=text/vnd.viewcvs-markup" class="webrepository">SvnInfoUtils.java</a>&#160;<span class="change">(+2&#160;-2)</span>,
        <a href="http://svn.sourceforge.net/viewvc/statsvn/trunk/statsvn/src/net/sf/statcvs/util/SvnVersionMismatchException.java?rev=123&amp;content-type=text/vnd.viewcvs-markup" class="webrepository">SvnVersionMismatchException.java</a>&#160;<span class="change">(+1&#160;-1)</span>
      </li>
    </ul>
  </dd>

  <dt>
    <a href="user_jkealey.html" class="author">jkealey</a>
    <span class="date">2006-11-07 02:39</span>
  </dt>
  <dd>
    <p class="comment">
updated readme
    </p>
    <p class="commitdetails"><strong>14</strong> lines of code changed in:</p>
    <ul class="commitdetails">
      <li>
        <strong>etc</strong>:
        <a href="http://svn.sourceforge.net/viewvc/statsvn/trunk/statsvn/etc/README.diff?r1=5&amp;r2=122" class="webrepository">README</a>&#160;<span class="change">(+14&#160;-14)</span>
      </li>
    </ul>
  </dd>

  <dt>
    <a href="user_jkealey.html" class="author">jkealey</a>
    <span class="date">2006-11-07 02:25</span>
  </dt>
  <dd>
    <p class="comment">
changes to sourceforge information
    </p>
    <p class="commitdetails"><strong>3</strong> lines of code changed in:</p>
    <ul class="commitdetails">
      <li>
        <a href="http://svn.sourceforge.net/viewvc/statsvn/trunk/statsvn/project.xml.diff?r1=120&amp;r2=121" class="webrepository">project.xml</a>&#160;<span class="change">(+3&#160;-16)</span>
      </li>
    </ul>
  </dd>

  <dt>
    <a href="user_jkealey.html" class="author">jkealey</a>
    <span class="date">2006-11-07 02:10</span>
  </dt>
  <dd>
    <p class="comment">
Merged in changes from StatCVS 0.2.3. Creating StatSVN 0.1.1
    </p>
    <p class="commitdetails"><strong>120</strong> lines of code changed in:</p>
    <ul class="commitdetails">
      <li>
        <a href="http://svn.sourceforge.net/viewvc/statsvn/trunk/statsvn/.classpath.diff?r1=14&amp;r2=120" class="webrepository">.classpath</a>&#160;<span class="change">(+2&#160;-2)</span>,
        <a href="http://svn.sourceforge.net/viewvc/statsvn/trunk/statsvn/build.xml.diff?r1=82&amp;r2=120" class="webrepository">build.xml</a>&#160;<span class="change">(+10&#160;-10)</span>,
        <a href="http://svn.sourceforge.net/viewvc/statsvn/trunk/statsvn/project.properties.diff?r1=22&amp;r2=120" class="webrepository">project.properties</a>&#160;<span class="change">(+3&#160;-3)</span>,
        <a href="http://svn.sourceforge.net/viewvc/statsvn/trunk/statsvn/project.xml.diff?r1=22&amp;r2=120" class="webrepository">project.xml</a>&#160;<span class="change">(+22&#160;-7)</span>
      </li>
      <li>
        <strong>.settings</strong>:
        <a href="http://svn.sourceforge.net/viewvc/statsvn/trunk/statsvn/.settings/org.eclipse.jdt.core.prefs?rev=120&amp;content-type=text/vnd.viewcvs-markup" class="webrepository">org.eclipse.jdt.core.prefs</a>&#160;<span class="new">(new&#160;12)</span>,
        <a href="http://svn.sourceforge.net/viewvc/statsvn/trunk/statsvn/.settings/org.eclipse.jdt.ui.prefs?rev=120&amp;content-type=text/vnd.viewcvs-markup" class="webrepository">org.eclipse.jdt.ui.prefs</a>&#160;<span class="new">(new&#160;4)</span>,
        <a href="http://svn.sourceforge.net/viewvc/statsvn/trunk/statsvn/.settings/org.eclipse.ltk.core.refactoring.prefs?rev=120&amp;content-type=text/vnd.viewcvs-markup" class="webrepository">org.eclipse.ltk.core.refactoring.prefs</a>&#160;<span class="new">(new&#160;3)</span>
      </li>
      <li>
        <strong>lib</strong>:
        <a href="http://svn.sourceforge.net/viewvc/statsvn/trunk/statsvn/lib/jcommon-0.9.6.jar?rev=5&amp;content-type=text/vnd.viewcvs-markup" class="webrepository">jcommon-0.9.6.jar</a>&#160;<span class="del">(del)</span>,
        <a href="http://svn.sourceforge.net/viewvc/statsvn/trunk/statsvn/lib/jcommon-1.0.0.jar?rev=120&amp;content-type=text/vnd.viewcvs-markup" class="webrepository">jcommon-1.0.0.jar</a>&#160;<span class="new">(new)</span>,
        <a href="http://svn.sourceforge.net/viewvc/statsvn/trunk/statsvn/lib/jfreechart-0.9.21.jar?rev=5&amp;content-type=text/vnd.viewcvs-markup" class="webrepository">jfreechart-0.9.21.jar</a>&#160;<span class="del">(del)</span>,
        <a href="http://svn.sourceforge.net/viewvc/statsvn/trunk/statsvn/lib/jfreechart-1.0.1.jar?rev=120&amp;content-type=text/vnd.viewcvs-markup" class="webrepository">jfreechart-1.0.1.jar</a>&#160;<span class="new">(new)</span>
      </li>
      <li>
        <strong>src/net/sf/statcvs</strong>:
        <a href="http://svn.sourceforge.net/viewvc/statsvn/trunk/statsvn/src/net/sf/statcvs/Main.java?rev=120&amp;content-type=text/vnd.viewcvs-markup" class="webrepository">Main.java</a>&#160;<span class="change">(+3&#160;-3)</span>,
        <a href="http://svn.sourceforge.net/viewvc/statsvn/trunk/statsvn/src/net/sf/statcvs/Messages.java?rev=120&amp;content-type=text/vnd.viewcvs-markup" class="webrepository">Messages.java</a>&#160;<span class="change">(+1&#160;-1)</span>
      </li>
      <li>
        <strong>src/net/sf/statcvs/output</strong>:
        <a href="http://svn.sourceforge.net/viewvc/statsvn/trunk/statsvn/src/net/sf/statcvs/output/ConfigurationOptions.java?rev=120&amp;content-type=text/vnd.viewcvs-markup" class="webrepository">ConfigurationOptions.java</a>&#160;<span class="change">(-1)</span>,
        <a href="http://svn.sourceforge.net/viewvc/statsvn/trunk/statsvn/src/net/sf/statcvs/output/HTMLPage.java?rev=120&amp;content-type=text/vnd.viewcvs-markup" class="webrepository">HTMLPage.java</a>&#160;<span class="change">(+2&#160;-2)</span>,
        <a href="http://svn.sourceforge.net/viewvc/statsvn/trunk/statsvn/src/net/sf/statcvs/output/HTMLTagger.java?rev=120&amp;content-type=text/vnd.viewcvs-markup" class="webrepository">HTMLTagger.java</a>&#160;<span class="change">(+26&#160;-9)</span>,
        <a href="http://svn.sourceforge.net/viewvc/statsvn/trunk/statsvn/src/net/sf/statcvs/output/IndexPage.java?rev=120&amp;content-type=text/vnd.viewcvs-markup" class="webrepository">IndexPage.java</a>&#160;<span class="change">(+3&#160;-2)</span>
      </li>
      <li>
        <strong>src/net/sf/statcvs/renderer</strong>:
        <a href="http://svn.sourceforge.net/viewvc/statsvn/trunk/statsvn/src/net/sf/statcvs/renderer/Chart.java?rev=120&amp;content-type=text/vnd.viewcvs-markup" class="webrepository">Chart.java</a>&#160;<span class="change">(+5&#160;-3)</span>,
        <a href="http://svn.sourceforge.net/viewvc/statsvn/trunk/statsvn/src/net/sf/statcvs/renderer/CommitLogRenderer.java?rev=120&amp;content-type=text/vnd.viewcvs-markup" class="webrepository">CommitLogRenderer.java</a>&#160;<span class="change">(+5&#160;-6)</span>,
        <a href="http://svn.sourceforge.net/viewvc/statsvn/trunk/statsvn/src/net/sf/statcvs/renderer/LOCChart.java?rev=120&amp;content-type=text/vnd.viewcvs-markup" class="webrepository">LOCChart.java</a>&#160;<span class="change">(+3&#160;-3)</span>,
        <a href="http://svn.sourceforge.net/viewvc/statsvn/trunk/statsvn/src/net/sf/statcvs/renderer/StackedBarChart.java?rev=120&amp;content-type=text/vnd.viewcvs-markup" class="webrepository">StackedBarChart.java</a>&#160;<span class="change">(+6&#160;-5)</span>,
        <a href="http://svn.sourceforge.net/viewvc/statsvn/trunk/statsvn/src/net/sf/statcvs/renderer/SymbolicNameAnnotation.java?rev=120&amp;content-type=text/vnd.viewcvs-markup" class="webrepository">SymbolicNameAnnotation.java</a>&#160;<span class="change">(+10&#160;-9)</span>
      </li>
    </ul>
  </dd>

  <dt>
    <a href="user_jkealey.html" class="author">jkealey</a>
    <span class="date">2006-11-07 00:51</span>
  </dt>
  <dd>
    <p class="comment">
Patch by Benoit Xhenseval  (benoitx)<br/>
Better error message instead of cryptic: 'Invalid svn info xml; unable to find revision or url'<br/>
 
    </p>
    <p class="commitdetails"><strong>498</strong> lines of code changed in:</p>
    <ul class="commitdetails">
      <li>
        <strong>src/net/sf/statcvs/util</strong>:
        <a href="http://svn.sourceforge.net/viewvc/statsvn/trunk/statsvn/src/net/sf/statcvs/util/SvnInfoUtils.java?rev=119&amp;content-type=text/vnd.viewcvs-markup" class="webrepository">SvnInfoUtils.java</a>&#160;<span class="change">(+498&#160;-496)</span>
      </li>
    </ul>
  </dd>

  <dt>
    <a href="user_jkealey.html" class="author">jkealey</a>
    <span class="date">2006-11-06 05:41</span>
  </dt>
  <dd>
    <p class="comment">
1580913 - NPE on statsvn run when author name is null
    </p>
    <p class="commitdetails"><strong>4</strong> lines of code changed in:</p>
    <ul class="commitdetails">
      <li>
        <strong>src/net/sf/statcvs</strong>:
        <a href="http://svn.sourceforge.net/viewvc/statsvn/trunk/statsvn/src/net/sf/statcvs/statcvs.properties?rev=118&amp;content-type=text/vnd.viewcvs-markup" class="webrepository">statcvs.properties</a>&#160;<span class="change">(+1)</span>
      </li>
      <li>
        <strong>src/net/sf/statcvs/input</strong>:
        <a href="http://svn.sourceforge.net/viewvc/statsvn/trunk/statsvn/src/net/sf/statcvs/input/Builder.java?rev=118&amp;content-type=text/vnd.viewcvs-markup" class="webrepository">Builder.java</a>&#160;<span class="change">(+3)</span>
      </li>
    </ul>
  </dd>

  <dt>
    <a href="user_jkealey.html" class="author">jkealey</a>
    <span class="date">2006-08-30 15:16</span>
  </dt>
  <dd>
    <p class="comment">
errors found by klocwork inforce
    </p>
    <p class="commitdetails"><strong>27</strong> lines of code changed in:</p>
    <ul class="commitdetails">
      <li>
        <strong>src/net/sf/statcvs</strong>:
        <a href="http://svn.sourceforge.net/viewvc/statsvn/trunk/statsvn/src/net/sf/statcvs/Main.java?rev=117&amp;content-type=text/vnd.viewcvs-markup" class="webrepository">Main.java</a>&#160;<span class="change">(+5&#160;-2)</span>
      </li>
      <li>
        <strong>src/net/sf/statcvs/input</strong>:
        <a href="http://svn.sourceforge.net/viewvc/statsvn/trunk/statsvn/src/net/sf/statcvs/input/SvnLogfileParser.java?rev=117&amp;content-type=text/vnd.viewcvs-markup" class="webrepository">SvnLogfileParser.java</a>&#160;<span class="change">(+1)</span>
      </li>
      <li>
        <strong>src/net/sf/statcvs/output</strong>:
        <a href="http://svn.sourceforge.net/viewvc/statsvn/trunk/statsvn/src/net/sf/statcvs/output/BugzillaIntegration.java?rev=117&amp;content-type=text/vnd.viewcvs-markup" class="webrepository">BugzillaIntegration.java</a>&#160;<span class="change">(+1&#160;-1)</span>,
        <a href="http://svn.sourceforge.net/viewvc/statsvn/trunk/statsvn/src/net/sf/statcvs/output/ConfigurationOptions.java?rev=117&amp;content-type=text/vnd.viewcvs-markup" class="webrepository">ConfigurationOptions.java</a>&#160;<span class="change">(+3&#160;-1)</span>,
        <a href="http://svn.sourceforge.net/viewvc/statsvn/trunk/statsvn/src/net/sf/statcvs/output/DefaultCssHandler.java?rev=117&amp;content-type=text/vnd.viewcvs-markup" class="webrepository">DefaultCssHandler.java</a>&#160;<span class="change">(+4&#160;-1)</span>,
        <a href="http://svn.sourceforge.net/viewvc/statsvn/trunk/statsvn/src/net/sf/statcvs/output/HTMLOutput.java?rev=117&amp;content-type=text/vnd.viewcvs-markup" class="webrepository">HTMLOutput.java</a>&#160;<span class="change">(+7&#160;-2)</span>
      </li>
      <li>
        <strong>tests-src/net/sf/statcvs/input</strong>:
        <a href="http://svn.sourceforge.net/viewvc/statsvn/trunk/statsvn/tests-src/net/sf/statcvs/input/MockLogBuilder.java?rev=117&amp;content-type=text/vnd.viewcvs-markup" class="webrepository">MockLogBuilder.java</a>&#160;<span class="change">(+4&#160;-4)</span>,
        <a href="http://svn.sourceforge.net/viewvc/statsvn/trunk/statsvn/tests-src/net/sf/statcvs/input/ParserTest.java?rev=117&amp;content-type=text/vnd.viewcvs-markup" class="webrepository">ParserTest.java</a>&#160;<span class="change">(+2)</span>
      </li>
    </ul>
  </dd>

  <dt>
    <a href="user_jkealey.html" class="author">jkealey</a>
    <span class="date">2006-04-17 02:44</span>
  </dt>
  <dd>
    <p class="comment">
fixed existing tests that were broken; patched some code, removed some irrelevant tests.
    </p>
    <p class="commitdetails"><strong>55</strong> lines of code changed in:</p>
    <ul class="commitdetails">
      <li>
        <strong>tests-src/net/sf/statcvs/input</strong>:
        <a href="http://svn.sourceforge.net/viewvc/statsvn/trunk/statsvn/tests-src/net/sf/statcvs/input/BuilderTest.java?rev=115&amp;content-type=text/vnd.viewcvs-markup" class="webrepository">BuilderTest.java</a>&#160;<span class="change">(+1)</span>,
        <a href="http://svn.sourceforge.net/viewvc/statsvn/trunk/statsvn/tests-src/net/sf/statcvs/input/FileBuilderTest.java?rev=115&amp;content-type=text/vnd.viewcvs-markup" class="webrepository">FileBuilderTest.java</a>&#160;<span class="change">(+23&#160;-20)</span>,
        <a href="http://svn.sourceforge.net/viewvc/statsvn/trunk/statsvn/tests-src/net/sf/statcvs/input/LinesOfCodeTest.java?rev=115&amp;content-type=text/vnd.viewcvs-markup" class="webrepository">LinesOfCodeTest.java</a>&#160;<span class="change">(+31&#160;-28)</span>
      </li>
    </ul>
  </dd>

  <dt>
    <a href="user_jkealey.html" class="author">jkealey</a>
    <span class="date">2006-04-14 00:58</span>
  </dt>
  <dd>
    <p class="comment">
bug 18: handling of new IOException during diff instead of causing application to stop (to handle server DoS protection gracefully, as we did previously)
    </p>
    <p class="commitdetails"><strong>4</strong> lines of code changed in:</p>
    <ul class="commitdetails">
      <li>
        <strong>src/net/sf/statcvs/input</strong>:
        <a href="http://svn.sourceforge.net/viewvc/statsvn/trunk/statsvn/src/net/sf/statcvs/input/SvnLogfileParser.java?rev=111&amp;content-type=text/vnd.viewcvs-markup" class="webrepository">SvnLogfileParser.java</a>&#160;<span class="change">(+4&#160;-1)</span>
      </li>
    </ul>
  </dd>

  <dt>
    <a href="user_jkealey.html" class="author">jkealey</a>
    <span class="date">2006-04-13 22:30</span>
  </dt>
  <dd>
    <p class="comment">
bug 18: propget on deleted binary files now works, even if it is not used.<br/>
Now throwing error when message is in standard out AND error stream. Previous tests had shown the error was on the error stream, but now it is shown on the standard out. 
    </p>
    <p class="commitdetails"><strong>21</strong> lines of code changed in:</p>
    <ul class="commitdetails">
      <li>
        <strong>src/net/sf/statcvs/util</strong>:
        <a href="http://svn.sourceforge.net/viewvc/statsvn/trunk/statsvn/src/net/sf/statcvs/util/SvnDiffUtils.java?rev=107&amp;content-type=text/vnd.viewcvs-markup" class="webrepository">SvnDiffUtils.java</a>&#160;<span class="change">(+14&#160;-8)</span>,
        <a href="http://svn.sourceforge.net/viewvc/statsvn/trunk/statsvn/src/net/sf/statcvs/util/SvnPropgetUtils.java?rev=107&amp;content-type=text/vnd.viewcvs-markup" class="webrepository">SvnPropgetUtils.java</a>&#160;<span class="change">(+7&#160;-9)</span>
      </li>
    </ul>
  </dd>

  <dt>
    <a href="user_jkealey.html" class="author">jkealey</a>
    <span class="date">2006-04-13 00:09</span>
  </dt>
  <dd>
    <p class="comment">
Bug 14: now including copyfrom-path and copyfrom-rev in our RevisionData ... in case we ever want to use it. 
    </p>
    <p class="commitdetails"><strong>30</strong> lines of code changed in:</p>
    <ul class="commitdetails">
      <li>
        <strong>src/net/sf/statcvs/input</strong>:
        <a href="http://svn.sourceforge.net/viewvc/statsvn/trunk/statsvn/src/net/sf/statcvs/input/RevisionData.java?rev=96&amp;content-type=text/vnd.viewcvs-markup" class="webrepository">RevisionData.java</a>&#160;<span class="change">(+19&#160;-1)</span>,
        <a href="http://svn.sourceforge.net/viewvc/statsvn/trunk/statsvn/src/net/sf/statcvs/input/SvnXmlLogFileHandler.java?rev=96&amp;content-type=text/vnd.viewcvs-markup" class="webrepository">SvnXmlLogFileHandler.java</a>&#160;<span class="change">(+11)</span>
      </li>
    </ul>
  </dd>

  <dt>
    <a href="user_jkealey.html" class="author">jkealey</a>
    <span class="date">2006-04-12 23:29</span>
  </dt>
  <dd>
    <p class="comment">
bug 31: removed useless import
    </p>
    <p class="commitdetails"><strong>0</strong> lines of code changed in:</p>
    <ul class="commitdetails">
      <li>
        <strong>src/net/sf/statcvs/util</strong>:
        <a href="http://svn.sourceforge.net/viewvc/statsvn/trunk/statsvn/src/net/sf/statcvs/util/SvnStartupUtils.java?rev=95&amp;content-type=text/vnd.viewcvs-markup" class="webrepository">SvnStartupUtils.java</a>&#160;<span class="change">(-1)</span>
      </li>
    </ul>
  </dd>

  <dt>
    <a href="user_jkealey.html" class="author">jkealey</a>
    <span class="date">2006-04-12 23:28</span>
  </dt>
  <dd>
    <p class="comment">
bug 18: fixed issue with calling getCurrentLine() instead of nextline().<br/>
tested: when network fails, bubbles up an IOException such as "svn: can't write to connection: An existing connection was forcibly closed by the remote host". <br/>
needs to be tested on server that prevents DoS, but the IOException needs to be handled to try and continue and persist any information that was acquired
    </p>
    <p class="commitdetails"><strong>1</strong> lines of code changed in:</p>
    <ul class="commitdetails">
      <li>
        <strong>src/net/sf/statcvs/util</strong>:
        <a href="http://svn.sourceforge.net/viewvc/statsvn/trunk/statsvn/src/net/sf/statcvs/util/ProcessUtils.java?rev=94&amp;content-type=text/vnd.viewcvs-markup" class="webrepository">ProcessUtils.java</a>&#160;<span class="change">(+1&#160;-1)</span>
      </li>
    </ul>
  </dd>

  <dt>
    <a href="user_jkealey.html" class="author">jkealey</a>
    <span class="date">2006-04-12 22:44</span>
  </dt>
  <dd>
    <p class="comment">
bug 31: had forgotten a process creation
    </p>
    <p class="commitdetails"><strong>8</strong> lines of code changed in:</p>
    <ul class="commitdetails">
      <li>
        <strong>src/net/sf/statcvs/util</strong>:
        <a href="http://svn.sourceforge.net/viewvc/statsvn/trunk/statsvn/src/net/sf/statcvs/util/SvnStartupUtils.java?rev=93&amp;content-type=text/vnd.viewcvs-markup" class="webrepository">SvnStartupUtils.java</a>&#160;<span class="change">(+8&#160;-2)</span>
      </li>
    </ul>
  </dd>

  <dt>
    <a href="user_jkealey.html" class="author">jkealey</a>
    <span class="date">2006-04-11 22:05</span>
  </dt>
  <dd>
    <p class="comment">
bug 31: centralize how we execute other processes.<br/>
bug 18: helping persistence of binary status by bubbling up BinaryDiffException
    </p>
    <p class="commitdetails"><strong>394</strong> lines of code changed in:</p>
    <ul class="commitdetails">
      <li>
        <strong>src/net/sf/statcvs/input</strong>:
        <a href="http://svn.sourceforge.net/viewvc/statsvn/trunk/statsvn/src/net/sf/statcvs/input/RepositoryFileManager.java?rev=90&amp;content-type=text/vnd.viewcvs-markup" class="webrepository">RepositoryFileManager.java</a>&#160;<span class="change">(+236&#160;-214)</span>,
        <a href="http://svn.sourceforge.net/viewvc/statsvn/trunk/statsvn/src/net/sf/statcvs/input/SvnLogfileParser.java?rev=90&amp;content-type=text/vnd.viewcvs-markup" class="webrepository">SvnLogfileParser.java</a>&#160;<span class="change">(+16&#160;-9)</span>
      </li>
      <li>
        <strong>src/net/sf/statcvs/util</strong>:
        <a href="http://svn.sourceforge.net/viewvc/statsvn/trunk/statsvn/src/net/sf/statcvs/util/BinaryDiffException.java?rev=90&amp;content-type=text/vnd.viewcvs-markup" class="webrepository">BinaryDiffException.java</a>&#160;<span class="new">(new)</span>,
        <a href="http://svn.sourceforge.net/viewvc/statsvn/trunk/statsvn/src/net/sf/statcvs/util/ProcessUtils.java?rev=90&amp;content-type=text/vnd.viewcvs-markup" class="webrepository">ProcessUtils.java</a>&#160;<span class="new">(new&#160;10)</span>,
        <a href="http://svn.sourceforge.net/viewvc/statsvn/trunk/statsvn/src/net/sf/statcvs/util/SvnDiffUtils.java?rev=90&amp;content-type=text/vnd.viewcvs-markup" class="webrepository">SvnDiffUtils.java</a>&#160;<span class="change">(+107&#160;-93)</span>,
        <a href="http://svn.sourceforge.net/viewvc/statsvn/trunk/statsvn/src/net/sf/statcvs/util/SvnInfoUtils.java?rev=90&amp;content-type=text/vnd.viewcvs-markup" class="webrepository">SvnInfoUtils.java</a>&#160;<span class="change">(+7&#160;-7)</span>,
        <a href="http://svn.sourceforge.net/viewvc/statsvn/trunk/statsvn/src/net/sf/statcvs/util/SvnPropgetUtils.java?rev=90&amp;content-type=text/vnd.viewcvs-markup" class="webrepository">SvnPropgetUtils.java</a>&#160;<span class="change">(+9&#160;-8)</span>,
        <a href="http://svn.sourceforge.net/viewvc/statsvn/trunk/statsvn/src/net/sf/statcvs/util/SvnStartupUtils.java?rev=90&amp;content-type=text/vnd.viewcvs-markup" class="webrepository">SvnStartupUtils.java</a>&#160;<span class="change">(+9)</span>
      </li>
    </ul>
  </dd>

  <dt>
    <a href="user_jkealey.html" class="author">jkealey</a>
    <span class="date">2006-04-10 17:07</span>
  </dt>
  <dd>
    <p class="comment">
removed useless import
    </p>
    <p class="commitdetails"><strong>0</strong> lines of code changed in:</p>
    <ul class="commitdetails">
      <li>
        <strong>src/net/sf/statcvs/output</strong>:
        <a href="http://svn.sourceforge.net/viewvc/statsvn/trunk/statsvn/src/net/sf/statcvs/output/CommandLineParser.java?rev=88&amp;content-type=text/vnd.viewcvs-markup" class="webrepository">CommandLineParser.java</a>&#160;<span class="change">(-2)</span>
      </li>
    </ul>
  </dd>

</dl>

<p>(46 more)</p>
</subsection><div id="generatedby"><p>Generated by <a href="http://www.statsvn.org">StatSVN</a> v0.1.4</p>
</div>
</section></body>
</document>