<?xml version="1.0" encoding="UTF-8"?>

<project name="StatSvn">
   <title>QALab - Statistics for your Build</title>
   <body>
      <links>
         <item name="Project Page on SF.net"
            href="http://sourceforge.net/projects/statsvn" />
      </links>
      <menu name="StatSvn">
         <item name="Overview" href="index.html" />
         <item name="Stat SVN" class="newWindow" target="_new" href="statsvn/index.html" />
      </menu>
      
      <sitemap/>
      <search/>
      <footer>
      <script src="http://www.google-analytics.com/urchin.js" type="text/javascript">
      </script>
      <script type="text/javascript">
      _uacct = "UA-615747-9";
      urchinTracker();
	</script>
     </footer>
   </body>
</project>